cluster_id,cluster_label,keyword,search_volume,keyword_difficulty,intent,cluster_total_volume,cluster_avg_difficulty,cluster_size,quality_score
6,Fireplace Btu,gas fireplace btus,0,0,informational,0,0.0,54,52.71
6,Fireplace Btu,average btu for gas fireplace,0,0,informational,0,0.0,54,52.71
6,Fireplace Btu,average btu gas fireplace,0,0,informational,0,0.0,54,52.71
6,Fireplace Btu,average fireplace btu,0,0,informational,0,0.0,54,52.71
6,Fireplace Btu,average gas fireplace btu,0,0,informational,0,0.0,54,52.71
6,Fireplace Btu,btu fireplace,0,0,informational,0,0.0,54,52.71
6,Fireplace Btu,btu for fireplace,0,0,informational,0,0.0,54,52.71
6,Fireplace Btu,btu for gas fireplace,0,0,informational,0,0.0,54,52.71
6,Fireplace Btu,btu gas fireplace,0,0,informational,0,0.0,54,52.71
6,Fireplace Btu,btu meaning,0,0,informational,0,0.0,54,52.71
6,Fireplace Btu,btu meaning gas,0,0,informational,0,0.0,54,52.71
6,Fireplace Btu,btu of gas fireplace,0,0,informational,0,0.0,54,52.71
6,Fireplace Btu,btus,0,0,informational,0,0.0,54,52.71
6,Fireplace Btu,btus definition,0,0,informational,0,0.0,54,52.71
6,Fireplace Btu,btus meaning,0,0,informational,0,0.0,54,52.71
6,Fireplace Btu,define btus,0,0,informational,0,0.0,54,52.71
6,Fireplace Btu,fire place btu,0,0,informational,0,0.0,54,52.71
6,Fireplace Btu,fireplace btu,0,0,informational,0,0.0,54,52.71
6,Fireplace Btu,fireplace btu calculator,0,0,informational,0,0.0,54,52.71
6,Fireplace Btu,fireplace btu load,0,0,informational,0,0.0,54,52.71
6,Fireplace Btu,fireplace btu output,0,0,informational,0,0.0,54,52.71
6,Fireplace Btu,fireplace btu rating,0,0,informational,0,0.0,54,52.71
6,Fireplace Btu,fireplace btus,0,0,informational,0,0.0,54,52.71
6,Fireplace Btu,gas fire place btu,0,0,informational,0,0.0,54,52.71
6,Fireplace Btu,gas fireplace btu,0,0,informational,0,0.0,54,52.71
6,Fireplace Btu,gas fireplace btu calculator,0,0,informational,0,0.0,54,52.71
6,Fireplace Btu,gas fireplace btu output,0,0,informational,0,0.0,54,52.71
6,Fireplace Btu,gas fireplace btu rating,0,0,informational,0,0.0,54,52.71
6,Fireplace Btu,gas log btu rating,0,0,informational,0,0.0,54,52.71
6,Fireplace Btu,how do i choose the right size natural gas fireplace for my room?,0,0,informational,0,0.0,54,52.71
6,Fireplace Btu,how many btu are gas logs,0,0,informational,0,0.0,54,52.71
6,Fireplace Btu,how many btu does a fireplace put out,0,0,informational,0,0.0,54,52.71
6,Fireplace Btu,how many btu does a gas fireplace use,0,0,informational,0,0.0,54,52.71
6,Fireplace Btu,how many btu fireplace do i need,0,0,informational,0,0.0,54,52.71
6,Fireplace Btu,how many btu for gas fireplace,0,0,informational,0,0.0,54,52.71
6,Fireplace Btu,how many btu gas fireplace do i need,0,0,informational,0,0.0,54,52.71
6,Fireplace Btu,how many btu is a fireplace,0,0,informational,0,0.0,54,52.71
6,Fireplace Btu,how many btu is a gas fireplace,0,0,informational,0,0.0,54,52.71
6,Fireplace Btu,how many btus does a fireplace put out,0,0,informational,0,0.0,54,52.71
6,Fireplace Btu,how many btus does a fireplace use,0,0,informational,0,0.0,54,52.71
6,Fireplace Btu,how many btus does a gas fireplace put out,0,0,informational,0,0.0,54,52.71
6,Fireplace Btu,how many btus does a gas fireplace use,0,0,informational,0,0.0,54,52.71
6,Fireplace Btu,how many btus does a gas range need,0,0,informational,0,0.0,54,52.71
6,Fireplace Btu,how many btus for gas fireplace,0,0,informational,0,0.0,54,52.71
6,Fireplace Btu,how many btus in a therm of natural gas,0,0,informational,0,0.0,54,52.71
6,Fireplace Btu,how many btus is a fireplace,0,0,informational,0,0.0,54,52.71
6,Fireplace Btu,how many btus is a gas fireplace,0,0,informational,0,0.0,54,52.71
6,Fireplace Btu,how many btus is a gas range,0,0,informational,0,0.0,54,52.71
6,Fireplace Btu,how much heat does a wood stove produce,0,0,informational,0,0.0,54,52.71
6,Fireplace Btu,natural gas btus,0,0,informational,0,0.0,54,52.71
6,Fireplace Btu,natural gas fireplace btu,0,0,informational,0,0.0,54,52.71
6,Fireplace Btu,typical gas fireplace btu,0,0,informational,0,0.0,54,52.71
6,Fireplace Btu,what does btu mean for grills,0,0,informational,0,0.0,54,52.71
6,Fireplace Btu,what is btu gas,0,0,informational,0,0.0,54,52.71
7,Blower Fireplace,air blower for fireplace,0,0,informational,0,0.0,52,51.96
7,Blower Fireplace,antique fire blower,0,0,informational,0,0.0,52,51.96
7,Blower Fireplace,antique fireplace blower,0,0,informational,0,0.0,52,51.96
7,Blower Fireplace,blower fan,0,0,informational,0,0.0,52,51.96
7,Blower Fireplace,blower fireplace,0,0,informational,0,0.0,52,51.96
7,Blower Fireplace,blower for open fireplace,0,0,informational,0,0.0,52,51.96
7,Blower Fireplace,blower for outdoor fireplace,0,0,informational,0,0.0,52,51.96
7,Blower Fireplace,blower motor for wood burning stove,0,0,informational,0,0.0,52,51.96
7,Blower Fireplace,blower/fan,0,0,informational,0,0.0,52,51.96
7,Blower Fireplace,blowers how to,0,0,informational,0,0.0,52,51.96
7,Blower Fireplace,charcoal blower,0,0,informational,0,0.0,52,51.96
7,Blower Fireplace,convection blower,0,0,informational,0,0.0,52,51.96
7,Blower Fireplace,do fireplace blowers really work,0,0,informational,0,0.0,52,51.96
7,Blower Fireplace,electric fan fire,0,0,informational,0,0.0,52,51.96
7,Blower Fireplace,fire air blower,0,0,informational,0,0.0,52,51.96
7,Blower Fireplace,fire blower,0,0,informational,0,0.0,52,51.96
7,Blower Fireplace,fire blower fan,0,0,informational,0,0.0,52,51.96
7,Blower Fireplace,fire blower thing,0,0,informational,0,0.0,52,51.96
7,Blower Fireplace,firebox blower,0,0,informational,0,0.0,52,51.96
7,Blower Fireplace,fireplace accordion blower,0,0,informational,0,0.0,52,51.96
7,Blower Fireplace,fireplace air blower,0,0,informational,0,0.0,52,51.96
7,Blower Fireplace,fireplace air blower name,0,0,informational,0,0.0,52,51.96
7,Blower Fireplace,fireplace blower thing,0,0,informational,0,0.0,52,51.96
7,Blower Fireplace,fireplace blower tubes,0,0,informational,0,0.0,52,51.96
7,Blower Fireplace,fireplace pipe blower,0,0,informational,0,0.0,52,51.96
7,Blower Fireplace,fireplace tool that blows air,0,0,informational,0,0.0,52,51.96
7,Blower Fireplace,fireplace tube blower,0,0,informational,0,0.0,52,51.96
7,Blower Fireplace,fireplace.blower,0,0,informational,0,0.0,52,51.96
7,Blower Fireplace,fireplaceblower,0,0,informational,0,0.0,52,51.96
7,Blower Fireplace,firplace blower,0,0,informational,0,0.0,52,51.96
7,Blower Fireplace,flame blower,0,0,informational,0,0.0,52,51.96
7,Blower Fireplace,foreplace blower,0,0,informational,0,0.0,52,51.96
7,Blower Fireplace,how does a wood stove blower work,0,0,informational,0,0.0,52,51.96
7,Blower Fireplace,indoor fan blower,0,0,informational,0,0.0,52,51.96
7,Blower Fireplace,manual air blower for fireplace,0,0,informational,0,0.0,52,51.96
7,Blower Fireplace,old fire blower,0,0,informational,0,0.0,52,51.96
7,Blower Fireplace,old fireplace blower,0,0,informational,0,0.0,52,51.96
7,Blower Fireplace,open fire fan blower,0,0,informational,0,0.0,52,51.96
7,Blower Fireplace,propane fire blower,0,0,informational,0,0.0,52,51.96
7,Blower Fireplace,tool to blow air on fire,0,0,informational,0,0.0,52,51.96
7,Blower Fireplace,tube fireplace blower,0,0,informational,0,0.0,52,51.96
7,Blower Fireplace,universal fireplace blower,0,0,informational,0,0.0,52,51.96
7,Blower Fireplace,what does a blower do for a wood stove,0,0,informational,0,0.0,52,51.96
7,Blower Fireplace,what does a blower do on a wood stove,0,0,informational,0,0.0,52,51.96
7,Blower Fireplace,what does a fireplace blower do,0,0,informational,0,0.0,52,51.96
7,Blower Fireplace,what does fireplace blower do,0,0,informational,0,0.0,52,51.96
7,Blower Fireplace,what is a fire blower,0,0,informational,0,0.0,52,51.96
7,Blower Fireplace,what is a fire blower called,0,0,informational,0,0.0,52,51.96
7,Blower Fireplace,what is a fireplace blower,0,0,informational,0,0.0,52,51.96
7,Blower Fireplace,what is a fireplace blower called,0,0,informational,0,0.0,52,51.96
7,Blower Fireplace,when will my blower come and what should i say next?,0,0,informational,0,0.0,52,51.96
7,Blower Fireplace,wood burning stove with blower,0,0,informational,0,0.0,52,51.96
9,Gas Thermostat,gas fireplace thermostat,0,0,informational,0,0.0,74,53.11
9,Gas Thermostat,add thermostat to gas fireplace,0,0,informational,0,0.0,74,53.11
9,Gas Thermostat,adding a thermostat to a gas fireplace,0,0,informational,0,0.0,74,53.11
9,Gas Thermostat,best thermostat for gas fireplace,0,0,informational,0,0.0,74,53.11
9,Gas Thermostat,can you put a thermostat on a gas fireplace,0,0,informational,0,0.0,74,53.11
9,Gas Thermostat,damper knob,0,0,informational,0,0.0,74,53.11
9,Gas Thermostat,digital thermostat for gas fireplace,0,0,informational,0,0.0,74,53.11
9,Gas Thermostat,do gas fireplaces have a thermostat,0,0,informational,0,0.0,74,53.11
9,Gas Thermostat,do gas fireplaces have thermostats,0,0,informational,0,0.0,74,53.11
9,Gas Thermostat,fireplace insert thermostat,0,0,informational,0,0.0,74,53.11
9,Gas Thermostat,fireplace thermostat,0,0,informational,0,0.0,74,53.11
9,Gas Thermostat,fireplace thermostats,0,0,informational,0,0.0,74,53.11
9,Gas Thermostat,fireplace with thermostat,0,0,informational,0,0.0,74,53.11
9,Gas Thermostat,gas fire thermostat,0,0,informational,0,0.0,74,53.11
9,Gas Thermostat,gas fireplace blower control,0,0,informational,0,0.0,74,53.11
9,Gas Thermostat,gas fireplace connected to thermostat,0,0,informational,0,0.0,74,53.11
9,Gas Thermostat,gas fireplace insert thermostat,0,0,informational,0,0.0,74,53.11
9,Gas Thermostat,gas fireplace insert with thermostat,0,0,informational,0,0.0,74,53.11
9,Gas Thermostat,gas fireplace on thermostat,0,0,informational,0,0.0,74,53.11
9,Gas Thermostat,gas fireplace programmable thermostat,0,0,informational,0,0.0,74,53.11
9,Gas Thermostat,gas fireplace temperature,0,0,informational,0,0.0,74,53.11
9,Gas Thermostat,gas fireplace temperature control,0,0,informational,0,0.0,74,53.11
9,Gas Thermostat,gas fireplace thermostat control,0,0,informational,0,0.0,74,53.11
9,Gas Thermostat,gas fireplace thermostat installation,0,0,informational,0,0.0,74,53.11
9,Gas Thermostat,gas fireplace thermostats,0,0,informational,0,0.0,74,53.11
9,Gas Thermostat,gas fireplace wall thermostat,0,0,informational,0,0.0,74,53.11
9,Gas Thermostat,gas fireplace with temperature control,0,0,informational,0,0.0,74,53.11
9,Gas Thermostat,gas fireplace with thermostat,0,0,informational,0,0.0,74,53.11
9,Gas Thermostat,gas fireplace with thermostat control,0,0,informational,0,0.0,74,53.11
9,Gas Thermostat,gas log fireplace thermostat,0,0,informational,0,0.0,74,53.11
9,Gas Thermostat,gas log thermostat,0,0,informational,0,0.0,74,53.11
9,Gas Thermostat,gas logs thermostat,0,0,informational,0,0.0,74,53.11
9,Gas Thermostat,gas logs with remote and thermostat,0,0,informational,0,0.0,74,53.11
9,Gas Thermostat,gas logs with thermostat,0,0,informational,0,0.0,74,53.11
9,Gas Thermostat,heat control thermostat,0,0,informational,0,0.0,74,53.11
9,Gas Thermostat,how does a gas fireplace thermostat work,0,0,informational,0,0.0,74,53.11
9,Gas Thermostat,how to turn on gas wall heater,0,0,informational,0,0.0,74,53.11
9,Gas Thermostat,how to wire a thermostat to a gas fireplace,0,0,informational,0,0.0,74,53.11
9,Gas Thermostat,indoor gas heater with thermostat,0,0,informational,0,0.0,74,53.11
9,Gas Thermostat,key to turn on gas fireplace,0,0,informational,0,0.0,74,53.11
9,Gas Thermostat,low voltage thermostat for gas fireplace,0,0,informational,0,0.0,74,53.11
9,Gas Thermostat,natural gas fireplace with thermostat,0,0,informational,0,0.0,74,53.11
9,Gas Thermostat,natural gas heater with thermostat,0,0,informational,0,0.0,74,53.11
9,Gas Thermostat,programmable thermostat for gas fireplace,0,0,informational,0,0.0,74,53.11
9,Gas Thermostat,propane fireplace thermostat,0,0,informational,0,0.0,74,53.11
9,Gas Thermostat,propane stove thermostat,0,0,informational,0,0.0,74,53.11
9,Gas Thermostat,smart thermostat gas fireplace,0,0,informational,0,0.0,74,53.11
9,Gas Thermostat,thermostat,0,0,informational,0,0.0,74,53.11
9,Gas Thermostat,thermostat control for gas fireplace,0,0,informational,0,0.0,74,53.11
9,Gas Thermostat,thermostat controlled fireplace,0,0,informational,0,0.0,74,53.11
9,Gas Thermostat,thermostat controlled gas fireplace,0,0,informational,0,0.0,74,53.11
9,Gas Thermostat,thermostat controlled gas logs,0,0,informational,0,0.0,74,53.11
9,Gas Thermostat,thermostat fireplace,0,0,informational,0,0.0,74,53.11
9,Gas Thermostat,thermostat for a gas fireplace,0,0,informational,0,0.0,74,53.11
9,Gas Thermostat,thermostat for fireplace,0,0,informational,0,0.0,74,53.11
9,Gas Thermostat,thermostat for fireplace insert,0,0,informational,0,0.0,74,53.11
9,Gas Thermostat,thermostat for gas,0,0,informational,0,0.0,74,53.11
9,Gas Thermostat,thermostat for gas fireplace,0,0,informational,0,0.0,74,53.11
9,Gas Thermostat,thermostat for gas fireplace insert,0,0,informational,0,0.0,74,53.11
9,Gas Thermostat,thermostat for gas log fireplace,0,0,informational,0,0.0,74,53.11
9,Gas Thermostat,thermostat for gas logs,0,0,informational,0,0.0,74,53.11
9,Gas Thermostat,thermostat for propane fireplace,0,0,informational,0,0.0,74,53.11
9,Gas Thermostat,thermostat for propane stove,0,0,informational,0,0.0,74,53.11
9,Gas Thermostat,thermostat for smoker,0,0,informational,0,0.0,74,53.11
9,Gas Thermostat,thermostat for wood stove,0,0,informational,0,0.0,74,53.11
9,Gas Thermostat,thermostat function,0,0,informational,0,0.0,74,53.11
9,Gas Thermostat,thermostat gas fireplace,0,0,informational,0,0.0,74,53.11
9,Gas Thermostat,thermostat gas logs,0,0,informational,0,0.0,74,53.11
9,Gas Thermostat,thermostat in same room as fireplace,0,0,informational,0,0.0,74,53.11
9,Gas Thermostat,thermostat on gas fireplace,0,0,informational,0,0.0,74,53.11
9,Gas Thermostat,thermostats for gas fireplaces,0,0,informational,0,0.0,74,53.11
9,Gas Thermostat,turning up water heater,0,0,informational,0,0.0,74,53.11
9,Gas Thermostat,wall mounted thermostat for gas fireplace,0,0,informational,0,0.0,74,53.11
9,Gas Thermostat,wall thermostat for gas fireplace,0,0,informational,0,0.0,74,53.11
10,Fireplace Brick,best cleaner for fireplace brick,0,0,informational,0,0.0,159,48.75
10,Fireplace Brick,best fireplace brick cleaner,0,0,informational,0,0.0,159,48.75
10,Fireplace Brick,best way to clean a brick fireplace,0,0,informational,0,0.0,159,48.75
10,Fireplace Brick,best way to clean brick fireplace,0,0,informational,0,0.0,159,48.75
10,Fireplace Brick,best way to clean bricks on a fireplace,0,0,informational,0,0.0,159,48.75
10,Fireplace Brick,best way to clean fireplace brick,0,0,informational,0,0.0,159,48.75
10,Fireplace Brick,brick cleaner fireplace,0,0,informational,0,0.0,159,48.75
10,Fireplace Brick,brick cleaner for fireplace,0,0,informational,0,0.0,159,48.75
10,Fireplace Brick,brick fireplace cleaner,0,0,informational,0,0.0,159,48.75
10,Fireplace Brick,brick fireplace cleaning,0,0,informational,0,0.0,159,48.75
10,Fireplace Brick,clean a brick fireplace,0,0,informational,0,0.0,159,48.75
10,Fireplace Brick,clean brick fireplace,0,0,informational,0,0.0,159,48.75
10,Fireplace Brick,clean brick on fireplace,0,0,informational,0,0.0,159,48.75
10,Fireplace Brick,clean bricks around fireplace,0,0,informational,0,0.0,159,48.75
10,Fireplace Brick,clean bricks in fireplace,0,0,informational,0,0.0,159,48.75
10,Fireplace Brick,clean bricks on fireplace,0,0,informational,0,0.0,159,48.75
10,Fireplace Brick,clean fireplace brick,0,0,informational,0,0.0,159,48.75
10,Fireplace Brick,clean fireplace brick with dawn,0,0,informational,0,0.0,159,48.75
10,Fireplace Brick,clean fireplace bricks,0,0,informational,0,0.0,159,48.75
10,Fireplace Brick,clean inside fireplace,0,0,informational,0,0.0,159,48.75
10,Fireplace Brick,clean soot from brick fireplace,0,0,informational,0,0.0,159,48.75
10,Fireplace Brick,clean soot from bricks,0,0,informational,0,0.0,159,48.75
10,Fireplace Brick,clean soot from fireplace brick,0,0,informational,0,0.0,159,48.75
10,Fireplace Brick,clean soot off brick fireplace,0,0,informational,0,0.0,159,48.75
10,Fireplace Brick,cleaner for brick fireplace,0,0,informational,0,0.0,159,48.75
10,Fireplace Brick,cleaner for fireplace brick,0,0,informational,0,0.0,159,48.75
10,Fireplace Brick,cleaning a brick fireplace,0,0,informational,0,0.0,159,48.75
10,Fireplace Brick,cleaning a fireplace brick,0,0,informational,0,0.0,159,48.75
10,Fireplace Brick,cleaning brick fireplace,0,0,informational,0,0.0,159,48.75
10,Fireplace Brick,cleaning brick fireplaces,0,0,informational,0,0.0,159,48.75
10,Fireplace Brick,cleaning brick hearth,0,0,informational,0,0.0,159,48.75
10,Fireplace Brick,cleaning brick on fireplace,0,0,informational,0,0.0,159,48.75
10,Fireplace Brick,cleaning bricks around fireplace,0,0,informational,0,0.0,159,48.75
10,Fireplace Brick,cleaning bricks in fireplace,0,0,informational,0,0.0,159,48.75
10,Fireplace Brick,cleaning bricks on fireplace,0,0,informational,0,0.0,159,48.75
10,Fireplace Brick,cleaning brickwork fireplace,0,0,informational,0,0.0,159,48.75
10,Fireplace Brick,cleaning chimney bricks,0,0,informational,0,0.0,159,48.75
10,Fireplace Brick,cleaning fire brick,0,0,informational,0,0.0,159,48.75
10,Fireplace Brick,cleaning fireplace brick,0,0,informational,0,0.0,159,48.75
10,Fireplace Brick,cleaning fireplace bricks,0,0,informational,0,0.0,159,48.75
10,Fireplace Brick,cleaning fireplace glass with wd40,0,0,informational,0,0.0,159,48.75
10,Fireplace Brick,cleaning fireplace soot from brick or stone,0,0,informational,0,0.0,159,48.75
10,Fireplace Brick,cleaning red brick fireplace,0,0,informational,0,0.0,159,48.75
10,Fireplace Brick,cleaning soot from brick fireplace,0,0,informational,0,0.0,159,48.75
10,Fireplace Brick,cleaning soot from fireplace brick,0,0,informational,0,0.0,159,48.75
10,Fireplace Brick,cleaning soot off brick fireplace,0,0,informational,0,0.0,159,48.75
10,Fireplace Brick,fire place bricks,0,0,informational,0,0.0,159,48.75
10,Fireplace Brick,fireplace brick cleaner,0,0,informational,0,0.0,159,48.75
10,Fireplace Brick,fireplace brick cleaning,0,0,informational,0,0.0,159,48.75
10,Fireplace Brick,fireplace brick cleaning services,0,0,informational,0,0.0,159,48.75
10,Fireplace Brick,how clean brick fireplace,0,0,informational,0,0.0,159,48.75
10,Fireplace Brick,how do i clean brick fireplace,0,0,informational,0,0.0,159,48.75
10,Fireplace Brick,how do i clean bricks on a fireplace,0,0,informational,0,0.0,159,48.75
10,Fireplace Brick,how do i clean fireplace brick,0,0,informational,0,0.0,159,48.75
10,Fireplace Brick,how do i clean soot off brick fireplace,0,0,informational,0,0.0,159,48.75
10,Fireplace Brick,how do you clean a brick fireplace,0,0,informational,0,0.0,159,48.75
10,Fireplace Brick,how do you clean brick around a fireplace,0,0,informational,0,0.0,159,48.75
10,Fireplace Brick,how do you clean brick fireplace,0,0,informational,0,0.0,159,48.75
10,Fireplace Brick,how do you clean brick on a fireplace,0,0,informational,0,0.0,159,48.75
10,Fireplace Brick,how do you clean bricks on a fireplace,0,0,informational,0,0.0,159,48.75
10,Fireplace Brick,how do you clean fireplace brick,0,0,informational,0,0.0,159,48.75
10,Fireplace Brick,how do you clean fireplace bricks,0,0,informational,0,0.0,159,48.75
10,Fireplace Brick,how do you clean soot from fireplace bricks,0,0,informational,0,0.0,159,48.75
10,Fireplace Brick,how to clean a brick fireplace,0,0,informational,0,0.0,159,48.75
10,Fireplace Brick,how to clean a brick fireplace exterior,0,0,informational,0,0.0,159,48.75
10,Fireplace Brick,how to clean a brick fireplace hearth,0,0,informational,0,0.0,159,48.75
10,Fireplace Brick,how to clean a brick hearth,0,0,informational,0,0.0,159,48.75
10,Fireplace Brick,how to clean a fireplace brick,0,0,informational,0,0.0,159,48.75
10,Fireplace Brick,how to clean a gas fireplace glass on the inside,0,0,informational,0,0.0,159,48.75
10,Fireplace Brick,how to clean a red brick fireplace,0,0,informational,0,0.0,159,48.75
10,Fireplace Brick,how to clean an old brick fireplace,0,0,informational,0,0.0,159,48.75
10,Fireplace Brick,how to clean and maintain a fireplace,0,0,informational,0,0.0,159,48.75
10,Fireplace Brick,how to clean ash off brick fireplace,0,0,informational,0,0.0,159,48.75
10,Fireplace Brick,how to clean black soot off fireplace bricks,0,0,informational,0,0.0,159,48.75
10,Fireplace Brick,how to clean brick around fireplace,0,0,informational,0,0.0,159,48.75
10,Fireplace Brick,how to clean brick chimney inside,0,0,informational,0,0.0,159,48.75
10,Fireplace Brick,how to clean brick fireplace,0,0,informational,0,0.0,159,48.75
10,Fireplace Brick,how to clean brick fireplace exterior,0,0,informational,0,0.0,159,48.75
10,Fireplace Brick,how to clean brick fireplace hearth,0,0,informational,0,0.0,159,48.75
10,Fireplace Brick,how to clean brick fireplace indoors,0,0,informational,0,0.0,159,48.75
10,Fireplace Brick,how to clean brick fireplace inside house,0,0,informational,0,0.0,159,48.75
10,Fireplace Brick,how to clean brick fireplace surround,0,0,informational,0,0.0,159,48.75
10,Fireplace Brick,how to clean brick hearth,0,0,informational,0,0.0,159,48.75
10,Fireplace Brick,how to clean brick hearth for fireplace,0,0,informational,0,0.0,159,48.75
10,Fireplace Brick,how to clean brick in fireplace,0,0,informational,0,0.0,159,48.75
10,Fireplace Brick,how to clean brick inside fireplace,0,0,informational,0,0.0,159,48.75
10,Fireplace Brick,how to clean brick on a fireplace,0,0,informational,0,0.0,159,48.75
10,Fireplace Brick,how to clean brick on fireplace,0,0,informational,0,0.0,159,48.75
10,Fireplace Brick,how to clean bricks around fireplace,0,0,informational,0,0.0,159,48.75
10,Fireplace Brick,how to clean bricks in fireplace,0,0,informational,0,0.0,159,48.75
10,Fireplace Brick,how to clean bricks on a fireplace,0,0,informational,0,0.0,159,48.75
10,Fireplace Brick,how to clean bricks on fireplace,0,0,informational,0,0.0,159,48.75
10,Fireplace Brick,how to clean chimney brick,0,0,informational,0,0.0,159,48.75
10,Fireplace Brick,how to clean chimney bricks,0,0,informational,0,0.0,159,48.75
10,Fireplace Brick,how to clean creosote from brick,0,0,informational,0,0.0,159,48.75
10,Fireplace Brick,how to clean creosote from fireplace brick,0,0,informational,0,0.0,159,48.75
10,Fireplace Brick,how to clean dust off brick fireplace,0,0,informational,0,0.0,159,48.75
10,Fireplace Brick,how to clean electric fireplace tv stand,0,0,informational,0,0.0,159,48.75
10,Fireplace Brick,how to clean fire brick,0,0,informational,0,0.0,159,48.75
10,Fireplace Brick,how to clean fire brick inside fireplace,0,0,informational,0,0.0,159,48.75
10,Fireplace Brick,how to clean fire bricks,0,0,informational,0,0.0,159,48.75
10,Fireplace Brick,how to clean fire place brick,0,0,informational,0,0.0,159,48.75
10,Fireplace Brick,how to clean fireplace brick,0,0,informational,0,0.0,159,48.75
10,Fireplace Brick,how to clean fireplace brick and mortar,0,0,informational,0,0.0,159,48.75
10,Fireplace Brick,how to clean fireplace brick hearth,0,0,informational,0,0.0,159,48.75
10,Fireplace Brick,how to clean fireplace brick soot,0,0,informational,0,0.0,159,48.75
10,Fireplace Brick,how to clean fireplace brick with vinegar,0,0,informational,0,0.0,159,48.75
10,Fireplace Brick,how to clean fireplace bricks,0,0,informational,0,0.0,159,48.75
10,Fireplace Brick,how to clean fireplace bricks with vinegar,0,0,informational,0,0.0,159,48.75
10,Fireplace Brick,how to clean fireplace bricks without harsh chemicals,0,0,informational,0,0.0,159,48.75
10,Fireplace Brick,how to clean fireplaces,0,0,informational,0,0.0,159,48.75
10,Fireplace Brick,how to clean gas fire coals,0,0,informational,0,0.0,159,48.75
10,Fireplace Brick,how to clean gas fireplace rocks,0,0,informational,0,0.0,159,48.75
10,Fireplace Brick,how to clean hearth bricks,0,0,informational,0,0.0,159,48.75
10,Fireplace Brick,how to clean indoor brick fireplace,0,0,informational,0,0.0,159,48.75
10,Fireplace Brick,how to clean indoor fireplace brick,0,0,informational,0,0.0,159,48.75
10,Fireplace Brick,how to clean inside brick fireplace,0,0,informational,0,0.0,159,48.75
10,Fireplace Brick,how to clean inside fireplace brick,0,0,informational,0,0.0,159,48.75
10,Fireplace Brick,how to clean inside of fireplace,0,0,informational,0,0.0,159,48.75
10,Fireplace Brick,how to clean inside of fireplace brick,0,0,informational,0,0.0,159,48.75
10,Fireplace Brick,how to clean interior brick fireplace,0,0,informational,0,0.0,159,48.75
10,Fireplace Brick,how to clean old brick fireplace,0,0,informational,0,0.0,159,48.75
10,Fireplace Brick,how to clean painted brick fireplace,0,0,informational,0,0.0,159,48.75
10,Fireplace Brick,how to clean red brick fireplace,0,0,informational,0,0.0,159,48.75
10,Fireplace Brick,how to clean red bricks on a fireplace,0,0,informational,0,0.0,159,48.75
10,Fireplace Brick,how to clean smoke from fireplace bricks,0,0,informational,0,0.0,159,48.75
10,Fireplace Brick,how to clean soot from brick fireplace,0,0,informational,0,0.0,159,48.75
10,Fireplace Brick,how to clean soot from fireplace brick,0,0,informational,0,0.0,159,48.75
10,Fireplace Brick,how to clean soot from fireplace bricks,0,0,informational,0,0.0,159,48.75
10,Fireplace Brick,how to clean soot off a brick fireplace,0,0,informational,0,0.0,159,48.75
10,Fireplace Brick,how to clean soot off brick fireplace,0,0,informational,0,0.0,159,48.75
10,Fireplace Brick,how to clean soot off bricks in fireplace,0,0,informational,0,0.0,159,48.75
10,Fireplace Brick,how to clean soot off fireplace brick,0,0,informational,0,0.0,159,48.75
10,Fireplace Brick,how to clean sooty fireplace bricks,0,0,informational,0,0.0,159,48.75
10,Fireplace Brick,how to clean the brick inside a fireplace,0,0,informational,0,0.0,159,48.75
10,Fireplace Brick,how to clean the bricks on a fireplace,0,0,informational,0,0.0,159,48.75
10,Fireplace Brick,how to clean the fireplace brick,0,0,informational,0,0.0,159,48.75
10,Fireplace Brick,how to clean the fireplace bricks,0,0,informational,0,0.0,159,48.75
10,Fireplace Brick,how to clean the inside of a brick fireplace,0,0,informational,0,0.0,159,48.75
10,Fireplace Brick,how to clean up a brick fireplace,0,0,informational,0,0.0,159,48.75
10,Fireplace Brick,how to clean up bricks in fireplace,0,0,informational,0,0.0,159,48.75
10,Fireplace Brick,how to clean white brick fireplace,0,0,informational,0,0.0,159,48.75
10,Fireplace Brick,how to dust brick fireplace,0,0,informational,0,0.0,159,48.75
10,Fireplace Brick,how to get black soot off fireplace brick,0,0,informational,0,0.0,159,48.75
10,Fireplace Brick,how to get soot off of brick fireplace,0,0,informational,0,0.0,159,48.75
10,Fireplace Brick,how to remove soot from brick fireplace,0,0,informational,0,0.0,159,48.75
10,Fireplace Brick,how to remove soot from fireplace brick,0,0,informational,0,0.0,159,48.75
10,Fireplace Brick,how to wash a brick fireplace,0,0,informational,0,0.0,159,48.75
10,Fireplace Brick,how to wash brick fireplace,0,0,informational,0,0.0,159,48.75
10,Fireplace Brick,remove soot from brick fireplace,0,0,informational,0,0.0,159,48.75
10,Fireplace Brick,restore fireplace brick,0,0,informational,0,0.0,159,48.75
10,Fireplace Brick,restoring fireplace brickwork,0,0,informational,0,0.0,159,48.75
10,Fireplace Brick,soot on fireplace brick,0,0,informational,0,0.0,159,48.75
10,Fireplace Brick,soot remover for fireplace,0,0,informational,0,0.0,159,48.75
10,Fireplace Brick,what to clean brick fireplace with,0,0,informational,0,0.0,159,48.75
10,Fireplace Brick,what to clean fireplace brick with,0,0,informational,0,0.0,159,48.75
10,Fireplace Brick,what to use to clean brick fireplace,0,0,informational,0,0.0,159,48.75
10,Fireplace Brick,what to use to clean fireplace brick,0,0,informational,0,0.0,159,48.75
10,Fireplace Brick,what to use to clean soot off brick fireplace,0,0,informational,0,0.0,159,48.75
16,Logs Electric,american gas logs reviews,0,0,informational,0,0.0,61,52.15
16,Logs Electric,battery operated fireplace log,0,0,informational,0,0.0,61,52.15
16,Logs Electric,battery operated fireplace logs,0,0,informational,0,0.0,61,52.15
16,Logs Electric,black soot on gas logs,0,0,informational,0,0.0,61,52.15
16,Logs Electric,clean fireplace log,0,0,informational,0,0.0,61,52.15
16,Logs Electric,contemporary gas fireplace logs,0,0,informational,0,0.0,61,52.15
16,Logs Electric,cooking fire logs delivery near me,0,0,informational,0,0.0,61,52.15
16,Logs Electric,electric fire logs,0,0,informational,0,0.0,61,52.15
16,Logs Electric,electric firelogs,0,0,informational,0,0.0,61,52.15
16,Logs Electric,electric fireplace heater logs,0,0,informational,0,0.0,61,52.15
16,Logs Electric,electric fireplace insert logs,0,0,informational,0,0.0,61,52.15
16,Logs Electric,electric fireplace insert vs electric logs,0,0,informational,0,0.0,61,52.15
16,Logs Electric,electric fireplace logs,0,0,informational,0,0.0,61,52.15
16,Logs Electric,electric fireplace logs without heat,0,0,informational,0,0.0,61,52.15
16,Logs Electric,electric fireplace vs wood,0,0,informational,0,0.0,61,52.15
16,Logs Electric,electric fireplace vs wood fireplace,0,0,informational,0,0.0,61,52.15
16,Logs Electric,electric fireplace wood logs,0,0,informational,0,0.0,61,52.15
16,Logs Electric,electric fireplaces with logs,0,0,informational,0,0.0,61,52.15
16,Logs Electric,electric fires log effect,0,0,informational,0,0.0,61,52.15
16,Logs Electric,electric heat logs,0,0,informational,0,0.0,61,52.15
16,Logs Electric,electric heater fireplace logs,0,0,informational,0,0.0,61,52.15
16,Logs Electric,electric heater logs for fireplace,0,0,informational,0,0.0,61,52.15
16,Logs Electric,electric heating logs for fireplace,0,0,informational,0,0.0,61,52.15
16,Logs Electric,electric log,0,0,informational,0,0.0,61,52.15
16,Logs Electric,electric log for fireplace,0,0,informational,0,0.0,61,52.15
16,Logs Electric,electric log inserts,0,0,informational,0,0.0,61,52.15
16,Logs Electric,electric log sets for fireplaces,0,0,informational,0,0.0,61,52.15
16,Logs Electric,electric logs,0,0,informational,0,0.0,61,52.15
16,Logs Electric,electric logs fireplace,0,0,informational,0,0.0,61,52.15
16,Logs Electric,electric logs fireplace insert,0,0,informational,0,0.0,61,52.15
16,Logs Electric,electric logs for a fireplace,0,0,informational,0,0.0,61,52.15
16,Logs Electric,electric logs for fireplace,0,0,informational,0,0.0,61,52.15
16,Logs Electric,electric logs for fireplace insert,0,0,informational,0,0.0,61,52.15
16,Logs Electric,electric logs for fireplace with heat,0,0,informational,0,0.0,61,52.15
16,Logs Electric,electric logs for fireplaces,0,0,informational,0,0.0,61,52.15
16,Logs Electric,electric logs for the fireplace,0,0,informational,0,0.0,61,52.15
16,Logs Electric,electric logs no heat,0,0,informational,0,0.0,61,52.15
16,Logs Electric,electric logs to put in fireplace,0,0,informational,0,0.0,61,52.15
16,Logs Electric,electrical logs,0,0,informational,0,0.0,61,52.15
16,Logs Electric,eletric fireplace logs,0,0,informational,0,0.0,61,52.15
16,Logs Electric,fire logs electric,0,0,informational,0,0.0,61,52.15
16,Logs Electric,fire logs nearby,0,0,informational,0,0.0,61,52.15
16,Logs Electric,fireplace insert electric logs,0,0,informational,0,0.0,61,52.15
16,Logs Electric,fireplace log inserts electric,0,0,informational,0,0.0,61,52.15
16,Logs Electric,fireplace logs,0,0,informational,0,0.0,61,52.15
16,Logs Electric,fireplace logs gas,0,0,informational,0,0.0,61,52.15
16,Logs Electric,gas fire logs near me,0,0,informational,0,0.0,61,52.15
16,Logs Electric,gas fireplace logs with remote,0,0,informational,0,0.0,61,52.15
16,Logs Electric,gas logs,0,0,informational,0,0.0,61,52.15
16,Logs Electric,heating logs for fireplace,0,0,informational,0,0.0,61,52.15
16,Logs Electric,how do electric fireplace logs work,0,0,informational,0,0.0,61,52.15
16,Logs Electric,how to place logs in electric fireplace,0,0,informational,0,0.0,61,52.15
16,Logs Electric,installing electric logs in an existing fireplace opening,0,0,informational,0,0.0,61,52.15
16,Logs Electric,log electrical,0,0,informational,0,0.0,61,52.15
16,Logs Electric,logs for fire place,0,0,informational,0,0.0,61,52.15
16,Logs Electric,pellet stove fake logs,0,0,informational,0,0.0,61,52.15
16,Logs Electric,plug in fireplace logs,0,0,informational,0,0.0,61,52.15
16,Logs Electric,plug in logs for fireplace,0,0,informational,0,0.0,61,52.15
16,Logs Electric,realistic electric fireplace logs,0,0,informational,0,0.0,61,52.15
16,Logs Electric,realistic logs for electric fireplace,0,0,informational,0,0.0,61,52.15
16,Logs Electric,replacement logs for log home,0,0,informational,0,0.0,61,52.15
26,Fireplace Vented,are vented gas fireplaces efficient,0,0,commercial,0,0.0,50,53.77
26,Fireplace Vented,are vented gas fireplaces safe,0,0,commercial,0,0.0,50,53.77
26,Fireplace Vented,difference between vented and ventless fireplace,0,0,commercial,0,0.0,50,53.77
26,Fireplace Vented,difference between vented and ventless gas fireplace,0,0,commercial,0,0.0,50,53.77
26,Fireplace Vented,direct vent fireplace insert,0,0,commercial,0,0.0,50,53.77
26,Fireplace Vented,direct vent fireplace vs ventless,0,0,commercial,0,0.0,50,53.77
26,Fireplace Vented,direct vent gas fireplace vs ventless,0,0,commercial,0,0.0,50,53.77
26,Fireplace Vented,direct vent vs vent free,0,0,commercial,0,0.0,50,53.77
26,Fireplace Vented,direct vent vs vent free fireplace,0,0,commercial,0,0.0,50,53.77
26,Fireplace Vented,direct vent vs vent free gas fireplace,0,0,commercial,0,0.0,50,53.77
26,Fireplace Vented,direct vent vs vented gas fireplace,0,0,commercial,0,0.0,50,53.77
26,Fireplace Vented,direct vent vs ventless,0,0,commercial,0,0.0,50,53.77
26,Fireplace Vented,fireplace with vent,0,0,commercial,0,0.0,50,53.77
26,Fireplace Vented,gas fireplace direct vent vs ventless,0,0,commercial,0,0.0,50,53.77
26,Fireplace Vented,gas fireplace vented or ventless,0,0,commercial,0,0.0,50,53.77
26,Fireplace Vented,natural gas vented fireplace,0,0,commercial,0,0.0,50,53.77
26,Fireplace Vented,pleasant hearth vent free gas fireplace,0,0,commercial,0,0.0,50,53.77
26,Fireplace Vented,vent free gas fireplace vs vented,0,0,commercial,0,0.0,50,53.77
26,Fireplace Vented,vent free ventilation,0,0,commercial,0,0.0,50,53.77
26,Fireplace Vented,vent free vs direct vent,0,0,commercial,0,0.0,50,53.77
26,Fireplace Vented,vent free vs direct vent gas fireplace,0,0,commercial,0,0.0,50,53.77
26,Fireplace Vented,vent free vs vented fireplace,0,0,commercial,0,0.0,50,53.77
26,Fireplace Vented,vent free vs vented gas fireplace,0,0,commercial,0,0.0,50,53.77
26,Fireplace Vented,vent vs vent free gas fireplaces,0,0,commercial,0,0.0,50,53.77
26,Fireplace Vented,vent vs ventless gas fireplace,0,0,commercial,0,0.0,50,53.77
26,Fireplace Vented,vented fireplace vs ventless,0,0,commercial,0,0.0,50,53.77
26,Fireplace Vented,vented gas fireplace vs ventless,0,0,commercial,0,0.0,50,53.77
26,Fireplace Vented,vented or ventless fireplace,0,0,commercial,0,0.0,50,53.77
26,Fireplace Vented,vented or ventless gas fireplace,0,0,commercial,0,0.0,50,53.77
26,Fireplace Vented,vented versus unvented gas logs,0,0,commercial,0,0.0,50,53.77
26,Fireplace Vented,vented versus ventless gas fireplace,0,0,commercial,0,0.0,50,53.77
26,Fireplace Vented,vented vs direct vent fireplace,0,0,commercial,0,0.0,50,53.77
26,Fireplace Vented,vented vs non vented fireplace,0,0,commercial,0,0.0,50,53.77
26,Fireplace Vented,vented vs unvented fireplace,0,0,commercial,0,0.0,50,53.77
26,Fireplace Vented,vented vs unvented gas fireplaces,0,0,commercial,0,0.0,50,53.77
26,Fireplace Vented,vented vs vent free fireplace,0,0,commercial,0,0.0,50,53.77
26,Fireplace Vented,vented vs vent free gas fireplace,0,0,commercial,0,0.0,50,53.77
26,Fireplace Vented,vented vs vent free gas logs,0,0,commercial,0,0.0,50,53.77
26,Fireplace Vented,vented vs ventless fireplace,0,0,commercial,0,0.0,50,53.77
26,Fireplace Vented,vented vs ventless propane fireplace,0,0,commercial,0,0.0,50,53.77
26,Fireplace Vented,ventless fireplace vs vented,0,0,commercial,0,0.0,50,53.77
26,Fireplace Vented,ventless gas fireplace vs vented,0,0,commercial,0,0.0,50,53.77
26,Fireplace Vented,ventless versus vented gas fireplace,0,0,commercial,0,0.0,50,53.77
26,Fireplace Vented,ventless vs direct vent fireplace,0,0,commercial,0,0.0,50,53.77
26,Fireplace Vented,ventless vs direct vent gas fireplace,0,0,commercial,0,0.0,50,53.77
26,Fireplace Vented,ventless vs vented fireplace,0,0,commercial,0,0.0,50,53.77
26,Fireplace Vented,what are the differences between vented and ventless natural gas fireplaces?,0,0,commercial,0,0.0,50,53.77
26,Fireplace Vented,what is a direct vent fireplace,0,0,commercial,0,0.0,50,53.77
26,Fireplace Vented,what is a vented fireplace,0,0,commercial,0,0.0,50,53.77
26,Fireplace Vented,what is a vented gas fireplace,0,0,commercial,0,0.0,50,53.77
27,Utah Fireplace,"carved fireplace mantels salt lake city, utah",0,0,informational,0,0.0,62,50.55
27,Utah Fireplace,carved fireplace mantels utah,0,0,informational,0,0.0,62,50.55
27,Utah Fireplace,comfort home and hearth,0,0,informational,0,0.0,62,50.55
27,Utah Fireplace,croft fireplace bountiful,0,0,informational,0,0.0,62,50.55
27,Utah Fireplace,custom fire pits mapleton utah,0,0,informational,0,0.0,62,50.55
27,Utah Fireplace,custom fire pits mona utah,0,0,informational,0,0.0,62,50.55
27,Utah Fireplace,custom fire pits salem utah,0,0,informational,0,0.0,62,50.55
27,Utah Fireplace,custom fire pits salt lake city,0,0,informational,0,0.0,62,50.55
27,Utah Fireplace,custom mantel fabrication salt lake city ut,0,0,informational,0,0.0,62,50.55
27,Utah Fireplace,"custom wood fireplace mantels bluffdale, utah",0,0,informational,0,0.0,62,50.55
27,Utah Fireplace,"custom wood fireplace mantels jeremy ranch, utah",0,0,informational,0,0.0,62,50.55
27,Utah Fireplace,"custom wood fireplace mantels park city, utah",0,0,informational,0,0.0,62,50.55
27,Utah Fireplace,"custom wood fireplace mantels salt lake city, utah",0,0,informational,0,0.0,62,50.55
27,Utah Fireplace,"custom wood fireplace mantels salt lake county, utah",0,0,informational,0,0.0,62,50.55
27,Utah Fireplace,"custom wood fireplace mantels south salt lake, utah",0,0,informational,0,0.0,62,50.55
27,Utah Fireplace,"custom wood fireplace mantels summit county, utah",0,0,informational,0,0.0,62,50.55
27,Utah Fireplace,"custom wood fireplace mantels summit park, utah",0,0,informational,0,0.0,62,50.55
27,Utah Fireplace,custom wood fireplace mantels utah,0,0,informational,0,0.0,62,50.55
27,Utah Fireplace,cylinder stove utah,0,0,informational,0,0.0,62,50.55
27,Utah Fireplace,cylinder stoves in utah,0,0,informational,0,0.0,62,50.55
27,Utah Fireplace,fireplace design center utah,0,0,informational,0,0.0,62,50.55
27,Utah Fireplace,fireplace mantel sandy ut,0,0,informational,0,0.0,62,50.55
27,Utah Fireplace,fireplace mantels ogden,0,0,informational,0,0.0,62,50.55
27,Utah Fireplace,fireplace mantels salt lake city,0,0,informational,0,0.0,62,50.55
27,Utah Fireplace,fireplace mantels utah,0,0,informational,0,0.0,62,50.55
27,Utah Fireplace,fireplace quote utah,0,0,informational,0,0.0,62,50.55
27,Utah Fireplace,fireplace springville ut,0,0,informational,0,0.0,62,50.55
27,Utah Fireplace,fireplace store wasatch county,0,0,informational,0,0.0,62,50.55
27,Utah Fireplace,fireplace store weber county,0,0,informational,0,0.0,62,50.55
27,Utah Fireplace,firewood park city utah,0,0,informational,0,0.0,62,50.55
27,Utah Fireplace,gas inserts utah,0,0,informational,0,0.0,62,50.55
27,Utah Fireplace,hearth and fireplace,0,0,informational,0,0.0,62,50.55
27,Utah Fireplace,hearth and home distributors,0,0,informational,0,0.0,62,50.55
27,Utah Fireplace,hearth and home distributors of utah,0,0,informational,0,0.0,62,50.55
27,Utah Fireplace,hearth and home fireplace service,0,0,informational,0,0.0,62,50.55
27,Utah Fireplace,hearth and home fireplace utah,0,0,informational,0,0.0,62,50.55
27,Utah Fireplace,hearth and home ogden,0,0,informational,0,0.0,62,50.55
27,Utah Fireplace,hearth and home ogden utah,0,0,informational,0,0.0,62,50.55
27,Utah Fireplace,hearth replacement,0,0,informational,0,0.0,62,50.55
27,Utah Fireplace,hearth store,0,0,informational,0,0.0,62,50.55
27,Utah Fireplace,intermountain mantels,0,0,informational,0,0.0,62,50.55
27,Utah Fireplace,"legal requirements for adding a gas burning fire pit to a neighbor's backyard in riverton, utah",0,0,informational,0,0.0,62,50.55
27,Utah Fireplace,log supplier tridell ut,0,0,informational,0,0.0,62,50.55
27,Utah Fireplace,loves fireplace utah,0,0,informational,0,0.0,62,50.55
27,Utah Fireplace,mantel near me,0,0,informational,0,0.0,62,50.55
27,Utah Fireplace,mantel store near me,0,0,informational,0,0.0,62,50.55
27,Utah Fireplace,mantel surround englewood,0,0,informational,0,0.0,62,50.55
27,Utah Fireplace,mantels near me,0,0,informational,0,0.0,62,50.55
27,Utah Fireplace,mantles near me,0,0,informational,0,0.0,62,50.55
27,Utah Fireplace,oslo wood stove,0,0,informational,0,0.0,62,50.55
27,Utah Fireplace,outdoor fireplace south salt lake city ut,0,0,informational,0,0.0,62,50.55
27,Utah Fireplace,park city ut fire,0,0,informational,0,0.0,62,50.55
27,Utah Fireplace,park city utah fire,0,0,informational,0,0.0,62,50.55
27,Utah Fireplace,porches sandy ut,0,0,informational,0,0.0,62,50.55
27,Utah Fireplace,southern utah fireplaces,0,0,informational,0,0.0,62,50.55
27,Utah Fireplace,utah fire pit builders,0,0,informational,0,0.0,62,50.55
27,Utah Fireplace,utah wood burning stove regulations,0,0,informational,0,0.0,62,50.55
27,Utah Fireplace,wood burning stove utah,0,0,informational,0,0.0,62,50.55
27,Utah Fireplace,wood burning stoves utah,0,0,informational,0,0.0,62,50.55
27,Utah Fireplace,wood contractors ogden,0,0,informational,0,0.0,62,50.55
27,Utah Fireplace,"wood fireplace mantels salt lake city, utah",0,0,informational,0,0.0,62,50.55
27,Utah Fireplace,wood fireplace mantels utah,0,0,informational,0,0.0,62,50.55
41,Fireplace Wood,can a gas fireplace be converted to wood burning,0,0,informational,0,0.0,162,48.03
41,Fireplace Wood,can gas fireplace be converted to wood burning,0,0,informational,0,0.0,162,48.03
41,Fireplace Wood,can gas fireplaces be converted to wood burning,0,0,informational,0,0.0,162,48.03
41,Fireplace Wood,can i convert a gas fireplace to wood,0,0,informational,0,0.0,162,48.03
41,Fireplace Wood,can i convert a gas fireplace to wood burning,0,0,informational,0,0.0,162,48.03
41,Fireplace Wood,can i convert gas fireplace to wood burning,0,0,informational,0,0.0,162,48.03
41,Fireplace Wood,can you convert a gas fireplace back to wood burning,0,0,informational,0,0.0,162,48.03
41,Fireplace Wood,can you convert a gas fireplace to a wood burning,0,0,informational,0,0.0,162,48.03
41,Fireplace Wood,can you convert a gas fireplace to wood,0,0,informational,0,0.0,162,48.03
41,Fireplace Wood,can you convert a gas fireplace to wood burning,0,0,informational,0,0.0,162,48.03
41,Fireplace Wood,can you convert a gas fireplace to wood burning stove,0,0,informational,0,0.0,162,48.03
41,Fireplace Wood,can you convert a wood fireplace to gas,0,0,informational,0,0.0,162,48.03
41,Fireplace Wood,can you convert gas fireplace to wood,0,0,informational,0,0.0,162,48.03
41,Fireplace Wood,can you convert gas fireplace to wood burning,0,0,informational,0,0.0,162,48.03
41,Fireplace Wood,can you turn a gas fireplace into wood burning,0,0,informational,0,0.0,162,48.03
41,Fireplace Wood,change gas fireplace to wood burning,0,0,informational,0,0.0,162,48.03
41,Fireplace Wood,changing fireplace to wood burning stove,0,0,informational,0,0.0,162,48.03
41,Fireplace Wood,changing gas fireplace to wood burning,0,0,informational,0,0.0,162,48.03
41,Fireplace Wood,changing wood fireplace to gas cost,0,0,informational,0,0.0,162,48.03
41,Fireplace Wood,companies that convert wood burning fireplace to gas,0,0,informational,0,0.0,162,48.03
41,Fireplace Wood,companies that convert wood-burning fireplace to gas,0,0,informational,0,0.0,162,48.03
41,Fireplace Wood,conversion to gas fireplace cost,0,0,informational,0,0.0,162,48.03
41,Fireplace Wood,convert a gas fireplace to wood,0,0,informational,0,0.0,162,48.03
41,Fireplace Wood,convert a gas fireplace to wood burning,0,0,informational,0,0.0,162,48.03
41,Fireplace Wood,convert chimney to gas,0,0,informational,0,0.0,162,48.03
41,Fireplace Wood,convert fireplace from gas to wood burning,0,0,informational,0,0.0,162,48.03
41,Fireplace Wood,convert gas fireplace back to wood,0,0,informational,0,0.0,162,48.03
41,Fireplace Wood,convert gas fireplace to wood,0,0,informational,0,0.0,162,48.03
41,Fireplace Wood,convert gas fireplace to wood burning,0,0,informational,0,0.0,162,48.03
41,Fireplace Wood,convert gas fireplace to wood burning cost,0,0,informational,0,0.0,162,48.03
41,Fireplace Wood,convert gas fireplace to wood burning stove,0,0,informational,0,0.0,162,48.03
41,Fireplace Wood,convert gas fireplace to wood cost,0,0,informational,0,0.0,162,48.03
41,Fireplace Wood,convert gas fireplace to wood fireplace,0,0,informational,0,0.0,162,48.03
41,Fireplace Wood,convert gas fireplace to wood stove,0,0,informational,0,0.0,162,48.03
41,Fireplace Wood,convert gas stove to wood burning,0,0,informational,0,0.0,162,48.03
41,Fireplace Wood,convert gas to wood burning fireplace,0,0,informational,0,0.0,162,48.03
41,Fireplace Wood,convert gas to wood fireplace,0,0,informational,0,0.0,162,48.03
41,Fireplace Wood,convert indoor fireplace to outdoor,0,0,informational,0,0.0,162,48.03
41,Fireplace Wood,convert propane fireplace to pellet stove,0,0,informational,0,0.0,162,48.03
41,Fireplace Wood,convert wood burning fireplace,0,0,informational,0,0.0,162,48.03
41,Fireplace Wood,convert wood burning fireplace to gas,0,0,informational,0,0.0,162,48.03
41,Fireplace Wood,convert wood burning fireplace to gas cost,0,0,informational,0,0.0,162,48.03
41,Fireplace Wood,convert wood burning stove to propane,0,0,informational,0,0.0,162,48.03
41,Fireplace Wood,convert wood fireplace to electric,0,0,informational,0,0.0,162,48.03
41,Fireplace Wood,convert wood fireplace to gas,0,0,informational,0,0.0,162,48.03
41,Fireplace Wood,convert wood fireplace to gas near me,0,0,informational,0,0.0,162,48.03
41,Fireplace Wood,convert wood to electric fireplace,0,0,informational,0,0.0,162,48.03
41,Fireplace Wood,converting a fireplace to a wood stove,0,0,informational,0,0.0,162,48.03
41,Fireplace Wood,converting a fireplace to gas,0,0,informational,0,0.0,162,48.03
41,Fireplace Wood,converting a fireplace to wood stove,0,0,informational,0,0.0,162,48.03
41,Fireplace Wood,converting a gas fireplace back to wood,0,0,informational,0,0.0,162,48.03
41,Fireplace Wood,converting a gas fireplace to a wood burning,0,0,informational,0,0.0,162,48.03
41,Fireplace Wood,converting a gas fireplace to wood,0,0,informational,0,0.0,162,48.03
41,Fireplace Wood,converting a gas fireplace to wood burning,0,0,informational,0,0.0,162,48.03
41,Fireplace Wood,converting a gas fireplace to wood burning stove,0,0,informational,0,0.0,162,48.03
41,Fireplace Wood,converting fireplace,0,0,informational,0,0.0,162,48.03
41,Fireplace Wood,converting fireplace from gas to wood,0,0,informational,0,0.0,162,48.03
41,Fireplace Wood,converting fireplace to wood stove,0,0,informational,0,0.0,162,48.03
41,Fireplace Wood,converting gas fireplace,0,0,informational,0,0.0,162,48.03
41,Fireplace Wood,converting gas fireplace back to wood,0,0,informational,0,0.0,162,48.03
41,Fireplace Wood,converting gas fireplace to wood,0,0,informational,0,0.0,162,48.03
41,Fireplace Wood,converting gas fireplace to wood burning,0,0,informational,0,0.0,162,48.03
41,Fireplace Wood,converting gas fireplace to wood burning stove,0,0,informational,0,0.0,162,48.03
41,Fireplace Wood,converting gas fireplace to wood stove,0,0,informational,0,0.0,162,48.03
41,Fireplace Wood,converting gas to wood fireplace,0,0,informational,0,0.0,162,48.03
41,Fireplace Wood,converting to a gas fireplace,0,0,informational,0,0.0,162,48.03
41,Fireplace Wood,converting to gas fireplace cost,0,0,informational,0,0.0,162,48.03
41,Fireplace Wood,converting wood burning stove to fireplace,0,0,informational,0,0.0,162,48.03
41,Fireplace Wood,converting wood fireplace to gas,0,0,informational,0,0.0,162,48.03
41,Fireplace Wood,cost of converting a gas fireplace to wood burning,0,0,informational,0,0.0,162,48.03
41,Fireplace Wood,cost of converting gas fireplace to wood burning,0,0,informational,0,0.0,162,48.03
41,Fireplace Wood,cost to convert existing fireplace to gas,0,0,informational,0,0.0,162,48.03
41,Fireplace Wood,cost to convert fireplace from wood to gas,0,0,informational,0,0.0,162,48.03
41,Fireplace Wood,cost to convert gas fireplace to wood,0,0,informational,0,0.0,162,48.03
41,Fireplace Wood,cost to convert gas to wood fireplace,0,0,informational,0,0.0,162,48.03
41,Fireplace Wood,cost to convert wood burning fireplace to gas,0,0,informational,0,0.0,162,48.03
41,Fireplace Wood,cost to convert wood fireplace to gas,0,0,informational,0,0.0,162,48.03
41,Fireplace Wood,cost to convert wood fireplace to gas fireplace,0,0,informational,0,0.0,162,48.03
41,Fireplace Wood,fireplace conversion,0,0,informational,0,0.0,162,48.03
41,Fireplace Wood,fireplace conversion from gas to wood,0,0,informational,0,0.0,162,48.03
41,Fireplace Wood,fireplace conversion gas to wood,0,0,informational,0,0.0,162,48.03
41,Fireplace Wood,fireplace conversion to gas,0,0,informational,0,0.0,162,48.03
41,Fireplace Wood,fireplace conversions,0,0,informational,0,0.0,162,48.03
41,Fireplace Wood,fireplace conversions to gas,0,0,informational,0,0.0,162,48.03
41,Fireplace Wood,fireplace converted to gas,0,0,informational,0,0.0,162,48.03
41,Fireplace Wood,fireplace gas conversion,0,0,informational,0,0.0,162,48.03
41,Fireplace Wood,fireplace to gas conversion,0,0,informational,0,0.0,162,48.03
41,Fireplace Wood,fireplace to wood burning stove,0,0,informational,0,0.0,162,48.03
41,Fireplace Wood,fireplace to wood stove conversion,0,0,informational,0,0.0,162,48.03
41,Fireplace Wood,fireplace wood stove conversion,0,0,informational,0,0.0,162,48.03
41,Fireplace Wood,gas conversion fireplace,0,0,informational,0,0.0,162,48.03
41,Fireplace Wood,gas fire to wood burner conversion,0,0,informational,0,0.0,162,48.03
41,Fireplace Wood,gas fireplace conversion,0,0,informational,0,0.0,162,48.03
41,Fireplace Wood,gas fireplace conversion options,0,0,informational,0,0.0,162,48.03
41,Fireplace Wood,gas fireplace conversion price,0,0,informational,0,0.0,162,48.03
41,Fireplace Wood,gas fireplace conversion to wood,0,0,informational,0,0.0,162,48.03
41,Fireplace Wood,gas fireplace conversions,0,0,informational,0,0.0,162,48.03
41,Fireplace Wood,gas fireplace to wood burning conversion,0,0,informational,0,0.0,162,48.03
41,Fireplace Wood,gas fireplace to wood stove conversion,0,0,informational,0,0.0,162,48.03
41,Fireplace Wood,gas fireplace vs wood,0,0,informational,0,0.0,162,48.03
41,Fireplace Wood,gas to wood burning fireplace conversion,0,0,informational,0,0.0,162,48.03
41,Fireplace Wood,gas to wood fireplace,0,0,informational,0,0.0,162,48.03
41,Fireplace Wood,gas to wood fireplace conversion,0,0,informational,0,0.0,162,48.03
41,Fireplace Wood,gas to wood fireplace conversion cost,0,0,informational,0,0.0,162,48.03
41,Fireplace Wood,how do you convert a gas fireplace to wood burning,0,0,informational,0,0.0,162,48.03
41,Fireplace Wood,how do you convert a wood burning fireplace to gas,0,0,informational,0,0.0,162,48.03
41,Fireplace Wood,how is energy converted in a fireplace system,0,0,informational,0,0.0,162,48.03
41,Fireplace Wood,how much to convert a gas fireplace to wood burning,0,0,informational,0,0.0,162,48.03
41,Fireplace Wood,how much to convert a wood fireplace to gas,0,0,informational,0,0.0,162,48.03
41,Fireplace Wood,how much to convert gas fireplace to wood,0,0,informational,0,0.0,162,48.03
41,Fireplace Wood,how much to convert gas fireplace to wood burning,0,0,informational,0,0.0,162,48.03
41,Fireplace Wood,how much to convert to gas fireplace,0,0,informational,0,0.0,162,48.03
41,Fireplace Wood,how much to convert wood burning fireplace to gas,0,0,informational,0,0.0,162,48.03
41,Fireplace Wood,how much to convert wood fireplace to gas,0,0,informational,0,0.0,162,48.03
41,Fireplace Wood,how to change a gas fireplace into wood burning,0,0,informational,0,0.0,162,48.03
41,Fireplace Wood,how to change a gas fireplace to electric,0,0,informational,0,0.0,162,48.03
41,Fireplace Wood,how to change a wood burning fireplace to gas,0,0,informational,0,0.0,162,48.03
41,Fireplace Wood,how to convert a gas fireplace back to wood burning,0,0,informational,0,0.0,162,48.03
41,Fireplace Wood,how to convert a gas fireplace to wood,0,0,informational,0,0.0,162,48.03
41,Fireplace Wood,how to convert a gas fireplace to wood burning,0,0,informational,0,0.0,162,48.03
41,Fireplace Wood,how to convert a wood burning fireplace to gas,0,0,informational,0,0.0,162,48.03
41,Fireplace Wood,how to convert fireplace to gas,0,0,informational,0,0.0,162,48.03
41,Fireplace Wood,how to convert gas fireplace to wood,0,0,informational,0,0.0,162,48.03
41,Fireplace Wood,how to convert gas fireplace to wood burning,0,0,informational,0,0.0,162,48.03
41,Fireplace Wood,how to convert gas fireplace to wood burning stove,0,0,informational,0,0.0,162,48.03
41,Fireplace Wood,how to convert wood fireplace to electric,0,0,informational,0,0.0,162,48.03
41,Fireplace Wood,how to convert wood fireplace to gas,0,0,informational,0,0.0,162,48.03
41,Fireplace Wood,how to make a gas fireplace into wood burning,0,0,informational,0,0.0,162,48.03
41,Fireplace Wood,how to turn a gas fireplace into wood burning,0,0,informational,0,0.0,162,48.03
41,Fireplace Wood,how to turn gas fireplace into wood burning,0,0,informational,0,0.0,162,48.03
41,Fireplace Wood,how to turn wood burning fireplace into gas,0,0,informational,0,0.0,162,48.03
41,Fireplace Wood,propane fireplace conversion,0,0,informational,0,0.0,162,48.03
41,Fireplace Wood,replace fireplace with gas,0,0,informational,0,0.0,162,48.03
41,Fireplace Wood,replace gas fireplace with wood burning,0,0,informational,0,0.0,162,48.03
41,Fireplace Wood,replace gas fireplace with wood burning stove,0,0,informational,0,0.0,162,48.03
41,Fireplace Wood,replace gas fireplace with wood stove,0,0,informational,0,0.0,162,48.03
41,Fireplace Wood,replace gas fireplace with wood stove insert,0,0,informational,0,0.0,162,48.03
41,Fireplace Wood,replace gas insert with wood burning stove,0,0,informational,0,0.0,162,48.03
41,Fireplace Wood,replace wood burning fireplace,0,0,informational,0,0.0,162,48.03
41,Fireplace Wood,replace wood stove with gas fireplace,0,0,informational,0,0.0,162,48.03
41,Fireplace Wood,replacing a gas fireplace with a wood stove,0,0,informational,0,0.0,162,48.03
41,Fireplace Wood,replacing gas fireplace with wood burning,0,0,informational,0,0.0,162,48.03
41,Fireplace Wood,replacing gas fireplace with wood stove,0,0,informational,0,0.0,162,48.03
41,Fireplace Wood,retrofit gas fireplace,0,0,informational,0,0.0,162,48.03
41,Fireplace Wood,turn a gas fireplace to wood burning,0,0,informational,0,0.0,162,48.03
41,Fireplace Wood,turn fireplace into gas,0,0,informational,0,0.0,162,48.03
41,Fireplace Wood,turn wood burning fireplace into gas,0,0,informational,0,0.0,162,48.03
41,Fireplace Wood,turn wood fireplace into gas,0,0,informational,0,0.0,162,48.03
41,Fireplace Wood,turning a gas fireplace into a wood burning,0,0,informational,0,0.0,162,48.03
41,Fireplace Wood,turning gas fireplace into wood burning,0,0,informational,0,0.0,162,48.03
41,Fireplace Wood,turning wood fireplace into gas,0,0,informational,0,0.0,162,48.03
41,Fireplace Wood,who can convert a gas fireplace to wood burning,0,0,informational,0,0.0,162,48.03
41,Fireplace Wood,wood burning fireplace conversion to gas,0,0,informational,0,0.0,162,48.03
41,Fireplace Wood,wood burning fireplace to gas,0,0,informational,0,0.0,162,48.03
41,Fireplace Wood,wood burning fireplace to gas conversion,0,0,informational,0,0.0,162,48.03
41,Fireplace Wood,wood burning stove conversion,0,0,informational,0,0.0,162,48.03
41,Fireplace Wood,wood fireplace conversion,0,0,informational,0,0.0,162,48.03
41,Fireplace Wood,wood fireplace conversion to gas,0,0,informational,0,0.0,162,48.03
41,Fireplace Wood,wood fireplace to gas conversion,0,0,informational,0,0.0,162,48.03
41,Fireplace Wood,wood stove fireplace conversion,0,0,informational,0,0.0,162,48.03
41,Fireplace Wood,wood stove to fireplace conversion,0,0,informational,0,0.0,162,48.03
41,Fireplace Wood,wood to gas fireplace conversion near me,0,0,informational,0,0.0,162,48.03
44,Comfort Solutions Fireplace,comfort solutions fireplace,0,0,informational,0,0.0,1756,40.39
44,Comfort Solutions Fireplace,gas fireplace repair near me,0,0,informational,0,0.0,1756,40.39
44,Comfort Solutions Fireplace,fireplace repair,0,0,informational,0,0.0,1756,40.39
44,Comfort Solutions Fireplace,fireplaces utah,0,0,informational,0,0.0,1756,40.39
44,Comfort Solutions Fireplace,gas fireplace service near me,0,0,informational,0,0.0,1756,40.39
44,Comfort Solutions Fireplace,fireplace meaning,0,0,informational,0,0.0,1756,40.39
44,Comfort Solutions Fireplace,fireplace stores near me,0,0,informational,0,0.0,1756,40.39
44,Comfort Solutions Fireplace,gas fireplace repair,0,0,informational,0,0.0,1756,40.39
44,Comfort Solutions Fireplace,starting gas fireplace,0,0,informational,0,0.0,1756,40.39
44,Comfort Solutions Fireplace,do gas fireplaces have chimneys,0,0,informational,0,0.0,1756,40.39
44,Comfort Solutions Fireplace,electric fireplace repair,0,0,informational,0,0.0,1756,40.39
44,Comfort Solutions Fireplace,electric fireplace repair near me,0,0,informational,0,0.0,1756,40.39
44,Comfort Solutions Fireplace,fire places,0,0,informational,0,0.0,1756,40.39
44,Comfort Solutions Fireplace,fireplace contractors near me,0,0,informational,0,0.0,1756,40.39
44,Comfort Solutions Fireplace,fireplace conversion to gas near me,0,0,informational,0,0.0,1756,40.39
44,Comfort Solutions Fireplace,fireplace design center,0,0,informational,0,0.0,1756,40.39
44,Comfort Solutions Fireplace,fireplace fix,0,0,informational,0,0.0,1756,40.39
44,Comfort Solutions Fireplace,fireplace gas repair near me,0,0,informational,0,0.0,1756,40.39
44,Comfort Solutions Fireplace,fireplace inserts salt lake city,0,0,informational,0,0.0,1756,40.39
44,Comfort Solutions Fireplace,fireplace inserts utah,0,0,informational,0,0.0,1756,40.39
44,Comfort Solutions Fireplace,fireplace installation utah,0,0,informational,0,0.0,1756,40.39
44,Comfort Solutions Fireplace,fireplace installers near me,0,0,informational,0,0.0,1756,40.39
44,Comfort Solutions Fireplace,fireplace maintenance near me,0,0,informational,0,0.0,1756,40.39
44,Comfort Solutions Fireplace,fireplace mantels near me,0,0,informational,0,0.0,1756,40.39
44,Comfort Solutions Fireplace,fireplace ogden utah,0,0,informational,0,0.0,1756,40.39
44,Comfort Solutions Fireplace,fireplace person near me,0,0,informational,0,0.0,1756,40.39
44,Comfort Solutions Fireplace,fireplace repair near me,0,0,informational,0,0.0,1756,40.39
44,Comfort Solutions Fireplace,fireplace repairs near me,0,0,informational,0,0.0,1756,40.39
44,Comfort Solutions Fireplace,fireplace salt lake city,0,0,informational,0,0.0,1756,40.39
44,Comfort Solutions Fireplace,fireplace service,0,0,informational,0,0.0,1756,40.39
44,Comfort Solutions Fireplace,fireplace service near me,0,0,informational,0,0.0,1756,40.39
44,Comfort Solutions Fireplace,fireplace servicing,0,0,informational,0,0.0,1756,40.39
44,Comfort Solutions Fireplace,fireplace store near me,0,0,informational,0,0.0,1756,40.39
44,Comfort Solutions Fireplace,fireplace utah,0,0,informational,0,0.0,1756,40.39
44,Comfort Solutions Fireplace,fireplaces salt lake city,0,0,informational,0,0.0,1756,40.39
44,Comfort Solutions Fireplace,fix fireplace near me,0,0,informational,0,0.0,1756,40.39
44,Comfort Solutions Fireplace,gas fireplace blower,0,0,informational,0,0.0,1756,40.39
44,Comfort Solutions Fireplace,gas fireplace chimney requirements,0,0,informational,0,0.0,1756,40.39
44,Comfort Solutions Fireplace,gas fireplace cleaning near me,0,0,informational,0,0.0,1756,40.39
44,Comfort Solutions Fireplace,gas fireplace insert near me,0,0,informational,0,0.0,1756,40.39
44,Comfort Solutions Fireplace,gas fireplace insert repair,0,0,informational,0,0.0,1756,40.39
44,Comfort Solutions Fireplace,gas fireplace insert service near me,0,0,informational,0,0.0,1756,40.39
44,Comfort Solutions Fireplace,gas fireplace repair salt lake city,0,0,informational,0,0.0,1756,40.39
44,Comfort Solutions Fireplace,gas fireplace repair service,0,0,informational,0,0.0,1756,40.39
44,Comfort Solutions Fireplace,gas fireplace repair service near me,0,0,informational,0,0.0,1756,40.39
44,Comfort Solutions Fireplace,gas fireplace salt lake,0,0,informational,0,0.0,1756,40.39
44,Comfort Solutions Fireplace,gas fireplace salt lake city,0,0,informational,0,0.0,1756,40.39
44,Comfort Solutions Fireplace,gas fireplace service,0,0,informational,0,0.0,1756,40.39
44,Comfort Solutions Fireplace,gas fireplace service and repair,0,0,informational,0,0.0,1756,40.39
44,Comfort Solutions Fireplace,gas fireplace utah,0,0,informational,0,0.0,1756,40.39
44,Comfort Solutions Fireplace,how do the flames work on an electric fireplace,0,0,informational,0,0.0,1756,40.39
44,Comfort Solutions Fireplace,how to start a gas fireplace,0,0,informational,0,0.0,1756,40.39
44,Comfort Solutions Fireplace,how to start a gas fireplace with a key,0,0,informational,0,0.0,1756,40.39
44,Comfort Solutions Fireplace,how to turn on gas fireplace with key in floor,0,0,informational,0,0.0,1756,40.39
44,Comfort Solutions Fireplace,repair gas fireplace,0,0,informational,0,0.0,1756,40.39
44,Comfort Solutions Fireplace,top rated fireplace repair near me,0,0,informational,0,0.0,1756,40.39
44,Comfort Solutions Fireplace,vented gas fireplace kit,0,0,informational,0,0.0,1756,40.39
44,Comfort Solutions Fireplace,"""gas fireplace guide",0,0,informational,0,0.0,1756,40.39
44,Comfort Solutions Fireplace,a safe home gas fireplace service,0,0,informational,0,0.0,1756,40.39
44,Comfort Solutions Fireplace,accessories for wood burning stoves,0,0,informational,0,0.0,1756,40.39
44,Comfort Solutions Fireplace,add gas fireplace to house,0,0,informational,0,0.0,1756,40.39
44,Comfort Solutions Fireplace,add on fireplace,0,0,informational,0,0.0,1756,40.39
44,Comfort Solutions Fireplace,adding blower to fireplace,0,0,informational,0,0.0,1756,40.39
44,Comfort Solutions Fireplace,adjust flame height gas fireplace,0,0,informational,0,0.0,1756,40.39
44,Comfort Solutions Fireplace,adjust flame on gas fireplace,0,0,informational,0,0.0,1756,40.39
44,Comfort Solutions Fireplace,adjust gas fireplace flame,0,0,informational,0,0.0,1756,40.39
44,Comfort Solutions Fireplace,aesthetic fireplace utah,0,0,informational,0,0.0,1756,40.39
44,Comfort Solutions Fireplace,affordable fireplace repairs,0,0,informational,0,0.0,1756,40.39
44,Comfort Solutions Fireplace,affordable fireplace service,0,0,informational,0,0.0,1756,40.39
44,Comfort Solutions Fireplace,affordable fireplaces,0,0,informational,0,0.0,1756,40.39
44,Comfort Solutions Fireplace,air puffer for fireplace,0,0,informational,0,0.0,1756,40.39
44,Comfort Solutions Fireplace,air pump for fireplace,0,0,informational,0,0.0,1756,40.39
44,Comfort Solutions Fireplace,all pro fireplace,0,0,informational,0,0.0,1756,40.39
44,Comfort Solutions Fireplace,all valley fireplace repair,0,0,informational,0,0.0,1756,40.39
44,Comfort Solutions Fireplace,alpine fireplace sandy,0,0,informational,0,0.0,1756,40.39
44,Comfort Solutions Fireplace,alpine fireplace sandy utah,0,0,informational,0,0.0,1756,40.39
44,Comfort Solutions Fireplace,alpine fireplace utah,0,0,informational,0,0.0,1756,40.39
44,Comfort Solutions Fireplace,alpine gas fireplaces lehi ut,0,0,informational,0,0.0,1756,40.39
44,Comfort Solutions Fireplace,amish fireplace repair,0,0,informational,0,0.0,1756,40.39
44,Comfort Solutions Fireplace,are gas fireplaces efficient,0,0,informational,0,0.0,1756,40.39
44,Comfort Solutions Fireplace,ashley wood burning stove with blower,0,0,informational,0,0.0,1756,40.39
44,Comfort Solutions Fireplace,backyard fire pit park city ut,0,0,informational,0,0.0,1756,40.39
44,Comfort Solutions Fireplace,battery powered fireplace blower,0,0,informational,0,0.0,1756,40.39
44,Comfort Solutions Fireplace,best fireplace companies near me,0,0,informational,0,0.0,1756,40.39
44,Comfort Solutions Fireplace,best fireplace installers near me,0,0,informational,0,0.0,1756,40.39
44,Comfort Solutions Fireplace,best fireplace stores near me,0,0,informational,0,0.0,1756,40.39
44,Comfort Solutions Fireplace,best gas fireplace insert,0,0,informational,0,0.0,1756,40.39
44,Comfort Solutions Fireplace,best gas fireplace installers near me,0,0,informational,0,0.0,1756,40.39
44,Comfort Solutions Fireplace,best gas fireplace repair near me,0,0,informational,0,0.0,1756,40.39
44,Comfort Solutions Fireplace,best gas fireplace service near me,0,0,informational,0,0.0,1756,40.39
44,Comfort Solutions Fireplace,best gas fireplace stores near me,0,0,informational,0,0.0,1756,40.39
44,Comfort Solutions Fireplace,best way to build a fire in a fireplace,0,0,informational,0,0.0,1756,40.39
44,Comfort Solutions Fireplace,blower fan fireplace,0,0,informational,0,0.0,1756,40.39
44,Comfort Solutions Fireplace,blower fan for fireplace,0,0,informational,0,0.0,1756,40.39
44,Comfort Solutions Fireplace,blower fan for fireplace insert,0,0,informational,0,0.0,1756,40.39
44,Comfort Solutions Fireplace,blower fan for wood fireplace,0,0,informational,0,0.0,1756,40.39
44,Comfort Solutions Fireplace,blower for a fireplace,0,0,informational,0,0.0,1756,40.39
44,Comfort Solutions Fireplace,blower for a gas fireplace,0,0,informational,0,0.0,1756,40.39
44,Comfort Solutions Fireplace,blower for a wood burning fireplace,0,0,informational,0,0.0,1756,40.39
44,Comfort Solutions Fireplace,blower for a wood stove,0,0,informational,0,0.0,1756,40.39
44,Comfort Solutions Fireplace,blower for fire place,0,0,informational,0,0.0,1756,40.39
44,Comfort Solutions Fireplace,blower for fireplace,0,0,informational,0,0.0,1756,40.39
44,Comfort Solutions Fireplace,blower for fireplace insert,0,0,informational,0,0.0,1756,40.39
44,Comfort Solutions Fireplace,blower for gas fireplace,0,0,informational,0,0.0,1756,40.39
44,Comfort Solutions Fireplace,blower for propane fireplace,0,0,informational,0,0.0,1756,40.39
44,Comfort Solutions Fireplace,blower for wood burning fireplace,0,0,informational,0,0.0,1756,40.39
44,Comfort Solutions Fireplace,blower for wood burning stove,0,0,informational,0,0.0,1756,40.39
44,Comfort Solutions Fireplace,blower for wood fireplace,0,0,informational,0,0.0,1756,40.39
44,Comfort Solutions Fireplace,blower for wood stove,0,0,informational,0,0.0,1756,40.39
44,Comfort Solutions Fireplace,blower for wood stove pipe,0,0,informational,0,0.0,1756,40.39
44,Comfort Solutions Fireplace,blower in fireplace,0,0,informational,0,0.0,1756,40.39
44,Comfort Solutions Fireplace,blower motor for fireplace,0,0,informational,0,0.0,1756,40.39
44,Comfort Solutions Fireplace,blower on a fireplace,0,0,informational,0,0.0,1756,40.39
44,Comfort Solutions Fireplace,blower on fireplace,0,0,informational,0,0.0,1756,40.39
44,Comfort Solutions Fireplace,blower on wood burning fireplace,0,0,informational,0,0.0,1756,40.39
44,Comfort Solutions Fireplace,blower wood burning fireplace,0,0,informational,0,0.0,1756,40.39
44,Comfort Solutions Fireplace,blowers for fireplace,0,0,informational,0,0.0,1756,40.39
44,Comfort Solutions Fireplace,blowers for fireplace inserts,0,0,informational,0,0.0,1756,40.39
44,Comfort Solutions Fireplace,blowers for fireplaces,0,0,informational,0,0.0,1756,40.39
44,Comfort Solutions Fireplace,blowers for gas fireplaces,0,0,informational,0,0.0,1756,40.39
44,Comfort Solutions Fireplace,blowers for wood burning fireplaces,0,0,informational,0,0.0,1756,40.39
44,Comfort Solutions Fireplace,blowers for wood stoves,0,0,informational,0,0.0,1756,40.39
44,Comfort Solutions Fireplace,bowden's fireside fireplace sales and service,0,0,informational,0,0.0,1756,40.39
44,Comfort Solutions Fireplace,brick fireplace blower,0,0,informational,0,0.0,1756,40.39
44,Comfort Solutions Fireplace,brick fireplace fan,0,0,informational,0,0.0,1756,40.39
44,Comfort Solutions Fireplace,building a fireplace chase,0,0,informational,0,0.0,1756,40.39
44,Comfort Solutions Fireplace,campbell stone and fireplace,0,0,informational,0,0.0,1756,40.39
44,Comfort Solutions Fireplace,can a gas fireplace overheat,0,0,informational,0,0.0,1756,40.39
44,Comfort Solutions Fireplace,can i clean my gas fireplace myself,0,0,informational,0,0.0,1756,40.39
44,Comfort Solutions Fireplace,can i clean my own gas fireplace,0,0,informational,0,0.0,1756,40.39
44,Comfort Solutions Fireplace,can you adjust the flame on a gas fireplace,0,0,informational,0,0.0,1756,40.39
44,Comfort Solutions Fireplace,cast iron fireplace near me,0,0,informational,0,0.0,1756,40.39
44,Comfort Solutions Fireplace,ceiling fan with fireplace,0,0,informational,0,0.0,1756,40.39
44,Comfort Solutions Fireplace,centerville fireplace,0,0,informational,0,0.0,1756,40.39
44,Comfort Solutions Fireplace,certified fireplace servicing,0,0,informational,0,0.0,1756,40.39
44,Comfort Solutions Fireplace,certified fireplace technician near me,0,0,informational,0,0.0,1756,40.39
44,Comfort Solutions Fireplace,certified gas fireplace installer near me,0,0,informational,0,0.0,1756,40.39
44,Comfort Solutions Fireplace,certified gas fireplace technician,0,0,informational,0,0.0,1756,40.39
44,Comfort Solutions Fireplace,chase fireplace,0,0,informational,0,0.0,1756,40.39
44,Comfort Solutions Fireplace,chimney for gas fireplace,0,0,informational,0,0.0,1756,40.39
44,Comfort Solutions Fireplace,chimney requirements for gas fireplace,0,0,informational,0,0.0,1756,40.39
44,Comfort Solutions Fireplace,clean a gas fireplace,0,0,informational,0,0.0,1756,40.39
44,Comfort Solutions Fireplace,clean fireplaces,0,0,informational,0,0.0,1756,40.39
44,Comfort Solutions Fireplace,clean gas fireplace,0,0,informational,0,0.0,1756,40.39
44,Comfort Solutions Fireplace,clean gas log fireplace,0,0,informational,0,0.0,1756,40.39
44,Comfort Solutions Fireplace,cleaning a gas fireplace,0,0,informational,0,0.0,1756,40.39
44,Comfort Solutions Fireplace,cleaning a gas fireplace insert,0,0,informational,0,0.0,1756,40.39
44,Comfort Solutions Fireplace,cleaning a propane fireplace,0,0,informational,0,0.0,1756,40.39
44,Comfort Solutions Fireplace,cleaning gas fireplace,0,0,informational,0,0.0,1756,40.39
44,Comfort Solutions Fireplace,cleaning gas fireplace burners,0,0,informational,0,0.0,1756,40.39
44,Comfort Solutions Fireplace,cleaning gas fireplace chimney,0,0,informational,0,0.0,1756,40.39
44,Comfort Solutions Fireplace,cleaning gas fireplace insert,0,0,informational,0,0.0,1756,40.39
44,Comfort Solutions Fireplace,cleaning gas fireplaces,0,0,informational,0,0.0,1756,40.39
44,Comfort Solutions Fireplace,cleaning gas log burner,0,0,informational,0,0.0,1756,40.39
44,Comfort Solutions Fireplace,cleaning gas log fireplace,0,0,informational,0,0.0,1756,40.39
44,Comfort Solutions Fireplace,cleaning gas logs,0,0,informational,0,0.0,1756,40.39
44,Comfort Solutions Fireplace,cleaning natural gas fireplace,0,0,informational,0,0.0,1756,40.39
44,Comfort Solutions Fireplace,cleaning out gas fireplace,0,0,informational,0,0.0,1756,40.39
44,Comfort Solutions Fireplace,cleaning propane fireplace,0,0,informational,0,0.0,1756,40.39
44,Comfort Solutions Fireplace,coastal fireplace company,0,0,informational,0,0.0,1756,40.39
44,Comfort Solutions Fireplace,comfort living fireplaces,0,0,informational,0,0.0,1756,40.39
44,Comfort Solutions Fireplace,companies that fix gas fireplaces,0,0,informational,0,0.0,1756,40.39
44,Comfort Solutions Fireplace,companies that repair gas fireplaces,0,0,informational,0,0.0,1756,40.39
44,Comfort Solutions Fireplace,companies that service gas fireplaces near me,0,0,informational,0,0.0,1756,40.39
44,Comfort Solutions Fireplace,contemporary gas fireplace near me,0,0,informational,0,0.0,1756,40.39
44,Comfort Solutions Fireplace,continental fireplace dealer near me,0,0,informational,0,0.0,1756,40.39
44,Comfort Solutions Fireplace,convert fireplace,0,0,informational,0,0.0,1756,40.39
44,Comfort Solutions Fireplace,convert gas fireplace,0,0,informational,0,0.0,1756,40.39
44,Comfort Solutions Fireplace,converted fireplace,0,0,informational,0,0.0,1756,40.39
44,Comfort Solutions Fireplace,cost to put in a gas fireplace,0,0,informational,0,0.0,1756,40.39
44,Comfort Solutions Fireplace,creating a fireplace on a flat wall,0,0,informational,0,0.0,1756,40.39
44,Comfort Solutions Fireplace,croft fireplaces,0,0,informational,0,0.0,1756,40.39
44,Comfort Solutions Fireplace,cross fireplace centre,0,0,informational,0,0.0,1756,40.39
44,Comfort Solutions Fireplace,curtains next to fireplace,0,0,informational,0,0.0,1756,40.39
44,Comfort Solutions Fireplace,custom fire pits park city utah,0,0,informational,0,0.0,1756,40.39
44,Comfort Solutions Fireplace,custom fire pits utah,0,0,informational,0,0.0,1756,40.39
44,Comfort Solutions Fireplace,custom fireplace,0,0,informational,0,0.0,1756,40.39
44,Comfort Solutions Fireplace,custom fireplace bountiful,0,0,informational,0,0.0,1756,40.39
44,Comfort Solutions Fireplace,custom fireplace builder,0,0,informational,0,0.0,1756,40.39
44,Comfort Solutions Fireplace,custom fireplace design,0,0,informational,0,0.0,1756,40.39
44,Comfort Solutions Fireplace,custom fireplace design services,0,0,informational,0,0.0,1756,40.39
44,Comfort Solutions Fireplace,custom fireplace design utah,0,0,informational,0,0.0,1756,40.39
44,Comfort Solutions Fireplace,custom fireplace doors near me,0,0,informational,0,0.0,1756,40.39
44,Comfort Solutions Fireplace,custom fireplace draper,0,0,informational,0,0.0,1756,40.39
44,Comfort Solutions Fireplace,custom fireplace herriman ut,0,0,informational,0,0.0,1756,40.39
44,Comfort Solutions Fireplace,custom fireplace insert utah,0,0,informational,0,0.0,1756,40.39
44,Comfort Solutions Fireplace,custom fireplace installation,0,0,informational,0,0.0,1756,40.39
44,Comfort Solutions Fireplace,custom fireplace mantels near me,0,0,informational,0,0.0,1756,40.39
44,Comfort Solutions Fireplace,custom fireplace near me,0,0,informational,0,0.0,1756,40.39
44,Comfort Solutions Fireplace,custom fireplace park city,0,0,informational,0,0.0,1756,40.39
44,Comfort Solutions Fireplace,custom fireplace salt lake county,0,0,informational,0,0.0,1756,40.39
44,Comfort Solutions Fireplace,custom fireplace solutions,0,0,informational,0,0.0,1756,40.39
44,Comfort Solutions Fireplace,custom fireplace surround near me,0,0,informational,0,0.0,1756,40.39
44,Comfort Solutions Fireplace,custom fireplace utah,0,0,informational,0,0.0,1756,40.39
44,Comfort Solutions Fireplace,custom fireplace wasatch county,0,0,informational,0,0.0,1756,40.39
44,Comfort Solutions Fireplace,custom fireplace west jordan,0,0,informational,0,0.0,1756,40.39
44,Comfort Solutions Fireplace,custom fireplace west valley city,0,0,informational,0,0.0,1756,40.39
44,Comfort Solutions Fireplace,custom fireplaces,0,0,informational,0,0.0,1756,40.39
44,Comfort Solutions Fireplace,custom fireplaces & more,0,0,informational,0,0.0,1756,40.39
44,Comfort Solutions Fireplace,custom made fireplaces,0,0,informational,0,0.0,1756,40.39
44,Comfort Solutions Fireplace,custom mantels near me,0,0,informational,0,0.0,1756,40.39
44,Comfort Solutions Fireplace,custom mantle near me,0,0,informational,0,0.0,1756,40.39
44,Comfort Solutions Fireplace,custom outdoor fireplace near me,0,0,informational,0,0.0,1756,40.39
44,Comfort Solutions Fireplace,custom outdoor fireplace utah,0,0,informational,0,0.0,1756,40.39
44,Comfort Solutions Fireplace,custom outdoor fireplaces utah,0,0,informational,0,0.0,1756,40.39
44,Comfort Solutions Fireplace,custom wood mantels near me,0,0,informational,0,0.0,1756,40.39
44,Comfort Solutions Fireplace,definition of fireplace,0,0,informational,0,0.0,1756,40.39
44,Comfort Solutions Fireplace,degrees above fireplaces,0,0,informational,0,0.0,1756,40.39
44,Comfort Solutions Fireplace,direct vent fireplace blower,0,0,informational,0,0.0,1756,40.39
44,Comfort Solutions Fireplace,diy fireplace install,0,0,informational,0,0.0,1756,40.39
44,Comfort Solutions Fireplace,do all fireplaces have a blower,0,0,informational,0,0.0,1756,40.39
44,Comfort Solutions Fireplace,do all fireplaces need a chimney,0,0,informational,0,0.0,1756,40.39
44,Comfort Solutions Fireplace,do all gas fireplaces have a blower,0,0,informational,0,0.0,1756,40.39
44,Comfort Solutions Fireplace,do all gas fireplaces have blowers,0,0,informational,0,0.0,1756,40.39
44,Comfort Solutions Fireplace,do all gas fireplaces need to be vented,0,0,informational,0,0.0,1756,40.39
44,Comfort Solutions Fireplace,do fireplace blowers work,0,0,informational,0,0.0,1756,40.39
44,Comfort Solutions Fireplace,do fireplace fans work,0,0,informational,0,0.0,1756,40.39
44,Comfort Solutions Fireplace,do fireplaces have fans,0,0,informational,0,0.0,1756,40.39
44,Comfort Solutions Fireplace,do gas fireplace need chimney,0,0,informational,0,0.0,1756,40.39
44,Comfort Solutions Fireplace,do gas fireplaces have a chimney,0,0,informational,0,0.0,1756,40.39
44,Comfort Solutions Fireplace,do gas fireplaces have blowers,0,0,informational,0,0.0,1756,40.39
44,Comfort Solutions Fireplace,do gas fireplaces need a chimney,0,0,informational,0,0.0,1756,40.39
44,Comfort Solutions Fireplace,do gas fireplaces need a vent,0,0,informational,0,0.0,1756,40.39
44,Comfort Solutions Fireplace,do gas fireplaces need chimneys,0,0,informational,0,0.0,1756,40.39
44,Comfort Solutions Fireplace,do gas fireplaces need cleaning,0,0,informational,0,0.0,1756,40.39
44,Comfort Solutions Fireplace,do gas fireplaces need maintenance,0,0,informational,0,0.0,1756,40.39
44,Comfort Solutions Fireplace,do gas fireplaces need to be cleaned,0,0,informational,0,0.0,1756,40.39
44,Comfort Solutions Fireplace,do gas fireplaces need to be vented,0,0,informational,0,0.0,1756,40.39
44,Comfort Solutions Fireplace,do gas fireplaces require a chimney,0,0,informational,0,0.0,1756,40.39
44,Comfort Solutions Fireplace,do gas logs need a chimney,0,0,informational,0,0.0,1756,40.39
44,Comfort Solutions Fireplace,do i need a blower for my gas fireplace,0,0,informational,0,0.0,1756,40.39
44,Comfort Solutions Fireplace,do i need a chimney for a gas fireplace,0,0,informational,0,0.0,1756,40.39
44,Comfort Solutions Fireplace,do modern fireplaces need a chimney,0,0,informational,0,0.0,1756,40.39
44,Comfort Solutions Fireplace,do natural gas fireplaces need a chimney,0,0,informational,0,0.0,1756,40.39
44,Comfort Solutions Fireplace,do plumbers service gas fireplaces,0,0,informational,0,0.0,1756,40.39
44,Comfort Solutions Fireplace,do propane fireplaces need a chimney,0,0,informational,0,0.0,1756,40.39
44,Comfort Solutions Fireplace,do wood burning fireplaces have blowers,0,0,informational,0,0.0,1756,40.39
44,Comfort Solutions Fireplace,do you need a blower on a gas fireplace,0,0,informational,0,0.0,1756,40.39
44,Comfort Solutions Fireplace,do you need a chimney for a gas fireplace,0,0,informational,0,0.0,1756,40.39
44,Comfort Solutions Fireplace,do you need a chimney for gas fireplace,0,0,informational,0,0.0,1756,40.39
44,Comfort Solutions Fireplace,do you need a chimney with a gas fireplace,0,0,informational,0,0.0,1756,40.39
44,Comfort Solutions Fireplace,do you need a fireplace screen for gas logs,0,0,informational,0,0.0,1756,40.39
44,Comfort Solutions Fireplace,do you need chimney for gas fireplace,0,0,informational,0,0.0,1756,40.39
44,Comfort Solutions Fireplace,does a fireplace need a chimney,0,0,informational,0,0.0,1756,40.39
44,Comfort Solutions Fireplace,does a gas fireplace have a chimney,0,0,informational,0,0.0,1756,40.39
44,Comfort Solutions Fireplace,does a gas fireplace need a blower,0,0,informational,0,0.0,1756,40.39
44,Comfort Solutions Fireplace,does a gas fireplace need a chimney,0,0,informational,0,0.0,1756,40.39
44,Comfort Solutions Fireplace,does a gas fireplace need a chimney?,0,0,informational,0,0.0,1756,40.39
44,Comfort Solutions Fireplace,does a gas fireplace need a fan,0,0,informational,0,0.0,1756,40.39
44,Comfort Solutions Fireplace,does a gas fireplace need a flue,0,0,informational,0,0.0,1756,40.39
44,Comfort Solutions Fireplace,does a gas fireplace need a vent,0,0,informational,0,0.0,1756,40.39
44,Comfort Solutions Fireplace,does a gas fireplace need to be cleaned,0,0,informational,0,0.0,1756,40.39
44,Comfort Solutions Fireplace,does a gas fireplace require a chimney,0,0,informational,0,0.0,1756,40.39
44,Comfort Solutions Fireplace,does a gas log fireplace need a chimney,0,0,informational,0,0.0,1756,40.39
44,Comfort Solutions Fireplace,does gas fireplace have chimney,0,0,informational,0,0.0,1756,40.39
44,Comfort Solutions Fireplace,does gas fireplace need a chimney,0,0,informational,0,0.0,1756,40.39
44,Comfort Solutions Fireplace,does gas fireplace need chimney,0,0,informational,0,0.0,1756,40.39
44,Comfort Solutions Fireplace,does gas fireplace need cleaning,0,0,informational,0,0.0,1756,40.39
44,Comfort Solutions Fireplace,does gas fireplace need to be cleaned,0,0,informational,0,0.0,1756,40.39
44,Comfort Solutions Fireplace,does propane fireplace need chimney,0,0,informational,0,0.0,1756,40.39
44,Comfort Solutions Fireplace,door next to fireplace,0,0,informational,0,0.0,1756,40.39
44,Comfort Solutions Fireplace,dust in gas fireplace,0,0,informational,0,0.0,1756,40.39
44,Comfort Solutions Fireplace,electric blower for fireplace,0,0,informational,0,0.0,1756,40.39
44,Comfort Solutions Fireplace,electric fan for gas fireplace,0,0,informational,0,0.0,1756,40.39
44,Comfort Solutions Fireplace,electric fire place repair,0,0,informational,0,0.0,1756,40.39
44,Comfort Solutions Fireplace,electric fire repair,0,0,informational,0,0.0,1756,40.39
44,Comfort Solutions Fireplace,electric fireplace blowers,0,0,informational,0,0.0,1756,40.39
44,Comfort Solutions Fireplace,electric fireplace clicking but not lighting,0,0,informational,0,0.0,1756,40.39
44,Comfort Solutions Fireplace,electric fireplace dealers near me,0,0,informational,0,0.0,1756,40.39
44,Comfort Solutions Fireplace,electric fireplace fan,0,0,informational,0,0.0,1756,40.39
44,Comfort Solutions Fireplace,electric fireplace insert near me,0,0,informational,0,0.0,1756,40.39
44,Comfort Solutions Fireplace,electric fireplace insert repair,0,0,informational,0,0.0,1756,40.39
44,Comfort Solutions Fireplace,electric fireplace insert repair near me,0,0,informational,0,0.0,1756,40.39
44,Comfort Solutions Fireplace,electric fireplace insert utah,0,0,informational,0,0.0,1756,40.39
44,Comfort Solutions Fireplace,electric fireplace insert vs gas,0,0,informational,0,0.0,1756,40.39
44,Comfort Solutions Fireplace,electric fireplace inserts near me,0,0,informational,0,0.0,1756,40.39
44,Comfort Solutions Fireplace,electric fireplace inspection,0,0,informational,0,0.0,1756,40.39
44,Comfort Solutions Fireplace,electric fireplace install near me,0,0,informational,0,0.0,1756,40.39
44,Comfort Solutions Fireplace,electric fireplace installation (stand alone) by porch home services,0,0,informational,0,0.0,1756,40.39
44,Comfort Solutions Fireplace,electric fireplace installation near me,0,0,informational,0,0.0,1756,40.39
44,Comfort Solutions Fireplace,electric fireplace installation utah,0,0,informational,0,0.0,1756,40.39
44,Comfort Solutions Fireplace,electric fireplace installations,0,0,informational,0,0.0,1756,40.39
44,Comfort Solutions Fireplace,electric fireplace installer,0,0,informational,0,0.0,1756,40.39
44,Comfort Solutions Fireplace,electric fireplace installer near me,0,0,informational,0,0.0,1756,40.39
44,Comfort Solutions Fireplace,electric fireplace installers,0,0,informational,0,0.0,1756,40.39
44,Comfort Solutions Fireplace,electric fireplace installers near me,0,0,informational,0,0.0,1756,40.39
44,Comfort Solutions Fireplace,electric fireplace maintenance,0,0,informational,0,0.0,1756,40.39
44,Comfort Solutions Fireplace,electric fireplace maintenance near me,0,0,informational,0,0.0,1756,40.39
44,Comfort Solutions Fireplace,electric fireplace manual,0,0,informational,0,0.0,1756,40.39
44,Comfort Solutions Fireplace,electric fireplace murray ut,0,0,informational,0,0.0,1756,40.39
44,Comfort Solutions Fireplace,electric fireplace not lighting,0,0,informational,0,0.0,1756,40.39
44,Comfort Solutions Fireplace,electric fireplace parts near me,0,0,informational,0,0.0,1756,40.39
44,Comfort Solutions Fireplace,electric fireplace parts replacement,0,0,informational,0,0.0,1756,40.39
44,Comfort Solutions Fireplace,electric fireplace repair service,0,0,informational,0,0.0,1756,40.39
44,Comfort Solutions Fireplace,electric fireplace repair service near me,0,0,informational,0,0.0,1756,40.39
44,Comfort Solutions Fireplace,electric fireplace repairman,0,0,informational,0,0.0,1756,40.39
44,Comfort Solutions Fireplace,electric fireplace repairs,0,0,informational,0,0.0,1756,40.39
44,Comfort Solutions Fireplace,electric fireplace repairs near me,0,0,informational,0,0.0,1756,40.39
44,Comfort Solutions Fireplace,electric fireplace sales near me,0,0,informational,0,0.0,1756,40.39
44,Comfort Solutions Fireplace,electric fireplace service,0,0,informational,0,0.0,1756,40.39
44,Comfort Solutions Fireplace,electric fireplace service near me,0,0,informational,0,0.0,1756,40.39
44,Comfort Solutions Fireplace,electric fireplace services,0,0,informational,0,0.0,1756,40.39
44,Comfort Solutions Fireplace,electric fireplace servicing,0,0,informational,0,0.0,1756,40.39
44,Comfort Solutions Fireplace,electric fireplace showroom near me,0,0,informational,0,0.0,1756,40.39
44,Comfort Solutions Fireplace,electric fireplace store,0,0,informational,0,0.0,1756,40.39
44,Comfort Solutions Fireplace,electric fireplace store near me,0,0,informational,0,0.0,1756,40.39
44,Comfort Solutions Fireplace,electric fireplace stores,0,0,informational,0,0.0,1756,40.39
44,Comfort Solutions Fireplace,electric fireplace stores near me,0,0,informational,0,0.0,1756,40.39
44,Comfort Solutions Fireplace,electric fireplace stores near me within 20 mi,0,0,informational,0,0.0,1756,40.39
44,Comfort Solutions Fireplace,electric fireplace technician,0,0,informational,0,0.0,1756,40.39
44,Comfort Solutions Fireplace,electric fireplace technician near me,0,0,informational,0,0.0,1756,40.39
44,Comfort Solutions Fireplace,electric fireplace vs gas,0,0,informational,0,0.0,1756,40.39
44,Comfort Solutions Fireplace,electric fireplace vs gas fireplace,0,0,informational,0,0.0,1756,40.39
44,Comfort Solutions Fireplace,electric fireplace vs gas fireplace cost,0,0,informational,0,0.0,1756,40.39
44,Comfort Solutions Fireplace,electric fireplace vs propane,0,0,informational,0,0.0,1756,40.39
44,Comfort Solutions Fireplace,electric fireplaces near me,0,0,informational,0,0.0,1756,40.39
44,Comfort Solutions Fireplace,electric fireplaces vs gas,0,0,informational,0,0.0,1756,40.39
44,Comfort Solutions Fireplace,electric gas fireplace repair,0,0,informational,0,0.0,1756,40.39
44,Comfort Solutions Fireplace,electric gas fireplace repair near me,0,0,informational,0,0.0,1756,40.39
44,Comfort Solutions Fireplace,electric versus gas fireplace,0,0,informational,0,0.0,1756,40.39
44,Comfort Solutions Fireplace,electric vs gas fireplace,0,0,informational,0,0.0,1756,40.39
44,Comfort Solutions Fireplace,electric vs gas fireplace insert,0,0,informational,0,0.0,1756,40.39
44,Comfort Solutions Fireplace,electric vs gas fireplaces,0,0,informational,0,0.0,1756,40.39
44,Comfort Solutions Fireplace,electric vs propane fireplace,0,0,informational,0,0.0,1756,40.39
44,Comfort Solutions Fireplace,electrical fireplace repair,0,0,informational,0,0.0,1756,40.39
44,Comfort Solutions Fireplace,empire gas fireplaces,0,0,informational,0,0.0,1756,40.39
44,Comfort Solutions Fireplace,entertainment centre with fireplace,0,0,informational,0,0.0,1756,40.39
44,Comfort Solutions Fireplace,environmentally friendly fireplace,0,0,informational,0,0.0,1756,40.39
44,Comfort Solutions Fireplace,excalibur gas fireplace,0,0,informational,0,0.0,1756,40.39
44,Comfort Solutions Fireplace,expert gas fireplace service & repair,0,0,informational,0,0.0,1756,40.39
44,Comfort Solutions Fireplace,external fireplace blower,0,0,informational,0,0.0,1756,40.39
44,Comfort Solutions Fireplace,fan blower for fireplace,0,0,informational,0,0.0,1756,40.39
44,Comfort Solutions Fireplace,fan for above fireplace,0,0,informational,0,0.0,1756,40.39
44,Comfort Solutions Fireplace,fan for built in fireplace,0,0,informational,0,0.0,1756,40.39
44,Comfort Solutions Fireplace,fan for fireplace,0,0,informational,0,0.0,1756,40.39
44,Comfort Solutions Fireplace,fan for fireplace hearth,0,0,informational,0,0.0,1756,40.39
44,Comfort Solutions Fireplace,fan for fireplace insert,0,0,informational,0,0.0,1756,40.39
44,Comfort Solutions Fireplace,fan for in front of fireplace,0,0,informational,0,0.0,1756,40.39
44,Comfort Solutions Fireplace,farmington fireplace,0,0,informational,0,0.0,1756,40.39
44,Comfort Solutions Fireplace,fire and hearth store near me,0,0,informational,0,0.0,1756,40.39
44,Comfort Solutions Fireplace,fire pit companies near me,0,0,informational,0,0.0,1756,40.39
44,Comfort Solutions Fireplace,fire pit contractors herriman ut,0,0,informational,0,0.0,1756,40.39
44,Comfort Solutions Fireplace,fire pit installation near me,0,0,informational,0,0.0,1756,40.39
44,Comfort Solutions Fireplace,fire pit installation utah,0,0,informational,0,0.0,1756,40.39
44,Comfort Solutions Fireplace,fire pit park city ut,0,0,informational,0,0.0,1756,40.39
44,Comfort Solutions Fireplace,fire pit places near me,0,0,informational,0,0.0,1756,40.39
44,Comfort Solutions Fireplace,fire pit repair near me,0,0,informational,0,0.0,1756,40.39
44,Comfort Solutions Fireplace,fire pit repairs near me,0,0,informational,0,0.0,1756,40.39
44,Comfort Solutions Fireplace,fire pit store near me,0,0,informational,0,0.0,1756,40.39
44,Comfort Solutions Fireplace,fire pits utah,0,0,informational,0,0.0,1756,40.39
44,Comfort Solutions Fireplace,fire place,0,0,informational,0,0.0,1756,40.39
44,Comfort Solutions Fireplace,fire place blower,0,0,informational,0,0.0,1756,40.39
44,Comfort Solutions Fireplace,fire place blower fan,0,0,informational,0,0.0,1756,40.39
44,Comfort Solutions Fireplace,fire place blower motor,0,0,informational,0,0.0,1756,40.39
44,Comfort Solutions Fireplace,fire place companies,0,0,informational,0,0.0,1756,40.39
44,Comfort Solutions Fireplace,fire place companies near me,0,0,informational,0,0.0,1756,40.39
44,Comfort Solutions Fireplace,fire place experts,0,0,informational,0,0.0,1756,40.39
44,Comfort Solutions Fireplace,fire place fan,0,0,informational,0,0.0,1756,40.39
44,Comfort Solutions Fireplace,fire place fix,0,0,informational,0,0.0,1756,40.39
44,Comfort Solutions Fireplace,fire place frame,0,0,informational,0,0.0,1756,40.39
44,Comfort Solutions Fireplace,fire place guy,0,0,informational,0,0.0,1756,40.39
44,Comfort Solutions Fireplace,fire place install,0,0,informational,0,0.0,1756,40.39
44,Comfort Solutions Fireplace,fire place installation,0,0,informational,0,0.0,1756,40.39
44,Comfort Solutions Fireplace,fire place installer,0,0,informational,0,0.0,1756,40.39
44,Comfort Solutions Fireplace,fire place installers,0,0,informational,0,0.0,1756,40.39
44,Comfort Solutions Fireplace,fire place meaning,0,0,informational,0,0.0,1756,40.39
44,Comfort Solutions Fireplace,fire place repair,0,0,informational,0,0.0,1756,40.39
44,Comfort Solutions Fireplace,fire place repair near me,0,0,informational,0,0.0,1756,40.39
44,Comfort Solutions Fireplace,fire place repairs,0,0,informational,0,0.0,1756,40.39
44,Comfort Solutions Fireplace,fire place service,0,0,informational,0,0.0,1756,40.39
44,Comfort Solutions Fireplace,fire place store,0,0,informational,0,0.0,1756,40.39
44,Comfort Solutions Fireplace,fire place store near me,0,0,informational,0,0.0,1756,40.39
44,Comfort Solutions Fireplace,fire place stores,0,0,informational,0,0.0,1756,40.39
44,Comfort Solutions Fireplace,fire place stores near me,0,0,informational,0,0.0,1756,40.39
44,Comfort Solutions Fireplace,fire repair near me,0,0,informational,0,0.0,1756,40.39
44,Comfort Solutions Fireplace,firepit installation herriman ut,0,0,informational,0,0.0,1756,40.39
44,Comfort Solutions Fireplace,firepits near me,0,0,informational,0,0.0,1756,40.39
44,Comfort Solutions Fireplace,firepits park city ut,0,0,informational,0,0.0,1756,40.39
44,Comfort Solutions Fireplace,fireplace,0,0,informational,0,0.0,1756,40.39
44,Comfort Solutions Fireplace,fireplace accessories store near me,0,0,informational,0,0.0,1756,40.39
44,Comfort Solutions Fireplace,fireplace air pump,0,0,informational,0,0.0,1756,40.39
44,Comfort Solutions Fireplace,fireplace and bbq stores near me,0,0,informational,0,0.0,1756,40.39
44,Comfort Solutions Fireplace,fireplace and furnace service,0,0,informational,0,0.0,1756,40.39
44,Comfort Solutions Fireplace,fireplace and patio,0,0,informational,0,0.0,1756,40.39
44,Comfort Solutions Fireplace,fireplace and patio store near me,0,0,informational,0,0.0,1756,40.39
44,Comfort Solutions Fireplace,fireplace and stove showroom,0,0,informational,0,0.0,1756,40.39
44,Comfort Solutions Fireplace,fireplace and stoves,0,0,informational,0,0.0,1756,40.39
44,Comfort Solutions Fireplace,fireplace backsplash installation near me,0,0,informational,0,0.0,1756,40.39
44,Comfort Solutions Fireplace,fireplace bellows,0,0,informational,0,0.0,1756,40.39
44,Comfort Solutions Fireplace,fireplace blower,0,0,informational,0,0.0,1756,40.39
44,Comfort Solutions Fireplace,fireplace blower amazon,0,0,informational,0,0.0,1756,40.39
44,Comfort Solutions Fireplace,fireplace blower fan,0,0,informational,0,0.0,1756,40.39
44,Comfort Solutions Fireplace,fireplace blower fans,0,0,informational,0,0.0,1756,40.39
44,Comfort Solutions Fireplace,fireplace blower for wood burning,0,0,informational,0,0.0,1756,40.39
44,Comfort Solutions Fireplace,fireplace blower for wood burning fireplace,0,0,informational,0,0.0,1756,40.39
44,Comfort Solutions Fireplace,fireplace blower for wood fireplace,0,0,informational,0,0.0,1756,40.39
44,Comfort Solutions Fireplace,fireplace blower installation cost,0,0,informational,0,0.0,1756,40.39
44,Comfort Solutions Fireplace,fireplace blower installation near me,0,0,informational,0,0.0,1756,40.39
44,Comfort Solutions Fireplace,fireplace blower maintenance,0,0,informational,0,0.0,1756,40.39
44,Comfort Solutions Fireplace,fireplace blower motor,0,0,informational,0,0.0,1756,40.39
44,Comfort Solutions Fireplace,fireplace blower motors,0,0,informational,0,0.0,1756,40.39
44,Comfort Solutions Fireplace,fireplace blower outlet reviews,0,0,informational,0,0.0,1756,40.39
44,Comfort Solutions Fireplace,fireplace blower quiet,0,0,informational,0,0.0,1756,40.39
44,Comfort Solutions Fireplace,fireplace blower rack,0,0,informational,0,0.0,1756,40.39
44,Comfort Solutions Fireplace,fireplace blower system,0,0,informational,0,0.0,1756,40.39
44,Comfort Solutions Fireplace,fireplace blower wood burning,0,0,informational,0,0.0,1756,40.39
44,Comfort Solutions Fireplace,fireplace blowers,0,0,informational,0,0.0,1756,40.39
44,Comfort Solutions Fireplace,fireplace blowers for gas logs,0,0,informational,0,0.0,1756,40.39
44,Comfort Solutions Fireplace,fireplace blowers for wood burning fireplaces,0,0,informational,0,0.0,1756,40.39
44,Comfort Solutions Fireplace,fireplace blowers online reviews,0,0,informational,0,0.0,1756,40.39
44,Comfort Solutions Fireplace,fireplace blowers.com,0,0,informational,0,0.0,1756,40.39
44,Comfort Solutions Fireplace,fireplace booster fan,0,0,informational,0,0.0,1756,40.39
44,Comfort Solutions Fireplace,fireplace bountiful,0,0,informational,0,0.0,1756,40.39
44,Comfort Solutions Fireplace,fireplace box sizes,0,0,informational,0,0.0,1756,40.39
44,Comfort Solutions Fireplace,fireplace builder,0,0,informational,0,0.0,1756,40.39
44,Comfort Solutions Fireplace,fireplace builder near me,0,0,informational,0,0.0,1756,40.39
44,Comfort Solutions Fireplace,fireplace builders near me,0,0,informational,0,0.0,1756,40.39
44,Comfort Solutions Fireplace,fireplace business near me,0,0,informational,0,0.0,1756,40.39
44,Comfort Solutions Fireplace,fireplace chase,0,0,informational,0,0.0,1756,40.39
44,Comfort Solutions Fireplace,fireplace chase framing,0,0,informational,0,0.0,1756,40.39
44,Comfort Solutions Fireplace,fireplace chase ideas,0,0,informational,0,0.0,1756,40.39
44,Comfort Solutions Fireplace,fireplace check up,0,0,informational,0,0.0,1756,40.39
44,Comfort Solutions Fireplace,fireplace cleaning battery park city,0,0,informational,0,0.0,1756,40.39
44,Comfort Solutions Fireplace,fireplace cleaning five points,0,0,informational,0,0.0,1756,40.39
44,Comfort Solutions Fireplace,fireplace clearances,0,0,informational,0,0.0,1756,40.39
44,Comfort Solutions Fireplace,fireplace companies,0,0,informational,0,0.0,1756,40.39
44,Comfort Solutions Fireplace,fireplace companies near me,0,0,informational,0,0.0,1756,40.39
44,Comfort Solutions Fireplace,fireplace company,0,0,informational,0,0.0,1756,40.39
44,Comfort Solutions Fireplace,fireplace company near me,0,0,informational,0,0.0,1756,40.39
44,Comfort Solutions Fireplace,fireplace company repair,0,0,informational,0,0.0,1756,40.39
44,Comfort Solutions Fireplace,fireplace consultation,0,0,informational,0,0.0,1756,40.39
44,Comfort Solutions Fireplace,fireplace contractor & repairs,0,0,informational,0,0.0,1756,40.39
44,Comfort Solutions Fireplace,fireplace contractors,0,0,informational,0,0.0,1756,40.39
44,Comfort Solutions Fireplace,fireplace contractors service,0,0,informational,0,0.0,1756,40.39
44,Comfort Solutions Fireplace,fireplace damper repair near me,0,0,informational,0,0.0,1756,40.39
44,Comfort Solutions Fireplace,fireplace dealers,0,0,informational,0,0.0,1756,40.39
44,Comfort Solutions Fireplace,fireplace dealers in my area,0,0,informational,0,0.0,1756,40.39
44,Comfort Solutions Fireplace,fireplace dealers near me,0,0,informational,0,0.0,1756,40.39
44,Comfort Solutions Fireplace,fireplace definition,0,0,informational,0,0.0,1756,40.39
44,Comfort Solutions Fireplace,fireplace design near me,0,0,informational,0,0.0,1756,40.39
44,Comfort Solutions Fireplace,fireplace design salt lake,0,0,informational,0,0.0,1756,40.39
44,Comfort Solutions Fireplace,fireplace design salt lake city,0,0,informational,0,0.0,1756,40.39
44,Comfort Solutions Fireplace,fireplace designers,0,0,informational,0,0.0,1756,40.39
44,Comfort Solutions Fireplace,fireplace door installers,0,0,informational,0,0.0,1756,40.39
44,Comfort Solutions Fireplace,fireplace door repair near me,0,0,informational,0,0.0,1756,40.39
44,Comfort Solutions Fireplace,fireplace door with fan,0,0,informational,0,0.0,1756,40.39
44,Comfort Solutions Fireplace,fireplace doors,0,0,informational,0,0.0,1756,40.39
44,Comfort Solutions Fireplace,fireplace doors with blower,0,0,informational,0,0.0,1756,40.39
44,Comfort Solutions Fireplace,fireplace electrician,0,0,informational,0,0.0,1756,40.39
44,Comfort Solutions Fireplace,fireplace estimate utah,0,0,informational,0,0.0,1756,40.39
44,Comfort Solutions Fireplace,fireplace exhaust fan,0,0,informational,0,0.0,1756,40.39
44,Comfort Solutions Fireplace,fireplace expert,0,0,informational,0,0.0,1756,40.39
44,Comfort Solutions Fireplace,fireplace experts,0,0,informational,0,0.0,1756,40.39
44,Comfort Solutions Fireplace,fireplace experts near me,0,0,informational,0,0.0,1756,40.39
44,Comfort Solutions Fireplace,fireplace experts reviews,0,0,informational,0,0.0,1756,40.39
44,Comfort Solutions Fireplace,fireplace fan,0,0,informational,0,0.0,1756,40.39
44,Comfort Solutions Fireplace,fireplace fan blower,0,0,informational,0,0.0,1756,40.39
44,Comfort Solutions Fireplace,fireplace fan blower how does it work,0,0,informational,0,0.0,1756,40.39
44,Comfort Solutions Fireplace,fireplace fan blower kit,0,0,informational,0,0.0,1756,40.39
44,Comfort Solutions Fireplace,fireplace fan heater,0,0,informational,0,0.0,1756,40.39
44,Comfort Solutions Fireplace,fireplace fan how does it work,0,0,informational,0,0.0,1756,40.39
44,Comfort Solutions Fireplace,fireplace fan motors,0,0,informational,0,0.0,1756,40.39
44,Comfort Solutions Fireplace,fireplace fan purpose,0,0,informational,0,0.0,1756,40.39
44,Comfort Solutions Fireplace,fireplace fan replacement,0,0,informational,0,0.0,1756,40.39
44,Comfort Solutions Fireplace,fireplace fan wood burning,0,0,informational,0,0.0,1756,40.39
44,Comfort Solutions Fireplace,fireplace fans,0,0,informational,0,0.0,1756,40.39
44,Comfort Solutions Fireplace,fireplace fans and blowers,0,0,informational,0,0.0,1756,40.39
44,Comfort Solutions Fireplace,fireplace fans for wood burning fireplaces,0,0,informational,0,0.0,1756,40.39
44,Comfort Solutions Fireplace,fireplace fix near me,0,0,informational,0,0.0,1756,40.39
44,Comfort Solutions Fireplace,fireplace fixer near me,0,0,informational,0,0.0,1756,40.39
44,Comfort Solutions Fireplace,fireplace fixers,0,0,informational,0,0.0,1756,40.39
44,Comfort Solutions Fireplace,fireplace fixes,0,0,informational,0,0.0,1756,40.39
44,Comfort Solutions Fireplace,fireplace fixing,0,0,informational,0,0.0,1756,40.39
44,Comfort Solutions Fireplace,fireplace fixing near me,0,0,informational,0,0.0,1756,40.39
44,Comfort Solutions Fireplace,fireplace for sale near me,0,0,informational,0,0.0,1756,40.39
44,Comfort Solutions Fireplace,fireplace framing dimensions,0,0,informational,0,0.0,1756,40.39
44,Comfort Solutions Fireplace,fireplace function,0,0,informational,0,0.0,1756,40.39
44,Comfort Solutions Fireplace,fireplace furniture near me,0,0,informational,0,0.0,1756,40.39
44,Comfort Solutions Fireplace,fireplace gas insert installers near me,0,0,informational,0,0.0,1756,40.39
44,Comfort Solutions Fireplace,fireplace gas insert repair near me,0,0,informational,0,0.0,1756,40.39
44,Comfort Solutions Fireplace,fireplace gas inserts,0,0,informational,0,0.0,1756,40.39
44,Comfort Solutions Fireplace,fireplace gas inserts near me,0,0,informational,0,0.0,1756,40.39
44,Comfort Solutions Fireplace,fireplace gas log installation near me,0,0,informational,0,0.0,1756,40.39
44,Comfort Solutions Fireplace,fireplace gas logs installation near me,0,0,informational,0,0.0,1756,40.39
44,Comfort Solutions Fireplace,fireplace gas maintenance near me,0,0,informational,0,0.0,1756,40.39
44,Comfort Solutions Fireplace,fireplace gas repair,0,0,informational,0,0.0,1756,40.39
44,Comfort Solutions Fireplace,fireplace gas repair service near me,0,0,informational,0,0.0,1756,40.39
44,Comfort Solutions Fireplace,fireplace gas service,0,0,informational,0,0.0,1756,40.39
44,Comfort Solutions Fireplace,fireplace gas service near me,0,0,informational,0,0.0,1756,40.39
44,Comfort Solutions Fireplace,fireplace gas shut off valve location,0,0,informational,0,0.0,1756,40.39
44,Comfort Solutions Fireplace,fireplace gas turn on,0,0,informational,0,0.0,1756,40.39
44,Comfort Solutions Fireplace,fireplace gas valve installation,0,0,informational,0,0.0,1756,40.39
44,Comfort Solutions Fireplace,fireplace glass doors near me,0,0,informational,0,0.0,1756,40.39
44,Comfort Solutions Fireplace,fireplace glass near me,0,0,informational,0,0.0,1756,40.39
44,Comfort Solutions Fireplace,fireplace glass replacement,0,0,informational,0,0.0,1756,40.39
44,Comfort Solutions Fireplace,fireplace glass replacement near me,0,0,informational,0,0.0,1756,40.39
44,Comfort Solutions Fireplace,fireplace grate with blower,0,0,informational,0,0.0,1756,40.39
44,Comfort Solutions Fireplace,fireplace guy,0,0,informational,0,0.0,1756,40.39
44,Comfort Solutions Fireplace,fireplace guy near me,0,0,informational,0,0.0,1756,40.39
44,Comfort Solutions Fireplace,fireplace guys,0,0,informational,0,0.0,1756,40.39
44,Comfort Solutions Fireplace,fireplace handyman near me,0,0,informational,0,0.0,1756,40.39
44,Comfort Solutions Fireplace,fireplace hearths near me,0,0,informational,0,0.0,1756,40.39
44,Comfort Solutions Fireplace,fireplace heat blower,0,0,informational,0,0.0,1756,40.39
44,Comfort Solutions Fireplace,fireplace heat exchanger,0,0,informational,0,0.0,1756,40.39
44,Comfort Solutions Fireplace,fireplace heater blower,0,0,informational,0,0.0,1756,40.39
44,Comfort Solutions Fireplace,fireplace heater repair,0,0,informational,0,0.0,1756,40.39
44,Comfort Solutions Fireplace,fireplace in,0,0,informational,0,0.0,1756,40.39
44,Comfort Solutions Fireplace,fireplace insert blower,0,0,informational,0,0.0,1756,40.39
44,Comfort Solutions Fireplace,fireplace insert blower motor,0,0,informational,0,0.0,1756,40.39
44,Comfort Solutions Fireplace,fireplace insert companies near me,0,0,informational,0,0.0,1756,40.39
44,Comfort Solutions Fireplace,fireplace insert installation near me,0,0,informational,0,0.0,1756,40.39
44,Comfort Solutions Fireplace,fireplace insert installer,0,0,informational,0,0.0,1756,40.39
44,Comfort Solutions Fireplace,fireplace insert installers near me,0,0,informational,0,0.0,1756,40.39
44,Comfort Solutions Fireplace,fireplace insert maintenance,0,0,informational,0,0.0,1756,40.39
44,Comfort Solutions Fireplace,fireplace insert maintenance near me,0,0,informational,0,0.0,1756,40.39
44,Comfort Solutions Fireplace,fireplace insert near me,0,0,informational,0,0.0,1756,40.39
44,Comfort Solutions Fireplace,fireplace insert repair,0,0,informational,0,0.0,1756,40.39
44,Comfort Solutions Fireplace,fireplace insert repair near me,0,0,informational,0,0.0,1756,40.39
44,Comfort Solutions Fireplace,fireplace insert repair service,0,0,informational,0,0.0,1756,40.39
44,Comfort Solutions Fireplace,fireplace insert repair service near me,0,0,informational,0,0.0,1756,40.39
44,Comfort Solutions Fireplace,fireplace insert repairs,0,0,informational,0,0.0,1756,40.39
44,Comfort Solutions Fireplace,fireplace insert sales near me,0,0,informational,0,0.0,1756,40.39
44,Comfort Solutions Fireplace,fireplace insert stores,0,0,informational,0,0.0,1756,40.39
44,Comfort Solutions Fireplace,fireplace insert stores near me,0,0,informational,0,0.0,1756,40.39
44,Comfort Solutions Fireplace,fireplace insert with blower,0,0,informational,0,0.0,1756,40.39
44,Comfort Solutions Fireplace,fireplace inserts,0,0,informational,0,0.0,1756,40.39
44,Comfort Solutions Fireplace,fireplace inserts bountiful,0,0,informational,0,0.0,1756,40.39
44,Comfort Solutions Fireplace,fireplace inserts davis county,0,0,informational,0,0.0,1756,40.39
44,Comfort Solutions Fireplace,fireplace inserts draper,0,0,informational,0,0.0,1756,40.39
44,Comfort Solutions Fireplace,fireplace inserts electric near me,0,0,informational,0,0.0,1756,40.39
44,Comfort Solutions Fireplace,fireplace inserts gas,0,0,informational,0,0.0,1756,40.39
44,Comfort Solutions Fireplace,fireplace inserts gas near me,0,0,informational,0,0.0,1756,40.39
44,Comfort Solutions Fireplace,fireplace inserts installers near me,0,0,informational,0,0.0,1756,40.39
44,Comfort Solutions Fireplace,fireplace inserts millcreek ut,0,0,informational,0,0.0,1756,40.39
44,Comfort Solutions Fireplace,fireplace inserts near me,0,0,informational,0,0.0,1756,40.39
44,Comfort Solutions Fireplace,fireplace inserts near me gas,0,0,informational,0,0.0,1756,40.39
44,Comfort Solutions Fireplace,fireplace inserts nearby,0,0,informational,0,0.0,1756,40.39
44,Comfort Solutions Fireplace,fireplace inserts ogden utah,0,0,informational,0,0.0,1756,40.39
44,Comfort Solutions Fireplace,fireplace inserts park city,0,0,informational,0,0.0,1756,40.39
44,Comfort Solutions Fireplace,fireplace inserts repair,0,0,informational,0,0.0,1756,40.39
44,Comfort Solutions Fireplace,fireplace inserts repair near me,0,0,informational,0,0.0,1756,40.39
44,Comfort Solutions Fireplace,fireplace inserts salt lake county,0,0,informational,0,0.0,1756,40.39
44,Comfort Solutions Fireplace,fireplace inserts sandy,0,0,informational,0,0.0,1756,40.39
44,Comfort Solutions Fireplace,fireplace inserts store near me,0,0,informational,0,0.0,1756,40.39
44,Comfort Solutions Fireplace,fireplace inserts utah county,0,0,informational,0,0.0,1756,40.39
44,Comfort Solutions Fireplace,fireplace inserts weber county,0,0,informational,0,0.0,1756,40.39
44,Comfort Solutions Fireplace,fireplace inserts west valley city,0,0,informational,0,0.0,1756,40.39
44,Comfort Solutions Fireplace,fireplace inserts with fans,0,0,informational,0,0.0,1756,40.39
44,Comfort Solutions Fireplace,fireplace instalation,0,0,informational,0,0.0,1756,40.39
44,Comfort Solutions Fireplace,fireplace install,0,0,informational,0,0.0,1756,40.39
44,Comfort Solutions Fireplace,fireplace install companies near me,0,0,informational,0,0.0,1756,40.39
44,Comfort Solutions Fireplace,fireplace install near me,0,0,informational,0,0.0,1756,40.39
44,Comfort Solutions Fireplace,fireplace installation,0,0,informational,0,0.0,1756,40.39
44,Comfort Solutions Fireplace,fireplace installation and repair near me,0,0,informational,0,0.0,1756,40.39
44,Comfort Solutions Fireplace,fireplace installation companies,0,0,informational,0,0.0,1756,40.39
44,Comfort Solutions Fireplace,fireplace installation companies near me,0,0,informational,0,0.0,1756,40.39
44,Comfort Solutions Fireplace,fireplace installation company,0,0,informational,0,0.0,1756,40.39
44,Comfort Solutions Fireplace,fireplace installation contractors near me,0,0,informational,0,0.0,1756,40.39
44,Comfort Solutions Fireplace,fireplace installation guide,0,0,informational,0,0.0,1756,40.39
44,Comfort Solutions Fireplace,fireplace installation hyrum,0,0,informational,0,0.0,1756,40.39
44,Comfort Solutions Fireplace,fireplace installation near me,0,0,informational,0,0.0,1756,40.39
44,Comfort Solutions Fireplace,fireplace installation process,0,0,informational,0,0.0,1756,40.39
44,Comfort Solutions Fireplace,fireplace installation requirements,0,0,informational,0,0.0,1756,40.39
44,Comfort Solutions Fireplace,fireplace installation service,0,0,informational,0,0.0,1756,40.39
44,Comfort Solutions Fireplace,fireplace installation services near me,0,0,informational,0,0.0,1756,40.39
44,Comfort Solutions Fireplace,fireplace installation services washington ut,0,0,informational,0,0.0,1756,40.39
44,Comfort Solutions Fireplace,"fireplace installation smithfield, ut",0,0,informational,0,0.0,1756,40.39
44,Comfort Solutions Fireplace,fireplace installation st. george,0,0,informational,0,0.0,1756,40.39
44,Comfort Solutions Fireplace,fireplace installation utah county,0,0,informational,0,0.0,1756,40.39
44,Comfort Solutions Fireplace,fireplace installation wellington,0,0,informational,0,0.0,1756,40.39
44,Comfort Solutions Fireplace,fireplace installation wells,0,0,informational,0,0.0,1756,40.39
44,Comfort Solutions Fireplace,fireplace installations,0,0,informational,0,0.0,1756,40.39
44,Comfort Solutions Fireplace,fireplace installed,0,0,informational,0,0.0,1756,40.39
44,Comfort Solutions Fireplace,fireplace installer,0,0,informational,0,0.0,1756,40.39
44,Comfort Solutions Fireplace,fireplace installer near me,0,0,informational,0,0.0,1756,40.39
44,Comfort Solutions Fireplace,fireplace installers,0,0,informational,0,0.0,1756,40.39
44,Comfort Solutions Fireplace,fireplace installers herriman ut,0,0,informational,0,0.0,1756,40.39
44,Comfort Solutions Fireplace,fireplace installers in my area,0,0,informational,0,0.0,1756,40.39
44,Comfort Solutions Fireplace,fireplace installers in st. george ut,0,0,informational,0,0.0,1756,40.39
44,Comfort Solutions Fireplace,fireplace installers salt lake city,0,0,informational,0,0.0,1756,40.39
44,Comfort Solutions Fireplace,fireplace insulation insert,0,0,informational,0,0.0,1756,40.39
44,Comfort Solutions Fireplace,fireplace key how to use,0,0,informational,0,0.0,1756,40.39
44,Comfort Solutions Fireplace,fireplace layton utah,0,0,informational,0,0.0,1756,40.39
44,Comfort Solutions Fireplace,fireplace locations,0,0,informational,0,0.0,1756,40.39
44,Comfort Solutions Fireplace,fireplace log cleaning,0,0,informational,0,0.0,1756,40.39
44,Comfort Solutions Fireplace,fireplace log installation near me,0,0,informational,0,0.0,1756,40.39
44,Comfort Solutions Fireplace,fireplace maintenance,0,0,informational,0,0.0,1756,40.39
44,Comfort Solutions Fireplace,fireplace maintenance and repair,0,0,informational,0,0.0,1756,40.39
44,Comfort Solutions Fireplace,fireplace maintenance and repair near me,0,0,informational,0,0.0,1756,40.39
44,Comfort Solutions Fireplace,fireplace maintenance companies,0,0,informational,0,0.0,1756,40.39
44,Comfort Solutions Fireplace,fireplace maintenance contractors,0,0,informational,0,0.0,1756,40.39
44,Comfort Solutions Fireplace,fireplace maintenance gas,0,0,informational,0,0.0,1756,40.39
44,Comfort Solutions Fireplace,fireplace maintenance service,0,0,informational,0,0.0,1756,40.39
44,Comfort Solutions Fireplace,fireplace maintenance service near me,0,0,informational,0,0.0,1756,40.39
44,Comfort Solutions Fireplace,fireplace maintenance services,0,0,informational,0,0.0,1756,40.39
44,Comfort Solutions Fireplace,fireplace man,0,0,informational,0,0.0,1756,40.39
44,Comfort Solutions Fireplace,fireplace mantel near me,0,0,informational,0,0.0,1756,40.39
44,Comfort Solutions Fireplace,fireplace mantles near me,0,0,informational,0,0.0,1756,40.39
44,Comfort Solutions Fireplace,fireplace masons,0,0,informational,0,0.0,1756,40.39
44,Comfort Solutions Fireplace,fireplace mean,0,0,informational,0,0.0,1756,40.39
44,Comfort Solutions Fireplace,fireplace means,0,0,informational,0,0.0,1756,40.39
44,Comfort Solutions Fireplace,fireplace near me,0,0,informational,0,0.0,1756,40.39
44,Comfort Solutions Fireplace,fireplace nearby,0,0,informational,0,0.0,1756,40.39
44,Comfort Solutions Fireplace,fireplace opening dimensions,0,0,informational,0,0.0,1756,40.39
44,Comfort Solutions Fireplace,fireplace or chimney,0,0,informational,0,0.0,1756,40.39
44,Comfort Solutions Fireplace,fireplace orem utah,0,0,informational,0,0.0,1756,40.39
44,Comfort Solutions Fireplace,fireplace outfitters,0,0,informational,0,0.0,1756,40.39
44,Comfort Solutions Fireplace,fireplace parts near me,0,0,informational,0,0.0,1756,40.39
44,Comfort Solutions Fireplace,fireplace parts store near me,0,0,informational,0,0.0,1756,40.39
44,Comfort Solutions Fireplace,fireplace pavers provo,0,0,informational,0,0.0,1756,40.39
44,Comfort Solutions Fireplace,fireplace pavers utah,0,0,informational,0,0.0,1756,40.39
44,Comfort Solutions Fireplace,fireplace place,0,0,informational,0,0.0,1756,40.39
44,Comfort Solutions Fireplace,fireplace place near me,0,0,informational,0,0.0,1756,40.39
44,Comfort Solutions Fireplace,fireplace place orem,0,0,informational,0,0.0,1756,40.39
44,Comfort Solutions Fireplace,fireplace places near me,0,0,informational,0,0.0,1756,40.39
44,Comfort Solutions Fireplace,fireplace preparation,0,0,informational,0,0.0,1756,40.39
44,Comfort Solutions Fireplace,fireplace professionals,0,0,informational,0,0.0,1756,40.39
44,Comfort Solutions Fireplace,fireplace pros,0,0,informational,0,0.0,1756,40.39
44,Comfort Solutions Fireplace,fireplace rebuilds,0,0,informational,0,0.0,1756,40.39
44,Comfort Solutions Fireplace,fireplace refurbish,0,0,informational,0,0.0,1756,40.39
44,Comfort Solutions Fireplace,fireplace refurbishing,0,0,informational,0,0.0,1756,40.39
44,Comfort Solutions Fireplace,fireplace refurbishing service,0,0,informational,0,0.0,1756,40.39
44,Comfort Solutions Fireplace,fireplace refurbishing service crystal lake,0,0,informational,0,0.0,1756,40.39
44,Comfort Solutions Fireplace,fireplace remodel contractors,0,0,informational,0,0.0,1756,40.39
44,Comfort Solutions Fireplace,fireplace remodel near me,0,0,informational,0,0.0,1756,40.39
44,Comfort Solutions Fireplace,fireplace remodelers,0,0,informational,0,0.0,1756,40.39
44,Comfort Solutions Fireplace,fireplace remodeling near me,0,0,informational,0,0.0,1756,40.39
44,Comfort Solutions Fireplace,fireplace remodeling oakdale,0,0,informational,0,0.0,1756,40.39
44,Comfort Solutions Fireplace,fireplace remodeling oyster bay,0,0,informational,0,0.0,1756,40.39
44,Comfort Solutions Fireplace,fireplace rennovation services,0,0,informational,0,0.0,1756,40.39
44,Comfort Solutions Fireplace,fireplace renovation near me,0,0,informational,0,0.0,1756,40.39
44,Comfort Solutions Fireplace,fireplace renovation services,0,0,informational,0,0.0,1756,40.39
44,Comfort Solutions Fireplace,fireplace renovations near me,0,0,informational,0,0.0,1756,40.39
44,Comfort Solutions Fireplace,fireplace repair and maintenance,0,0,informational,0,0.0,1756,40.39
44,Comfort Solutions Fireplace,fireplace repair and service,0,0,informational,0,0.0,1756,40.39
44,Comfort Solutions Fireplace,fireplace repair battery park city,0,0,informational,0,0.0,1756,40.39
44,Comfort Solutions Fireplace,fireplace repair brookdale,0,0,informational,0,0.0,1756,40.39
44,Comfort Solutions Fireplace,fireplace repair colorado springs,0,0,informational,0,0.0,1756,40.39
44,Comfort Solutions Fireplace,fireplace repair companies near me,0,0,informational,0,0.0,1756,40.39
44,Comfort Solutions Fireplace,fireplace repair company,0,0,informational,0,0.0,1756,40.39
44,Comfort Solutions Fireplace,fireplace repair company near me,0,0,informational,0,0.0,1756,40.39
44,Comfort Solutions Fireplace,fireplace repair contractors,0,0,informational,0,0.0,1756,40.39
44,Comfort Solutions Fireplace,fireplace repair garden city park,0,0,informational,0,0.0,1756,40.39
44,Comfort Solutions Fireplace,fireplace repair gas,0,0,informational,0,0.0,1756,40.39
44,Comfort Solutions Fireplace,fireplace repair kensington,0,0,informational,0,0.0,1756,40.39
44,Comfort Solutions Fireplace,fireplace repair near me gas,0,0,informational,0,0.0,1756,40.39
44,Comfort Solutions Fireplace,fireplace repair near me within 5 mi,0,0,informational,0,0.0,1756,40.39
44,Comfort Solutions Fireplace,fireplace repair old field,0,0,informational,0,0.0,1756,40.39
44,Comfort Solutions Fireplace,fireplace repair service,0,0,informational,0,0.0,1756,40.39
44,Comfort Solutions Fireplace,fireplace repair service near me,0,0,informational,0,0.0,1756,40.39
44,Comfort Solutions Fireplace,fireplace repair utah,0,0,informational,0,0.0,1756,40.39
44,Comfort Solutions Fireplace,fireplace repair utah county,0,0,informational,0,0.0,1756,40.39
44,Comfort Solutions Fireplace,fireplace repair west side,0,0,informational,0,0.0,1756,40.39
44,Comfort Solutions Fireplace,fireplace repairman,0,0,informational,0,0.0,1756,40.39
44,Comfort Solutions Fireplace,fireplace repairman near me,0,0,informational,0,0.0,1756,40.39
44,Comfort Solutions Fireplace,fireplace repairs,0,0,informational,0,0.0,1756,40.39
44,Comfort Solutions Fireplace,fireplace repairs gas,0,0,informational,0,0.0,1756,40.39
44,Comfort Solutions Fireplace,fireplace repairs in my area,0,0,informational,0,0.0,1756,40.39
44,Comfort Solutions Fireplace,fireplace replace,0,0,informational,0,0.0,1756,40.39
44,Comfort Solutions Fireplace,fireplace replacement,0,0,informational,0,0.0,1756,40.39
44,Comfort Solutions Fireplace,fireplace replacement near me,0,0,informational,0,0.0,1756,40.39
44,Comfort Solutions Fireplace,fireplace replacement utah,0,0,informational,0,0.0,1756,40.39
44,Comfort Solutions Fireplace,fireplace restorers,0,0,informational,0,0.0,1756,40.39
44,Comfort Solutions Fireplace,fireplace retailer near me,0,0,informational,0,0.0,1756,40.39
44,Comfort Solutions Fireplace,fireplace retailers near me,0,0,informational,0,0.0,1756,40.39
44,Comfort Solutions Fireplace,fireplace sales,0,0,informational,0,0.0,1756,40.39
44,Comfort Solutions Fireplace,fireplace sales and installation,0,0,informational,0,0.0,1756,40.39
44,Comfort Solutions Fireplace,fireplace sales and service near me,0,0,informational,0,0.0,1756,40.39
44,Comfort Solutions Fireplace,fireplace sales near me,0,0,informational,0,0.0,1756,40.39
44,Comfort Solutions Fireplace,fireplace screen repair near me,0,0,informational,0,0.0,1756,40.39
44,Comfort Solutions Fireplace,fireplace screen replacement near me,0,0,informational,0,0.0,1756,40.39
44,Comfort Solutions Fireplace,fireplace season,0,0,informational,0,0.0,1756,40.39
44,Comfort Solutions Fireplace,fireplace service and repair,0,0,informational,0,0.0,1756,40.39
44,Comfort Solutions Fireplace,fireplace service and repair near me,0,0,informational,0,0.0,1756,40.39
44,Comfort Solutions Fireplace,fireplace service companies near me,0,0,informational,0,0.0,1756,40.39
44,Comfort Solutions Fireplace,fireplace service gas,0,0,informational,0,0.0,1756,40.39
44,Comfort Solutions Fireplace,fireplace service near me gas,0,0,informational,0,0.0,1756,40.39
44,Comfort Solutions Fireplace,fireplace service ogden ut,0,0,informational,0,0.0,1756,40.39
44,Comfort Solutions Fireplace,fireplace service technician,0,0,informational,0,0.0,1756,40.39
44,Comfort Solutions Fireplace,fireplace service utah county,0,0,informational,0,0.0,1756,40.39
44,Comfort Solutions Fireplace,fireplace services,0,0,informational,0,0.0,1756,40.39
44,Comfort Solutions Fireplace,fireplace services herriman ut,0,0,informational,0,0.0,1756,40.39
44,Comfort Solutions Fireplace,fireplace services near me,0,0,informational,0,0.0,1756,40.39
44,Comfort Solutions Fireplace,fireplace servicing near me,0,0,informational,0,0.0,1756,40.39
44,Comfort Solutions Fireplace,fireplace setup,0,0,informational,0,0.0,1756,40.39
44,Comfort Solutions Fireplace,fireplace shelf,0,0,informational,0,0.0,1756,40.39
44,Comfort Solutions Fireplace,fireplace shop near me,0,0,informational,0,0.0,1756,40.39
44,Comfort Solutions Fireplace,fireplace shoppe near me,0,0,informational,0,0.0,1756,40.39
44,Comfort Solutions Fireplace,fireplace shops,0,0,informational,0,0.0,1756,40.39
44,Comfort Solutions Fireplace,fireplace shops near me,0,0,informational,0,0.0,1756,40.39
44,Comfort Solutions Fireplace,fireplace show room,0,0,informational,0,0.0,1756,40.39
44,Comfort Solutions Fireplace,fireplace showroom,0,0,informational,0,0.0,1756,40.39
44,Comfort Solutions Fireplace,fireplace showroom near me,0,0,informational,0,0.0,1756,40.39
44,Comfort Solutions Fireplace,fireplace showrooms,0,0,informational,0,0.0,1756,40.39
44,Comfort Solutions Fireplace,fireplace size vs room size,0,0,informational,0,0.0,1756,40.39
44,Comfort Solutions Fireplace,fireplace sizing,0,0,informational,0,0.0,1756,40.39
44,Comfort Solutions Fireplace,fireplace solution,0,0,informational,0,0.0,1756,40.39
44,Comfort Solutions Fireplace,fireplace solutions,0,0,informational,0,0.0,1756,40.39
44,Comfort Solutions Fireplace,fireplace solutions & services,0,0,informational,0,0.0,1756,40.39
44,Comfort Solutions Fireplace,fireplace solutions & services reviews,0,0,informational,0,0.0,1756,40.39
44,Comfort Solutions Fireplace,fireplace solutions and services,0,0,informational,0,0.0,1756,40.39
44,Comfort Solutions Fireplace,fireplace solutions near me,0,0,informational,0,0.0,1756,40.39
44,Comfort Solutions Fireplace,fireplace specialist,0,0,informational,0,0.0,1756,40.39
44,Comfort Solutions Fireplace,fireplace specialists near me,0,0,informational,0,0.0,1756,40.39
44,Comfort Solutions Fireplace,fireplace stairs,0,0,informational,0,0.0,1756,40.39
44,Comfort Solutions Fireplace,fireplace starting,0,0,informational,0,0.0,1756,40.39
44,Comfort Solutions Fireplace,fireplace startup,0,0,informational,0,0.0,1756,40.39
44,Comfort Solutions Fireplace,fireplace stire near me,0,0,informational,0,0.0,1756,40.39
44,Comfort Solutions Fireplace,fireplace store,0,0,informational,0,0.0,1756,40.39
44,Comfort Solutions Fireplace,fireplace store draper,0,0,informational,0,0.0,1756,40.39
44,Comfort Solutions Fireplace,fireplace store farmington,0,0,informational,0,0.0,1756,40.39
44,Comfort Solutions Fireplace,fireplace store layton,0,0,informational,0,0.0,1756,40.39
44,Comfort Solutions Fireplace,fireplace store near me kaysville,0,0,informational,0,0.0,1756,40.39
44,Comfort Solutions Fireplace,fireplace store near me now,0,0,informational,0,0.0,1756,40.39
44,Comfort Solutions Fireplace,fireplace store nearby,0,0,informational,0,0.0,1756,40.39
44,Comfort Solutions Fireplace,fireplace store ogden utah,0,0,informational,0,0.0,1756,40.39
44,Comfort Solutions Fireplace,fireplace store park city,0,0,informational,0,0.0,1756,40.39
44,Comfort Solutions Fireplace,fireplace store salt lake,0,0,informational,0,0.0,1756,40.39
44,Comfort Solutions Fireplace,fireplace store salt lake city,0,0,informational,0,0.0,1756,40.39
44,Comfort Solutions Fireplace,fireplace store salt lake county,0,0,informational,0,0.0,1756,40.39
44,Comfort Solutions Fireplace,fireplace store sandy,0,0,informational,0,0.0,1756,40.39
44,Comfort Solutions Fireplace,fireplace store summit county,0,0,informational,0,0.0,1756,40.39
44,Comfort Solutions Fireplace,fireplace store utah,0,0,informational,0,0.0,1756,40.39
44,Comfort Solutions Fireplace,fireplace stores,0,0,informational,0,0.0,1756,40.39
44,Comfort Solutions Fireplace,fireplace stores close to me,0,0,informational,0,0.0,1756,40.39
44,Comfort Solutions Fireplace,fireplace stores in my area,0,0,informational,0,0.0,1756,40.39
44,Comfort Solutions Fireplace,fireplace stores in orange county,0,0,informational,0,0.0,1756,40.39
44,Comfort Solutions Fireplace,fireplace stores in salt lake city,0,0,informational,0,0.0,1756,40.39
44,Comfort Solutions Fireplace,fireplace stores near me now,0,0,informational,0,0.0,1756,40.39
44,Comfort Solutions Fireplace,fireplace stores near my location,0,0,informational,0,0.0,1756,40.39
44,Comfort Solutions Fireplace,fireplace stores nearby,0,0,informational,0,0.0,1756,40.39
44,Comfort Solutions Fireplace,fireplace stores salt lake city,0,0,informational,0,0.0,1756,40.39
44,Comfort Solutions Fireplace,fireplace suites near me,0,0,informational,0,0.0,1756,40.39
44,Comfort Solutions Fireplace,fireplace supplies store near me,0,0,informational,0,0.0,1756,40.39
44,Comfort Solutions Fireplace,fireplace supply near me,0,0,informational,0,0.0,1756,40.39
44,Comfort Solutions Fireplace,fireplace supply store near me,0,0,informational,0,0.0,1756,40.39
44,Comfort Solutions Fireplace,fireplace supply stores near me,0,0,informational,0,0.0,1756,40.39
44,Comfort Solutions Fireplace,fireplace surround installers near me,0,0,informational,0,0.0,1756,40.39
44,Comfort Solutions Fireplace,fireplace technician,0,0,informational,0,0.0,1756,40.39
44,Comfort Solutions Fireplace,fireplace technician near me,0,0,informational,0,0.0,1756,40.39
44,Comfort Solutions Fireplace,fireplace technicians,0,0,informational,0,0.0,1756,40.39
44,Comfort Solutions Fireplace,fireplace technicians near me,0,0,informational,0,0.0,1756,40.39
44,Comfort Solutions Fireplace,fireplace top fan,0,0,informational,0,0.0,1756,40.39
44,Comfort Solutions Fireplace,fireplace tune up,0,0,informational,0,0.0,1756,40.39
44,Comfort Solutions Fireplace,fireplace tune up near me,0,0,informational,0,0.0,1756,40.39
44,Comfort Solutions Fireplace,fireplace utah county,0,0,informational,0,0.0,1756,40.39
44,Comfort Solutions Fireplace,fireplace vendors near me,0,0,informational,0,0.0,1756,40.39
44,Comfort Solutions Fireplace,fireplace village,0,0,informational,0,0.0,1756,40.39
44,Comfort Solutions Fireplace,fireplace wharehouse,0,0,informational,0,0.0,1756,40.39
44,Comfort Solutions Fireplace,fireplace with a blower,0,0,informational,0,0.0,1756,40.39
44,Comfort Solutions Fireplace,fireplace with blower,0,0,informational,0,0.0,1756,40.39
44,Comfort Solutions Fireplace,fireplace with blower how does it work,0,0,informational,0,0.0,1756,40.39
44,Comfort Solutions Fireplace,fireplace with blowers,0,0,informational,0,0.0,1756,40.39
44,Comfort Solutions Fireplace,fireplace work near me,0,0,informational,0,0.0,1756,40.39
44,Comfort Solutions Fireplace,fireplace workers,0,0,informational,0,0.0,1756,40.39
44,Comfort Solutions Fireplace,fireplace xtrordinair dealers near me,0,0,informational,0,0.0,1756,40.39
44,Comfort Solutions Fireplace,fireplace معنى,0,0,informational,0,0.0,1756,40.39
44,Comfort Solutions Fireplace,fireplace 意思,0,0,informational,0,0.0,1756,40.39
44,Comfort Solutions Fireplace,fireplace.store near me,0,0,informational,0,0.0,1756,40.39
44,Comfort Solutions Fireplace,fireplacea,0,0,informational,0,0.0,1756,40.39
44,Comfort Solutions Fireplace,fireplaceblowers.com,0,0,informational,0,0.0,1756,40.39
44,Comfort Solutions Fireplace,fireplaceblowersonline,0,0,informational,0,0.0,1756,40.39
44,Comfort Solutions Fireplace,fireplaceblowersonline.com,0,0,informational,0,0.0,1756,40.39
44,Comfort Solutions Fireplace,fireplacepro,0,0,informational,0,0.0,1756,40.39
44,Comfort Solutions Fireplace,fireplaces,0,0,informational,0,0.0,1756,40.39
44,Comfort Solutions Fireplace,fireplaces bountiful,0,0,informational,0,0.0,1756,40.39
44,Comfort Solutions Fireplace,fireplaces by design,0,0,informational,0,0.0,1756,40.39
44,Comfort Solutions Fireplace,fireplaces companies,0,0,informational,0,0.0,1756,40.39
44,Comfort Solutions Fireplace,fireplaces contractor,0,0,informational,0,0.0,1756,40.39
44,Comfort Solutions Fireplace,fireplaces for sale,0,0,informational,0,0.0,1756,40.39
44,Comfort Solutions Fireplace,fireplaces for sale near me,0,0,informational,0,0.0,1756,40.39
44,Comfort Solutions Fireplace,fireplaces gas near me,0,0,informational,0,0.0,1756,40.39
44,Comfort Solutions Fireplace,fireplaces inc,0,0,informational,0,0.0,1756,40.39
44,Comfort Solutions Fireplace,fireplaces installers,0,0,informational,0,0.0,1756,40.39
44,Comfort Solutions Fireplace,fireplaces installers near me,0,0,informational,0,0.0,1756,40.39
44,Comfort Solutions Fireplace,fireplaces layton ut,0,0,informational,0,0.0,1756,40.39
44,Comfort Solutions Fireplace,fireplaces meaning,0,0,informational,0,0.0,1756,40.39
44,Comfort Solutions Fireplace,fireplaces near me,0,0,informational,0,0.0,1756,40.39
44,Comfort Solutions Fireplace,fireplaces repair,0,0,informational,0,0.0,1756,40.39
44,Comfort Solutions Fireplace,fireplaces repair near me,0,0,informational,0,0.0,1756,40.39
44,Comfort Solutions Fireplace,fireplaces repairs,0,0,informational,0,0.0,1756,40.39
44,Comfort Solutions Fireplace,fireplaces sales near me,0,0,informational,0,0.0,1756,40.39
44,Comfort Solutions Fireplace,fireplaces salt lake,0,0,informational,0,0.0,1756,40.39
44,Comfort Solutions Fireplace,fireplaces st george utah,0,0,informational,0,0.0,1756,40.39
44,Comfort Solutions Fireplace,fireplaces stores,0,0,informational,0,0.0,1756,40.39
44,Comfort Solutions Fireplace,fireplaces utah county,0,0,informational,0,0.0,1756,40.39
44,Comfort Solutions Fireplace,fireplaces with blowers,0,0,informational,0,0.0,1756,40.39
44,Comfort Solutions Fireplace,fireplacesw,0,0,informational,0,0.0,1756,40.39
44,Comfort Solutions Fireplace,fireplacrs,0,0,informational,0,0.0,1756,40.39
44,Comfort Solutions Fireplace,fireside shop,0,0,informational,0,0.0,1756,40.39
44,Comfort Solutions Fireplace,firplaces,0,0,informational,0,0.0,1756,40.39
44,Comfort Solutions Fireplace,first class fireplace,0,0,informational,0,0.0,1756,40.39
44,Comfort Solutions Fireplace,fix a fireplace,0,0,informational,0,0.0,1756,40.39
44,Comfort Solutions Fireplace,fix fireplace,0,0,informational,0,0.0,1756,40.39
44,Comfort Solutions Fireplace,fix fireplace services,0,0,informational,0,0.0,1756,40.39
44,Comfort Solutions Fireplace,fix gas fireplace,0,0,informational,0,0.0,1756,40.39
44,Comfort Solutions Fireplace,fix gas fireplace aurora,0,0,informational,0,0.0,1756,40.39
44,Comfort Solutions Fireplace,fix gas fireplace near me,0,0,informational,0,0.0,1756,40.39
44,Comfort Solutions Fireplace,fix my gas fireplace,0,0,informational,0,0.0,1756,40.39
44,Comfort Solutions Fireplace,fix my gas fireplace near me,0,0,informational,0,0.0,1756,40.39
44,Comfort Solutions Fireplace,fixing a gas fireplace,0,0,informational,0,0.0,1756,40.39
44,Comfort Solutions Fireplace,frameless fireplace,0,0,informational,0,0.0,1756,40.39
44,Comfort Solutions Fireplace,framing a fireplace chase,0,0,informational,0,0.0,1756,40.39
44,Comfort Solutions Fireplace,free estimate fireplace repair,0,0,informational,0,0.0,1756,40.39
44,Comfort Solutions Fireplace,freestanding gas fireplace near me,0,0,informational,0,0.0,1756,40.39
44,Comfort Solutions Fireplace,freestanding gas fireplace utah,0,0,informational,0,0.0,1756,40.39
44,Comfort Solutions Fireplace,freestanding gas stoves utah,0,0,informational,0,0.0,1756,40.39
44,Comfort Solutions Fireplace,front facing fireplaces,0,0,informational,0,0.0,1756,40.39
44,Comfort Solutions Fireplace,front of fireplace,0,0,informational,0,0.0,1756,40.39
44,Comfort Solutions Fireplace,furnace and fireplace service,0,0,informational,0,0.0,1756,40.39
44,Comfort Solutions Fireplace,furnace and gas fireplace service,0,0,informational,0,0.0,1756,40.39
44,Comfort Solutions Fireplace,gas and electric fireplace,0,0,informational,0,0.0,1756,40.39
44,Comfort Solutions Fireplace,gas and electric fireplaces near me,0,0,informational,0,0.0,1756,40.39
44,Comfort Solutions Fireplace,gas and fireplace,0,0,informational,0,0.0,1756,40.39
44,Comfort Solutions Fireplace,gas and fireplace repair,0,0,informational,0,0.0,1756,40.39
44,Comfort Solutions Fireplace,gas burning fireplace install,0,0,informational,0,0.0,1756,40.39
44,Comfort Solutions Fireplace,gas chimney fireplace,0,0,informational,0,0.0,1756,40.39
44,Comfort Solutions Fireplace,gas fire clearance,0,0,informational,0,0.0,1756,40.39
44,Comfort Solutions Fireplace,gas fire inserts for existing fireplaces near me,0,0,informational,0,0.0,1756,40.39
44,Comfort Solutions Fireplace,gas fire pit installation herriman ut,0,0,informational,0,0.0,1756,40.39
44,Comfort Solutions Fireplace,gas fire pit installers herriman ut,0,0,informational,0,0.0,1756,40.39
44,Comfort Solutions Fireplace,gas fire pit repair near me,0,0,informational,0,0.0,1756,40.39
44,Comfort Solutions Fireplace,gas fire place blower,0,0,informational,0,0.0,1756,40.39
44,Comfort Solutions Fireplace,gas fire place near me,0,0,informational,0,0.0,1756,40.39
44,Comfort Solutions Fireplace,gas fire place repair,0,0,informational,0,0.0,1756,40.39
44,Comfort Solutions Fireplace,gas fire place repair near me,0,0,informational,0,0.0,1756,40.39
44,Comfort Solutions Fireplace,gas fire place repairs,0,0,informational,0,0.0,1756,40.39
44,Comfort Solutions Fireplace,gas fire place service,0,0,informational,0,0.0,1756,40.39
44,Comfort Solutions Fireplace,gas fire place service near me,0,0,informational,0,0.0,1756,40.39
44,Comfort Solutions Fireplace,gas fire place wont turn on,0,0,informational,0,0.0,1756,40.39
44,Comfort Solutions Fireplace,gas fire places near me,0,0,informational,0,0.0,1756,40.39
44,Comfort Solutions Fireplace,gas fire repair,0,0,informational,0,0.0,1756,40.39
44,Comfort Solutions Fireplace,gas fire repair near me,0,0,informational,0,0.0,1756,40.39
44,Comfort Solutions Fireplace,gas fire repairs near me,0,0,informational,0,0.0,1756,40.39
44,Comfort Solutions Fireplace,gas fire service,0,0,informational,0,0.0,1756,40.39
44,Comfort Solutions Fireplace,gas fireplace,0,0,informational,0,0.0,1756,40.39
44,Comfort Solutions Fireplace,gas fireplace addition utah,0,0,informational,0,0.0,1756,40.39
44,Comfort Solutions Fireplace,gas fireplace adjust flame,0,0,informational,0,0.0,1756,40.39
44,Comfort Solutions Fireplace,gas fireplace alternatives,0,0,informational,0,0.0,1756,40.39
44,Comfort Solutions Fireplace,gas fireplace and installation,0,0,informational,0,0.0,1756,40.39
44,Comfort Solutions Fireplace,gas fireplace basics,0,0,informational,0,0.0,1756,40.39
44,Comfort Solutions Fireplace,gas fireplace blower installation,0,0,informational,0,0.0,1756,40.39
44,Comfort Solutions Fireplace,gas fireplace blower installation near me,0,0,informational,0,0.0,1756,40.39
44,Comfort Solutions Fireplace,gas fireplace blower motor,0,0,informational,0,0.0,1756,40.39
44,Comfort Solutions Fireplace,gas fireplace blower repair,0,0,informational,0,0.0,1756,40.39
44,Comfort Solutions Fireplace,gas fireplace blower replacement,0,0,informational,0,0.0,1756,40.39
44,Comfort Solutions Fireplace,gas fireplace blower vs no blower,0,0,informational,0,0.0,1756,40.39
44,Comfort Solutions Fireplace,gas fireplace blowers,0,0,informational,0,0.0,1756,40.39
44,Comfort Solutions Fireplace,gas fireplace bountiful,0,0,informational,0,0.0,1756,40.39
44,Comfort Solutions Fireplace,gas fireplace burner cleaning,0,0,informational,0,0.0,1756,40.39
44,Comfort Solutions Fireplace,gas fireplace care,0,0,informational,0,0.0,1756,40.39
44,Comfort Solutions Fireplace,gas fireplace check up,0,0,informational,0,0.0,1756,40.39
44,Comfort Solutions Fireplace,gas fireplace chimney,0,0,informational,0,0.0,1756,40.39
44,Comfort Solutions Fireplace,gas fireplace chimneys,0,0,informational,0,0.0,1756,40.39
44,Comfort Solutions Fireplace,gas fireplace clean,0,0,informational,0,0.0,1756,40.39
44,Comfort Solutions Fireplace,gas fireplace cleaner,0,0,informational,0,0.0,1756,40.39
44,Comfort Solutions Fireplace,gas fireplace cleaning,0,0,informational,0,0.0,1756,40.39
44,Comfort Solutions Fireplace,gas fireplace cleaning and maintenance,0,0,informational,0,0.0,1756,40.39
44,Comfort Solutions Fireplace,gas fireplace cleaning and repair,0,0,informational,0,0.0,1756,40.39
44,Comfort Solutions Fireplace,gas fireplace cleaning and service,0,0,informational,0,0.0,1756,40.39
44,Comfort Solutions Fireplace,gas fireplace cleaning central west,0,0,informational,0,0.0,1756,40.39
44,Comfort Solutions Fireplace,gas fireplace cleaning hillsdale,0,0,informational,0,0.0,1756,40.39
44,Comfort Solutions Fireplace,gas fireplace cleaning hillsdale manor,0,0,informational,0,0.0,1756,40.39
44,Comfort Solutions Fireplace,gas fireplace cleaning service,0,0,informational,0,0.0,1756,40.39
44,Comfort Solutions Fireplace,gas fireplace cleaning service near me,0,0,informational,0,0.0,1756,40.39
44,Comfort Solutions Fireplace,gas fireplace cleaning west end,0,0,informational,0,0.0,1756,40.39
44,Comfort Solutions Fireplace,gas fireplace cleaning west view,0,0,informational,0,0.0,1756,40.39
44,Comfort Solutions Fireplace,gas fireplace companies,0,0,informational,0,0.0,1756,40.39
44,Comfort Solutions Fireplace,gas fireplace companies in my area,0,0,informational,0,0.0,1756,40.39
44,Comfort Solutions Fireplace,gas fireplace companies near me,0,0,informational,0,0.0,1756,40.39
44,Comfort Solutions Fireplace,gas fireplace company near me,0,0,informational,0,0.0,1756,40.39
44,Comfort Solutions Fireplace,gas fireplace contractor,0,0,informational,0,0.0,1756,40.39
44,Comfort Solutions Fireplace,gas fireplace contractors hinsdale,0,0,informational,0,0.0,1756,40.39
44,Comfort Solutions Fireplace,gas fireplace contractors near me,0,0,informational,0,0.0,1756,40.39
44,Comfort Solutions Fireplace,gas fireplace corner,0,0,informational,0,0.0,1756,40.39
44,Comfort Solutions Fireplace,gas fireplace davis county,0,0,informational,0,0.0,1756,40.39
44,Comfort Solutions Fireplace,gas fireplace dealers near me,0,0,informational,0,0.0,1756,40.39
44,Comfort Solutions Fireplace,gas fireplace draper,0,0,informational,0,0.0,1756,40.39
44,Comfort Solutions Fireplace,gas fireplace embers near me,0,0,informational,0,0.0,1756,40.39
44,Comfort Solutions Fireplace,gas fireplace fan repair,0,0,informational,0,0.0,1756,40.39
44,Comfort Solutions Fireplace,gas fireplace fan replacement,0,0,informational,0,0.0,1756,40.39
44,Comfort Solutions Fireplace,gas fireplace farmington,0,0,informational,0,0.0,1756,40.39
44,Comfort Solutions Fireplace,gas fireplace fixer,0,0,informational,0,0.0,1756,40.39
44,Comfort Solutions Fireplace,gas fireplace flame height,0,0,informational,0,0.0,1756,40.39
44,Comfort Solutions Fireplace,gas fireplace for sale heber ut,0,0,informational,0,0.0,1756,40.39
44,Comfort Solutions Fireplace,gas fireplace for sale near me,0,0,informational,0,0.0,1756,40.39
44,Comfort Solutions Fireplace,gas fireplace framing dimensions,0,0,informational,0,0.0,1756,40.39
44,Comfort Solutions Fireplace,gas fireplace glass replacement near me,0,0,informational,0,0.0,1756,40.39
44,Comfort Solutions Fireplace,"gas fireplace guide,",0,0,informational,0,0.0,1756,40.39
44,Comfort Solutions Fireplace,gas fireplace heber ut,0,0,informational,0,0.0,1756,40.39
44,Comfort Solutions Fireplace,gas fireplace how to start,0,0,informational,0,0.0,1756,40.39
44,Comfort Solutions Fireplace,gas fireplace how to use,0,0,informational,0,0.0,1756,40.39
44,Comfort Solutions Fireplace,gas fireplace humidity,0,0,informational,0,0.0,1756,40.39
44,Comfort Solutions Fireplace,gas fireplace insert,0,0,informational,0,0.0,1756,40.39
44,Comfort Solutions Fireplace,gas fireplace insert cleaning,0,0,informational,0,0.0,1756,40.39
44,Comfort Solutions Fireplace,gas fireplace insert companies near me,0,0,informational,0,0.0,1756,40.39
44,Comfort Solutions Fireplace,gas fireplace insert installation near me,0,0,informational,0,0.0,1756,40.39
44,Comfort Solutions Fireplace,gas fireplace insert installers near me,0,0,informational,0,0.0,1756,40.39
44,Comfort Solutions Fireplace,gas fireplace insert maintenance,0,0,informational,0,0.0,1756,40.39
44,Comfort Solutions Fireplace,gas fireplace insert maintenance near me,0,0,informational,0,0.0,1756,40.39
44,Comfort Solutions Fireplace,gas fireplace insert nearby,0,0,informational,0,0.0,1756,40.39
44,Comfort Solutions Fireplace,gas fireplace insert repair near me,0,0,informational,0,0.0,1756,40.39
44,Comfort Solutions Fireplace,gas fireplace insert repair service near me,0,0,informational,0,0.0,1756,40.39
44,Comfort Solutions Fireplace,gas fireplace insert repairs,0,0,informational,0,0.0,1756,40.39
44,Comfort Solutions Fireplace,gas fireplace insert store,0,0,informational,0,0.0,1756,40.39
44,Comfort Solutions Fireplace,gas fireplace insert utah,0,0,informational,0,0.0,1756,40.39
44,Comfort Solutions Fireplace,gas fireplace insert vs electric,0,0,informational,0,0.0,1756,40.39
44,Comfort Solutions Fireplace,gas fireplace insert with blower,0,0,informational,0,0.0,1756,40.39
44,Comfort Solutions Fireplace,gas fireplace inserts,0,0,informational,0,0.0,1756,40.39
44,Comfort Solutions Fireplace,gas fireplace inserts holladay ut,0,0,informational,0,0.0,1756,40.39
44,Comfort Solutions Fireplace,gas fireplace inserts millcreek ut,0,0,informational,0,0.0,1756,40.39
44,Comfort Solutions Fireplace,gas fireplace inserts near me,0,0,informational,0,0.0,1756,40.39
44,Comfort Solutions Fireplace,gas fireplace inserts repair,0,0,informational,0,0.0,1756,40.39
44,Comfort Solutions Fireplace,gas fireplace inserts sandy,0,0,informational,0,0.0,1756,40.39
44,Comfort Solutions Fireplace,gas fireplace inserts sandy ut,0,0,informational,0,0.0,1756,40.39
44,Comfort Solutions Fireplace,gas fireplace inserts south salt lake city,0,0,informational,0,0.0,1756,40.39
44,Comfort Solutions Fireplace,gas fireplace inserts south salt lake city ut,0,0,informational,0,0.0,1756,40.39
44,Comfort Solutions Fireplace,gas fireplace inserts utah county,0,0,informational,0,0.0,1756,40.39
44,Comfort Solutions Fireplace,gas fireplace inspection,0,0,informational,0,0.0,1756,40.39
44,Comfort Solutions Fireplace,gas fireplace inspection near me,0,0,informational,0,0.0,1756,40.39
44,Comfort Solutions Fireplace,gas fireplace inspections,0,0,informational,0,0.0,1756,40.39
44,Comfort Solutions Fireplace,gas fireplace install near me,0,0,informational,0,0.0,1756,40.39
44,Comfort Solutions Fireplace,gas fireplace installation,0,0,informational,0,0.0,1756,40.39
44,Comfort Solutions Fireplace,gas fireplace installation and repair near me,0,0,informational,0,0.0,1756,40.39
44,Comfort Solutions Fireplace,gas fireplace installation bountiful,0,0,informational,0,0.0,1756,40.39
44,Comfort Solutions Fireplace,gas fireplace installation companies near me,0,0,informational,0,0.0,1756,40.39
44,Comfort Solutions Fireplace,gas fireplace installation near me,0,0,informational,0,0.0,1756,40.39
44,Comfort Solutions Fireplace,gas fireplace installation salt lake city,0,0,informational,0,0.0,1756,40.39
44,Comfort Solutions Fireplace,gas fireplace installation salt lake county,0,0,informational,0,0.0,1756,40.39
44,Comfort Solutions Fireplace,gas fireplace installation sandy,0,0,informational,0,0.0,1756,40.39
44,Comfort Solutions Fireplace,gas fireplace installation service near me,0,0,informational,0,0.0,1756,40.39
44,Comfort Solutions Fireplace,gas fireplace installation utah,0,0,informational,0,0.0,1756,40.39
44,Comfort Solutions Fireplace,gas fireplace installation west valley city,0,0,informational,0,0.0,1756,40.39
44,Comfort Solutions Fireplace,gas fireplace installations,0,0,informational,0,0.0,1756,40.39
44,Comfort Solutions Fireplace,gas fireplace installer near me,0,0,informational,0,0.0,1756,40.39
44,Comfort Solutions Fireplace,gas fireplace installers,0,0,informational,0,0.0,1756,40.39
44,Comfort Solutions Fireplace,gas fireplace installers in my area,0,0,informational,0,0.0,1756,40.39
44,Comfort Solutions Fireplace,gas fireplace installers near me,0,0,informational,0,0.0,1756,40.39
44,Comfort Solutions Fireplace,gas fireplace liner,0,0,informational,0,0.0,1756,40.39
44,Comfort Solutions Fireplace,gas fireplace log cleaning,0,0,informational,0,0.0,1756,40.39
44,Comfort Solutions Fireplace,gas fireplace log insert,0,0,informational,0,0.0,1756,40.39
44,Comfort Solutions Fireplace,gas fireplace log installation near me,0,0,informational,0,0.0,1756,40.39
44,Comfort Solutions Fireplace,gas fireplace log installation services,0,0,informational,0,0.0,1756,40.39
44,Comfort Solutions Fireplace,gas fireplace logs installation near me,0,0,informational,0,0.0,1756,40.39
44,Comfort Solutions Fireplace,gas fireplace logs near me,0,0,informational,0,0.0,1756,40.39
44,Comfort Solutions Fireplace,gas fireplace logs portsmouth,0,0,informational,0,0.0,1756,40.39
44,Comfort Solutions Fireplace,gas fireplace maintenance,0,0,informational,0,0.0,1756,40.39
44,Comfort Solutions Fireplace,gas fireplace maintenance and repair,0,0,informational,0,0.0,1756,40.39
44,Comfort Solutions Fireplace,gas fireplace maintenance and repair near me,0,0,informational,0,0.0,1756,40.39
44,Comfort Solutions Fireplace,gas fireplace maintenance do it yourself,0,0,informational,0,0.0,1756,40.39
44,Comfort Solutions Fireplace,gas fireplace maintenance near me,0,0,informational,0,0.0,1756,40.39
44,Comfort Solutions Fireplace,gas fireplace maintenance service hinsdale,0,0,informational,0,0.0,1756,40.39
44,Comfort Solutions Fireplace,gas fireplace maintenance service near me,0,0,informational,0,0.0,1756,40.39
44,Comfort Solutions Fireplace,gas fireplace maintenance tips,0,0,informational,0,0.0,1756,40.39
44,Comfort Solutions Fireplace,gas fireplace near me,0,0,informational,0,0.0,1756,40.39
44,Comfort Solutions Fireplace,gas fireplace nearby,0,0,informational,0,0.0,1756,40.39
44,Comfort Solutions Fireplace,gas fireplace need a chimney,0,0,informational,0,0.0,1756,40.39
44,Comfort Solutions Fireplace,gas fireplace need chimney,0,0,informational,0,0.0,1756,40.39
44,Comfort Solutions Fireplace,gas fireplace no blower,0,0,informational,0,0.0,1756,40.39
44,Comfort Solutions Fireplace,gas fireplace or electric,0,0,informational,0,0.0,1756,40.39
44,Comfort Solutions Fireplace,gas fireplace park city,0,0,informational,0,0.0,1756,40.39
44,Comfort Solutions Fireplace,gas fireplace parts near me,0,0,informational,0,0.0,1756,40.39
44,Comfort Solutions Fireplace,gas fireplace parts store near me,0,0,informational,0,0.0,1756,40.39
44,Comfort Solutions Fireplace,gas fireplace pilot light went out,0,0,informational,0,0.0,1756,40.39
44,Comfort Solutions Fireplace,gas fireplace pilot won't stay lit,0,0,informational,0,0.0,1756,40.39
44,Comfort Solutions Fireplace,gas fireplace precautions,0,0,informational,0,0.0,1756,40.39
44,Comfort Solutions Fireplace,gas fireplace remodel near me,0,0,informational,0,0.0,1756,40.39
44,Comfort Solutions Fireplace,gas fireplace repair and maintenance,0,0,informational,0,0.0,1756,40.39
44,Comfort Solutions Fireplace,gas fireplace repair and maintenance near me,0,0,informational,0,0.0,1756,40.39
44,Comfort Solutions Fireplace,gas fireplace repair and service,0,0,informational,0,0.0,1756,40.39
44,Comfort Solutions Fireplace,gas fireplace repair and service near me,0,0,informational,0,0.0,1756,40.39
44,Comfort Solutions Fireplace,gas fireplace repair companies,0,0,informational,0,0.0,1756,40.39
44,Comfort Solutions Fireplace,gas fireplace repair etra,0,0,informational,0,0.0,1756,40.39
44,Comfort Solutions Fireplace,gas fireplace repair galilee,0,0,informational,0,0.0,1756,40.39
44,Comfort Solutions Fireplace,gas fireplace repair half acre,0,0,informational,0,0.0,1756,40.39
44,Comfort Solutions Fireplace,gas fireplace repair hazelton,0,0,informational,0,0.0,1756,40.39
44,Comfort Solutions Fireplace,gas fireplace repair hillsdale manor,0,0,informational,0,0.0,1756,40.39
44,Comfort Solutions Fireplace,gas fireplace repair hutchinson mills,0,0,informational,0,0.0,1756,40.39
44,Comfort Solutions Fireplace,gas fireplace repair in my area,0,0,informational,0,0.0,1756,40.39
44,Comfort Solutions Fireplace,gas fireplace repair near me within 20 mi,0,0,informational,0,0.0,1756,40.39
44,Comfort Solutions Fireplace,gas fireplace repair near me within 5 mi,0,0,informational,0,0.0,1756,40.39
44,Comfort Solutions Fireplace,gas fireplace repair orchard heights,0,0,informational,0,0.0,1756,40.39
44,Comfort Solutions Fireplace,gas fireplace repair people,0,0,informational,0,0.0,1756,40.39
44,Comfort Solutions Fireplace,gas fireplace repair portsmouth,0,0,informational,0,0.0,1756,40.39
44,Comfort Solutions Fireplace,gas fireplace repair rochester ny,0,0,informational,0,0.0,1756,40.39
44,Comfort Solutions Fireplace,"gas fireplace repair rochester, ny",0,0,informational,0,0.0,1756,40.39
44,Comfort Solutions Fireplace,gas fireplace repair saint josephs village,0,0,informational,0,0.0,1756,40.39
44,Comfort Solutions Fireplace,gas fireplace repair services,0,0,informational,0,0.0,1756,40.39
44,Comfort Solutions Fireplace,gas fireplace repair specialist,0,0,informational,0,0.0,1756,40.39
44,Comfort Solutions Fireplace,gas fireplace repair technician,0,0,informational,0,0.0,1756,40.39
44,Comfort Solutions Fireplace,gas fireplace repair utah,0,0,informational,0,0.0,1756,40.39
44,Comfort Solutions Fireplace,gas fireplace repair utah county,0,0,informational,0,0.0,1756,40.39
44,Comfort Solutions Fireplace,gas fireplace repairman,0,0,informational,0,0.0,1756,40.39
44,Comfort Solutions Fireplace,gas fireplace repairman near me,0,0,informational,0,0.0,1756,40.39
44,Comfort Solutions Fireplace,gas fireplace repairmen,0,0,informational,0,0.0,1756,40.39
44,Comfort Solutions Fireplace,gas fireplace repairs,0,0,informational,0,0.0,1756,40.39
44,Comfort Solutions Fireplace,gas fireplace repairs and service,0,0,informational,0,0.0,1756,40.39
44,Comfort Solutions Fireplace,gas fireplace repairs in my area,0,0,informational,0,0.0,1756,40.39
44,Comfort Solutions Fireplace,gas fireplace repairs near me,0,0,informational,0,0.0,1756,40.39
44,Comfort Solutions Fireplace,gas fireplace replacement near me,0,0,informational,0,0.0,1756,40.39
44,Comfort Solutions Fireplace,gas fireplace replacement parts,0,0,informational,0,0.0,1756,40.39
44,Comfort Solutions Fireplace,gas fireplace replacement parts near me,0,0,informational,0,0.0,1756,40.39
44,Comfort Solutions Fireplace,gas fireplace retailers near me,0,0,informational,0,0.0,1756,40.39
44,Comfort Solutions Fireplace,gas fireplace safety,0,0,informational,0,0.0,1756,40.39
44,Comfort Solutions Fireplace,gas fireplace safety features,0,0,informational,0,0.0,1756,40.39
44,Comfort Solutions Fireplace,gas fireplace safety tips,0,0,informational,0,0.0,1756,40.39
44,Comfort Solutions Fireplace,gas fireplace sales and service near me,0,0,informational,0,0.0,1756,40.39
44,Comfort Solutions Fireplace,gas fireplace salt lake county,0,0,informational,0,0.0,1756,40.39
44,Comfort Solutions Fireplace,gas fireplace sandy,0,0,informational,0,0.0,1756,40.39
44,Comfort Solutions Fireplace,gas fireplace seevice,0,0,informational,0,0.0,1756,40.39
44,Comfort Solutions Fireplace,gas fireplace service and repair near me,0,0,informational,0,0.0,1756,40.39
44,Comfort Solutions Fireplace,gas fireplace service cincinnati ohio,0,0,informational,0,0.0,1756,40.39
44,Comfort Solutions Fireplace,gas fireplace service company,0,0,informational,0,0.0,1756,40.39
44,Comfort Solutions Fireplace,gas fireplace service cost near me,0,0,informational,0,0.0,1756,40.39
44,Comfort Solutions Fireplace,gas fireplace service coventry,0,0,informational,0,0.0,1756,40.39
44,Comfort Solutions Fireplace,gas fireplace service exeter,0,0,informational,0,0.0,1756,40.39
44,Comfort Solutions Fireplace,gas fireplace service in my area,0,0,informational,0,0.0,1756,40.39
44,Comfort Solutions Fireplace,gas fireplace service of stafford,0,0,informational,0,0.0,1756,40.39
44,Comfort Solutions Fireplace,gas fireplace service repair,0,0,informational,0,0.0,1756,40.39
44,Comfort Solutions Fireplace,gas fireplace service technician,0,0,informational,0,0.0,1756,40.39
44,Comfort Solutions Fireplace,gas fireplace service tiverton,0,0,informational,0,0.0,1756,40.39
44,Comfort Solutions Fireplace,gas fireplace service utah county,0,0,informational,0,0.0,1756,40.39
44,Comfort Solutions Fireplace,gas fireplace service warwick,0,0,informational,0,0.0,1756,40.39
44,Comfort Solutions Fireplace,gas fireplace service within 5 mi,0,0,informational,0,0.0,1756,40.39
44,Comfort Solutions Fireplace,gas fireplace services,0,0,informational,0,0.0,1756,40.39
44,Comfort Solutions Fireplace,gas fireplace services & repairs,0,0,informational,0,0.0,1756,40.39
44,Comfort Solutions Fireplace,gas fireplace services hutchinson mills,0,0,informational,0,0.0,1756,40.39
44,Comfort Solutions Fireplace,gas fireplace services near me,0,0,informational,0,0.0,1756,40.39
44,Comfort Solutions Fireplace,gas fireplace services orchard heights,0,0,informational,0,0.0,1756,40.39
44,Comfort Solutions Fireplace,gas fireplace servicing,0,0,informational,0,0.0,1756,40.39
44,Comfort Solutions Fireplace,gas fireplace servicing near me,0,0,informational,0,0.0,1756,40.39
44,Comfort Solutions Fireplace,gas fireplace settings,0,0,informational,0,0.0,1756,40.39
44,Comfort Solutions Fireplace,gas fireplace shallow depth,0,0,informational,0,0.0,1756,40.39
44,Comfort Solutions Fireplace,gas fireplace shops,0,0,informational,0,0.0,1756,40.39
44,Comfort Solutions Fireplace,gas fireplace shops near me,0,0,informational,0,0.0,1756,40.39
44,Comfort Solutions Fireplace,gas fireplace showrooms near me,0,0,informational,0,0.0,1756,40.39
44,Comfort Solutions Fireplace,gas fireplace specialist near me,0,0,informational,0,0.0,1756,40.39
44,Comfort Solutions Fireplace,gas fireplace specialists near me,0,0,informational,0,0.0,1756,40.39
44,Comfort Solutions Fireplace,gas fireplace start,0,0,informational,0,0.0,1756,40.39
44,Comfort Solutions Fireplace,gas fireplace starters,0,0,informational,0,0.0,1756,40.39
44,Comfort Solutions Fireplace,gas fireplace starting,0,0,informational,0,0.0,1756,40.39
44,Comfort Solutions Fireplace,gas fireplace startup,0,0,informational,0,0.0,1756,40.39
44,Comfort Solutions Fireplace,gas fireplace store,0,0,informational,0,0.0,1756,40.39
44,Comfort Solutions Fireplace,gas fireplace store near me,0,0,informational,0,0.0,1756,40.39
44,Comfort Solutions Fireplace,gas fireplace stores,0,0,informational,0,0.0,1756,40.39
44,Comfort Solutions Fireplace,gas fireplace stores near me,0,0,informational,0,0.0,1756,40.39
44,Comfort Solutions Fireplace,gas fireplace stores near me kaysville,0,0,informational,0,0.0,1756,40.39
44,Comfort Solutions Fireplace,gas fireplace summit county,0,0,informational,0,0.0,1756,40.39
44,Comfort Solutions Fireplace,gas fireplace suppliers near me,0,0,informational,0,0.0,1756,40.39
44,Comfort Solutions Fireplace,gas fireplace tech near me,0,0,informational,0,0.0,1756,40.39
44,Comfort Solutions Fireplace,gas fireplace technician,0,0,informational,0,0.0,1756,40.39
44,Comfort Solutions Fireplace,gas fireplace technician near me,0,0,informational,0,0.0,1756,40.39
44,Comfort Solutions Fireplace,gas fireplace technicians,0,0,informational,0,0.0,1756,40.39
44,Comfort Solutions Fireplace,gas fireplace tepair,0,0,informational,0,0.0,1756,40.39
44,Comfort Solutions Fireplace,gas fireplace tips,0,0,informational,0,0.0,1756,40.39
44,Comfort Solutions Fireplace,gas fireplace troubleshooting chart,0,0,informational,0,0.0,1756,40.39
44,Comfort Solutions Fireplace,gas fireplace tune up,0,0,informational,0,0.0,1756,40.39
44,Comfort Solutions Fireplace,gas fireplace tune up near me,0,0,informational,0,0.0,1756,40.39
44,Comfort Solutions Fireplace,gas fireplace tune-ups,0,0,informational,0,0.0,1756,40.39
44,Comfort Solutions Fireplace,gas fireplace turn key,0,0,informational,0,0.0,1756,40.39
44,Comfort Solutions Fireplace,gas fireplace upgrade utah,0,0,informational,0,0.0,1756,40.39
44,Comfort Solutions Fireplace,gas fireplace upkeep,0,0,informational,0,0.0,1756,40.39
44,Comfort Solutions Fireplace,gas fireplace versus electric,0,0,informational,0,0.0,1756,40.39
44,Comfort Solutions Fireplace,gas fireplace versus electric fireplace,0,0,informational,0,0.0,1756,40.39
44,Comfort Solutions Fireplace,gas fireplace vs electric,0,0,informational,0,0.0,1756,40.39
44,Comfort Solutions Fireplace,gas fireplace vs electric fireplace,0,0,informational,0,0.0,1756,40.39
44,Comfort Solutions Fireplace,gas fireplace west valley city,0,0,informational,0,0.0,1756,40.39
44,Comfort Solutions Fireplace,gas fireplace with chimney,0,0,informational,0,0.0,1756,40.39
44,Comfort Solutions Fireplace,gas fireplace with key,0,0,informational,0,0.0,1756,40.39
44,Comfort Solutions Fireplace,gas fireplace with mantel,0,0,informational,0,0.0,1756,40.39
44,Comfort Solutions Fireplace,gas fireplace won't light,0,0,informational,0,0.0,1756,40.39
44,Comfort Solutions Fireplace,gas fireplace won't turn on,0,0,informational,0,0.0,1756,40.39
44,Comfort Solutions Fireplace,gas fireplace wont turn on,0,0,informational,0,0.0,1756,40.39
44,Comfort Solutions Fireplace,gas fireplace.repair,0,0,informational,0,0.0,1756,40.39
44,Comfort Solutions Fireplace,gas fireplace.repair near me,0,0,informational,0,0.0,1756,40.39
44,Comfort Solutions Fireplace,gas fireplaces,0,0,informational,0,0.0,1756,40.39
44,Comfort Solutions Fireplace,gas fireplaces bountiful,0,0,informational,0,0.0,1756,40.39
44,Comfort Solutions Fireplace,gas fireplaces for sale near me,0,0,informational,0,0.0,1756,40.39
44,Comfort Solutions Fireplace,gas fireplaces how to use,0,0,informational,0,0.0,1756,40.39
44,Comfort Solutions Fireplace,gas fireplaces insert,0,0,informational,0,0.0,1756,40.39
44,Comfort Solutions Fireplace,gas fireplaces installed near me,0,0,informational,0,0.0,1756,40.39
44,Comfort Solutions Fireplace,gas fireplaces near me,0,0,informational,0,0.0,1756,40.39
44,Comfort Solutions Fireplace,gas fireplaces repair,0,0,informational,0,0.0,1756,40.39
44,Comfort Solutions Fireplace,gas fireplaces repair near me,0,0,informational,0,0.0,1756,40.39
44,Comfort Solutions Fireplace,gas fireplaces safety,0,0,informational,0,0.0,1756,40.39
44,Comfort Solutions Fireplace,gas fireplaces salt lake city,0,0,informational,0,0.0,1756,40.39
44,Comfort Solutions Fireplace,gas fireplaces utah,0,0,informational,0,0.0,1756,40.39
44,Comfort Solutions Fireplace,gas fireplaces without chimneys,0,0,informational,0,0.0,1756,40.39
44,Comfort Solutions Fireplace,gas firplace service,0,0,informational,0,0.0,1756,40.39
44,Comfort Solutions Fireplace,gas foreplace repair,0,0,informational,0,0.0,1756,40.39
44,Comfort Solutions Fireplace,gas insert fireplace installation near me,0,0,informational,0,0.0,1756,40.39
44,Comfort Solutions Fireplace,gas insert fireplace near me,0,0,informational,0,0.0,1756,40.39
44,Comfort Solutions Fireplace,gas insert fireplace repair,0,0,informational,0,0.0,1756,40.39
44,Comfort Solutions Fireplace,gas insert fireplace repair near me,0,0,informational,0,0.0,1756,40.39
44,Comfort Solutions Fireplace,gas insert fireplace service near me,0,0,informational,0,0.0,1756,40.39
44,Comfort Solutions Fireplace,gas inserts for fireplace,0,0,informational,0,0.0,1756,40.39
44,Comfort Solutions Fireplace,gas log fireplace,0,0,informational,0,0.0,1756,40.39
44,Comfort Solutions Fireplace,gas log fireplace blower,0,0,informational,0,0.0,1756,40.39
44,Comfort Solutions Fireplace,gas log fireplace blower kit,0,0,informational,0,0.0,1756,40.39
44,Comfort Solutions Fireplace,gas log fireplace installation near me,0,0,informational,0,0.0,1756,40.39
44,Comfort Solutions Fireplace,gas log fireplace installers,0,0,informational,0,0.0,1756,40.39
44,Comfort Solutions Fireplace,gas log fireplace near me,0,0,informational,0,0.0,1756,40.39
44,Comfort Solutions Fireplace,gas log fireplace repair,0,0,informational,0,0.0,1756,40.39
44,Comfort Solutions Fireplace,gas log fireplace service and repair,0,0,informational,0,0.0,1756,40.39
44,Comfort Solutions Fireplace,gas log fireplace service near me,0,0,informational,0,0.0,1756,40.39
44,Comfort Solutions Fireplace,gas log installation near me,0,0,informational,0,0.0,1756,40.39
44,Comfort Solutions Fireplace,gas log installer near me,0,0,informational,0,0.0,1756,40.39
44,Comfort Solutions Fireplace,gas log installers near me,0,0,informational,0,0.0,1756,40.39
44,Comfort Solutions Fireplace,gas log repair,0,0,informational,0,0.0,1756,40.39
44,Comfort Solutions Fireplace,gas log repair near me,0,0,informational,0,0.0,1756,40.39
44,Comfort Solutions Fireplace,gas log repair service,0,0,informational,0,0.0,1756,40.39
44,Comfort Solutions Fireplace,gas log repairman,0,0,informational,0,0.0,1756,40.39
44,Comfort Solutions Fireplace,gas logs cleaning,0,0,informational,0,0.0,1756,40.39
44,Comfort Solutions Fireplace,gas logs for fireplace near me,0,0,informational,0,0.0,1756,40.39
44,Comfort Solutions Fireplace,gas logs installation near me,0,0,informational,0,0.0,1756,40.39
44,Comfort Solutions Fireplace,gas logs installed near me,0,0,informational,0,0.0,1756,40.39
44,Comfort Solutions Fireplace,gas logs not lighting,0,0,informational,0,0.0,1756,40.39
44,Comfort Solutions Fireplace,gas logs not liting,0,0,informational,0,0.0,1756,40.39
44,Comfort Solutions Fireplace,gas logs portsmouth,0,0,informational,0,0.0,1756,40.39
44,Comfort Solutions Fireplace,gas logs service near me,0,0,informational,0,0.0,1756,40.39
44,Comfort Solutions Fireplace,gas or electric fireplace,0,0,informational,0,0.0,1756,40.39
44,Comfort Solutions Fireplace,gas powered fireplace midway ut,0,0,informational,0,0.0,1756,40.39
44,Comfort Solutions Fireplace,gas stove fireplace repair,0,0,informational,0,0.0,1756,40.39
44,Comfort Solutions Fireplace,gas stove fireplace utah,0,0,informational,0,0.0,1756,40.39
44,Comfort Solutions Fireplace,gas technologies inc fireplace,0,0,informational,0,0.0,1756,40.39
44,Comfort Solutions Fireplace,gas versus electric fireplace,0,0,informational,0,0.0,1756,40.39
44,Comfort Solutions Fireplace,gas vs electric fire place,0,0,informational,0,0.0,1756,40.39
44,Comfort Solutions Fireplace,gas vs electric fireplace,0,0,informational,0,0.0,1756,40.39
44,Comfort Solutions Fireplace,gas vs electric fireplace insert,0,0,informational,0,0.0,1756,40.39
44,Comfort Solutions Fireplace,gas vs. electric fireplace,0,0,informational,0,0.0,1756,40.39
44,Comfort Solutions Fireplace,gas wood stove repair,0,0,informational,0,0.0,1756,40.39
44,Comfort Solutions Fireplace,gas+fireplace+repair,0,0,informational,0,0.0,1756,40.39
44,Comfort Solutions Fireplace,gas.fireplace repair,0,0,informational,0,0.0,1756,40.39
44,Comfort Solutions Fireplace,gazco fire how to turn on,0,0,informational,0,0.0,1756,40.39
44,Comfort Solutions Fireplace,get gas fireplace serviced,0,0,informational,0,0.0,1756,40.39
44,Comfort Solutions Fireplace,getting a fireplace installed,0,0,informational,0,0.0,1756,40.39
44,Comfort Solutions Fireplace,getting a gas fireplace installed,0,0,informational,0,0.0,1756,40.39
44,Comfort Solutions Fireplace,grand strand gas and hearth,0,0,informational,0,0.0,1756,40.39
44,Comfort Solutions Fireplace,green fireplace solutions,0,0,informational,0,0.0,1756,40.39
44,Comfort Solutions Fireplace,handyman fireplace repair,0,0,informational,0,0.0,1756,40.39
44,Comfort Solutions Fireplace,has fireplace repair,0,0,informational,0,0.0,1756,40.39
44,Comfort Solutions Fireplace,having a fireplace installed,0,0,informational,0,0.0,1756,40.39
44,Comfort Solutions Fireplace,hearth and home fireplace repair,0,0,informational,0,0.0,1756,40.39
44,Comfort Solutions Fireplace,hearth fireplace near me,0,0,informational,0,0.0,1756,40.39
44,Comfort Solutions Fireplace,hearth installation,0,0,informational,0,0.0,1756,40.39
44,Comfort Solutions Fireplace,hearth store near me,0,0,informational,0,0.0,1756,40.39
44,Comfort Solutions Fireplace,hearth stores near me,0,0,informational,0,0.0,1756,40.39
44,Comfort Solutions Fireplace,heat and glo fireplace repair near me,0,0,informational,0,0.0,1756,40.39
44,Comfort Solutions Fireplace,heat and glo fireplace repair service near me,0,0,informational,0,0.0,1756,40.39
44,Comfort Solutions Fireplace,heat and glo fireplace service,0,0,informational,0,0.0,1756,40.39
44,Comfort Solutions Fireplace,heat and glo fireplace service near me,0,0,informational,0,0.0,1756,40.39
44,Comfort Solutions Fireplace,heat and glo repair near me,0,0,informational,0,0.0,1756,40.39
44,Comfort Solutions Fireplace,heat and glo service near me,0,0,informational,0,0.0,1756,40.39
44,Comfort Solutions Fireplace,heat blower for fireplace,0,0,informational,0,0.0,1756,40.39
44,Comfort Solutions Fireplace,heat n glo fireplace service,0,0,informational,0,0.0,1756,40.39
44,Comfort Solutions Fireplace,heat n glo near me,0,0,informational,0,0.0,1756,40.39
44,Comfort Solutions Fireplace,heatilator fireplace service near me,0,0,informational,0,0.0,1756,40.39
44,Comfort Solutions Fireplace,heatilator gas fireplace repair near me,0,0,informational,0,0.0,1756,40.39
44,Comfort Solutions Fireplace,heatilator service near me,0,0,informational,0,0.0,1756,40.39
44,Comfort Solutions Fireplace,heatilator service providers near me,0,0,informational,0,0.0,1756,40.39
44,Comfort Solutions Fireplace,hmi fireplaces,0,0,informational,0,0.0,1756,40.39
44,Comfort Solutions Fireplace,home fireplace repair,0,0,informational,0,0.0,1756,40.39
44,Comfort Solutions Fireplace,home gas fireplace repair,0,0,informational,0,0.0,1756,40.39
44,Comfort Solutions Fireplace,how do fireplace blowers work,0,0,informational,0,0.0,1756,40.39
44,Comfort Solutions Fireplace,how do fireplace fans work,0,0,informational,0,0.0,1756,40.39
44,Comfort Solutions Fireplace,how do i clean my gas fireplace,0,0,informational,0,0.0,1756,40.39
44,Comfort Solutions Fireplace,how do i start a gas fireplace,0,0,informational,0,0.0,1756,40.39
44,Comfort Solutions Fireplace,how do i start my gas fireplace,0,0,informational,0,0.0,1756,40.39
44,Comfort Solutions Fireplace,how do i use a gas fireplace,0,0,informational,0,0.0,1756,40.39
44,Comfort Solutions Fireplace,how do you clean a gas fireplace,0,0,informational,0,0.0,1756,40.39
44,Comfort Solutions Fireplace,how do you clean gas logs,0,0,informational,0,0.0,1756,40.39
44,Comfort Solutions Fireplace,how do you operate a fireplace,0,0,informational,0,0.0,1756,40.39
44,Comfort Solutions Fireplace,how do you start a gas fireplace,0,0,informational,0,0.0,1756,40.39
44,Comfort Solutions Fireplace,how do you start gas fireplace,0,0,informational,0,0.0,1756,40.39
44,Comfort Solutions Fireplace,how do you turn on a gas fireplace with a key,0,0,informational,0,0.0,1756,40.39
44,Comfort Solutions Fireplace,how do you use a gas fireplace with a key,0,0,informational,0,0.0,1756,40.39
44,Comfort Solutions Fireplace,how does a blower on a fireplace work,0,0,informational,0,0.0,1756,40.39
44,Comfort Solutions Fireplace,how does a fireplace blower fan work,0,0,informational,0,0.0,1756,40.39
44,Comfort Solutions Fireplace,how does a fireplace blower work,0,0,informational,0,0.0,1756,40.39
44,Comfort Solutions Fireplace,how does a fireplace fan work,0,0,informational,0,0.0,1756,40.39
44,Comfort Solutions Fireplace,how does a fireplace work,0,0,informational,0,0.0,1756,40.39
44,Comfort Solutions Fireplace,how does a gas fireplace blower work,0,0,informational,0,0.0,1756,40.39
44,Comfort Solutions Fireplace,how does a wood fireplace blower work,0,0,informational,0,0.0,1756,40.39
44,Comfort Solutions Fireplace,how does fireplace blower work,0,0,informational,0,0.0,1756,40.39
44,Comfort Solutions Fireplace,how does fireplace fan work,0,0,informational,0,0.0,1756,40.39
44,Comfort Solutions Fireplace,how does the blower on a fireplace work,0,0,informational,0,0.0,1756,40.39
44,Comfort Solutions Fireplace,how does the fan on a fireplace work,0,0,informational,0,0.0,1756,40.39
44,Comfort Solutions Fireplace,how gas fireplaces work,0,0,informational,0,0.0,1756,40.39
44,Comfort Solutions Fireplace,how long does it take to install a fireplace,0,0,informational,0,0.0,1756,40.39
44,Comfort Solutions Fireplace,how much does it cost to install a fireplace and chimney,0,0,informational,0,0.0,1756,40.39
44,Comfort Solutions Fireplace,how to adjust flame height on gas fireplace,0,0,informational,0,0.0,1756,40.39
44,Comfort Solutions Fireplace,how to adjust flame on gas fireplace,0,0,informational,0,0.0,1756,40.39
44,Comfort Solutions Fireplace,how to adjust the flame on a gas fireplace,0,0,informational,0,0.0,1756,40.39
44,Comfort Solutions Fireplace,how to block up a fireplace from the inside,0,0,informational,0,0.0,1756,40.39
44,Comfort Solutions Fireplace,how to build a fireplace chase,0,0,informational,0,0.0,1756,40.39
44,Comfort Solutions Fireplace,how to build an open fireplace,0,0,informational,0,0.0,1756,40.39
44,Comfort Solutions Fireplace,how to clean a gas chimney,0,0,informational,0,0.0,1756,40.39
44,Comfort Solutions Fireplace,how to clean a gas fireplace,0,0,informational,0,0.0,1756,40.39
44,Comfort Solutions Fireplace,how to clean a gas fireplace burner,0,0,informational,0,0.0,1756,40.39
44,Comfort Solutions Fireplace,how to clean a gas fireplace chimney,0,0,informational,0,0.0,1756,40.39
44,Comfort Solutions Fireplace,how to clean a gas fireplace insert,0,0,informational,0,0.0,1756,40.39
44,Comfort Solutions Fireplace,how to clean a gas fireplace logs,0,0,informational,0,0.0,1756,40.39
44,Comfort Solutions Fireplace,how to clean a gas log fireplace,0,0,informational,0,0.0,1756,40.39
44,Comfort Solutions Fireplace,how to clean a propane fireplace,0,0,informational,0,0.0,1756,40.39
44,Comfort Solutions Fireplace,how to clean a ventless gas fireplace,0,0,informational,0,0.0,1756,40.39
44,Comfort Solutions Fireplace,how to clean dust from gas fireplace,0,0,informational,0,0.0,1756,40.39
44,Comfort Solutions Fireplace,how to clean gas fireplace,0,0,informational,0,0.0,1756,40.39
44,Comfort Solutions Fireplace,how to clean gas fireplace burner,0,0,informational,0,0.0,1756,40.39
44,Comfort Solutions Fireplace,how to clean gas fireplace burners,0,0,informational,0,0.0,1756,40.39
44,Comfort Solutions Fireplace,how to clean gas fireplace chimney,0,0,informational,0,0.0,1756,40.39
44,Comfort Solutions Fireplace,how to clean gas fireplace insert,0,0,informational,0,0.0,1756,40.39
44,Comfort Solutions Fireplace,how to clean gas fireplace vent,0,0,informational,0,0.0,1756,40.39
44,Comfort Solutions Fireplace,how to clean gas log fireplace,0,0,informational,0,0.0,1756,40.39
44,Comfort Solutions Fireplace,how to clean gas logs,0,0,informational,0,0.0,1756,40.39
44,Comfort Solutions Fireplace,how to clean gas logs in fireplace,0,0,informational,0,0.0,1756,40.39
44,Comfort Solutions Fireplace,how to clean inside gas fireplace,0,0,informational,0,0.0,1756,40.39
44,Comfort Solutions Fireplace,how to clean inside of gas fireplace,0,0,informational,0,0.0,1756,40.39
44,Comfort Solutions Fireplace,how to clean my gas fireplace,0,0,informational,0,0.0,1756,40.39
44,Comfort Solutions Fireplace,how to clean natural gas fireplace,0,0,informational,0,0.0,1756,40.39
44,Comfort Solutions Fireplace,how to clean out gas fireplace,0,0,informational,0,0.0,1756,40.39
44,Comfort Solutions Fireplace,how to clean propane fireplace,0,0,informational,0,0.0,1756,40.39
44,Comfort Solutions Fireplace,how to clean the glass on a gas fireplace insert,0,0,informational,0,0.0,1756,40.39
44,Comfort Solutions Fireplace,how to clean the inside of a gas fireplace,0,0,informational,0,0.0,1756,40.39
44,Comfort Solutions Fireplace,how to clean your gas fireplace,0,0,informational,0,0.0,1756,40.39
44,Comfort Solutions Fireplace,how to do a fireplace,0,0,informational,0,0.0,1756,40.39
44,Comfort Solutions Fireplace,how to fix a electric fireplace,0,0,informational,0,0.0,1756,40.39
44,Comfort Solutions Fireplace,how to gas fireplace,0,0,informational,0,0.0,1756,40.39
44,Comfort Solutions Fireplace,how to get a gas fireplace started,0,0,informational,0,0.0,1756,40.39
44,Comfort Solutions Fireplace,how to get gas fireplace started,0,0,informational,0,0.0,1756,40.39
44,Comfort Solutions Fireplace,how to increase flame on gas fireplace,0,0,informational,0,0.0,1756,40.39
44,Comfort Solutions Fireplace,how to install a fireplace fan,0,0,informational,0,0.0,1756,40.39
44,Comfort Solutions Fireplace,how to install a new fireplace,0,0,informational,0,0.0,1756,40.39
44,Comfort Solutions Fireplace,how to install gas fireplace blower,0,0,informational,0,0.0,1756,40.39
44,Comfort Solutions Fireplace,how to install gas fireplaces,0,0,informational,0,0.0,1756,40.39
44,Comfort Solutions Fireplace,how to light a gas fireplace for the first time,0,0,informational,0,0.0,1756,40.39
44,Comfort Solutions Fireplace,how to light a gas fireplace if power is out,0,0,informational,0,0.0,1756,40.39
44,Comfort Solutions Fireplace,how to maintain a gas fireplace,0,0,informational,0,0.0,1756,40.39
44,Comfort Solutions Fireplace,how to maintain fireplaces,0,0,informational,0,0.0,1756,40.39
44,Comfort Solutions Fireplace,how to maintain gas fireplace,0,0,informational,0,0.0,1756,40.39
44,Comfort Solutions Fireplace,how to make a fireplace dayz,0,0,informational,0,0.0,1756,40.39
44,Comfort Solutions Fireplace,how to open fireplace vent,0,0,informational,0,0.0,1756,40.39
44,Comfort Solutions Fireplace,how to operate a gas fireplace,0,0,informational,0,0.0,1756,40.39
44,Comfort Solutions Fireplace,how to operate a gas fireplace with key,0,0,informational,0,0.0,1756,40.39
44,Comfort Solutions Fireplace,how to operate gas fireplace with key,0,0,informational,0,0.0,1756,40.39
44,Comfort Solutions Fireplace,how to operate my gas fireplace,0,0,informational,0,0.0,1756,40.39
44,Comfort Solutions Fireplace,how to prep a fireplace,0,0,informational,0,0.0,1756,40.39
44,Comfort Solutions Fireplace,how to properly clean a gas fireplace,0,0,informational,0,0.0,1756,40.39
44,Comfort Solutions Fireplace,how to put a gas fireplace in your house,0,0,informational,0,0.0,1756,40.39
44,Comfort Solutions Fireplace,how to replace a fireplace,0,0,informational,0,0.0,1756,40.39
44,Comfort Solutions Fireplace,how to reset electric fireplace,0,0,informational,0,0.0,1756,40.39
44,Comfort Solutions Fireplace,how to service a gas fireplace,0,0,informational,0,0.0,1756,40.39
44,Comfort Solutions Fireplace,how to service gas fireplace,0,0,informational,0,0.0,1756,40.39
44,Comfort Solutions Fireplace,how to set up a gas fireplace,0,0,informational,0,0.0,1756,40.39
44,Comfort Solutions Fireplace,how to set up gas fireplace,0,0,informational,0,0.0,1756,40.39
44,Comfort Solutions Fireplace,how to start a fire in a gas fireplace,0,0,informational,0,0.0,1756,40.39
44,Comfort Solutions Fireplace,how to start a fireplace gas,0,0,informational,0,0.0,1756,40.39
44,Comfort Solutions Fireplace,how to start a gas fire place,0,0,informational,0,0.0,1756,40.39
44,Comfort Solutions Fireplace,how to start a gas fireplace for the first time,0,0,informational,0,0.0,1756,40.39
44,Comfort Solutions Fireplace,how to start a gas fireplace insert,0,0,informational,0,0.0,1756,40.39
44,Comfort Solutions Fireplace,how to start a gas fireplace with electric starter,0,0,informational,0,0.0,1756,40.39
44,Comfort Solutions Fireplace,how to start a gas fireplace with key,0,0,informational,0,0.0,1756,40.39
44,Comfort Solutions Fireplace,how to start a gas foreplace,0,0,informational,0,0.0,1756,40.39
44,Comfort Solutions Fireplace,how to start a natural gas fireplace,0,0,informational,0,0.0,1756,40.39
44,Comfort Solutions Fireplace,how to start a propane fireplace,0,0,informational,0,0.0,1756,40.39
44,Comfort Solutions Fireplace,how to start fireplace gas,0,0,informational,0,0.0,1756,40.39
44,Comfort Solutions Fireplace,how to start gas fireplace,0,0,informational,0,0.0,1756,40.39
44,Comfort Solutions Fireplace,how to start gas fireplace for the first time,0,0,informational,0,0.0,1756,40.39
44,Comfort Solutions Fireplace,how to start gas fireplace with key,0,0,informational,0,0.0,1756,40.39
44,Comfort Solutions Fireplace,how to start gas fireplace with knob,0,0,informational,0,0.0,1756,40.39
44,Comfort Solutions Fireplace,how to start my gas fireplace,0,0,informational,0,0.0,1756,40.39
44,Comfort Solutions Fireplace,how to start the gas fireplace,0,0,informational,0,0.0,1756,40.39
44,Comfort Solutions Fireplace,how to start up a gas fireplace,0,0,informational,0,0.0,1756,40.39
44,Comfort Solutions Fireplace,how to start your gas fireplace,0,0,informational,0,0.0,1756,40.39
44,Comfort Solutions Fireplace,how to turn gas fireplace,0,0,informational,0,0.0,1756,40.39
44,Comfort Solutions Fireplace,how to turn gas on fireplace,0,0,informational,0,0.0,1756,40.39
44,Comfort Solutions Fireplace,how to turn in a gas fireplace,0,0,informational,0,0.0,1756,40.39
44,Comfort Solutions Fireplace,how to turn in gas fireplace,0,0,informational,0,0.0,1756,40.39
44,Comfort Solutions Fireplace,how to turn off a gas fireplace,0,0,informational,0,0.0,1756,40.39
44,Comfort Solutions Fireplace,how to turn off gas fireplace,0,0,informational,0,0.0,1756,40.39
44,Comfort Solutions Fireplace,how to turn on a gas fireplace,0,0,informational,0,0.0,1756,40.39
44,Comfort Solutions Fireplace,how to turn on a gas fireplace with a wall key,0,0,informational,0,0.0,1756,40.39
44,Comfort Solutions Fireplace,how to turn on gas fire place,0,0,informational,0,0.0,1756,40.39
44,Comfort Solutions Fireplace,how to turn on gas fireplace,0,0,informational,0,0.0,1756,40.39
44,Comfort Solutions Fireplace,how to turn on gas fireplace with floor key,0,0,informational,0,0.0,1756,40.39
44,Comfort Solutions Fireplace,how to turn on gas valve for fireplace,0,0,informational,0,0.0,1756,40.39
44,Comfort Solutions Fireplace,how to use a fireplace insert with blower,0,0,informational,0,0.0,1756,40.39
44,Comfort Solutions Fireplace,how to use a fireplace with a blower,0,0,informational,0,0.0,1756,40.39
44,Comfort Solutions Fireplace,how to use a gas fireplace,0,0,informational,0,0.0,1756,40.39
44,Comfort Solutions Fireplace,how to use a gas fireplace for the first time,0,0,informational,0,0.0,1756,40.39
44,Comfort Solutions Fireplace,how to use a gas fireplace starter,0,0,informational,0,0.0,1756,40.39
44,Comfort Solutions Fireplace,how to use a gas fireplace with a key,0,0,informational,0,0.0,1756,40.39
44,Comfort Solutions Fireplace,how to use fireplace fan,0,0,informational,0,0.0,1756,40.39
44,Comfort Solutions Fireplace,how to use fireplace gas,0,0,informational,0,0.0,1756,40.39
44,Comfort Solutions Fireplace,how to use fireplace with gas starter,0,0,informational,0,0.0,1756,40.39
44,Comfort Solutions Fireplace,how to use gas fireplace,0,0,informational,0,0.0,1756,40.39
44,Comfort Solutions Fireplace,how to use gas fireplace for the first time,0,0,informational,0,0.0,1756,40.39
44,Comfort Solutions Fireplace,how to use gas fireplace key,0,0,informational,0,0.0,1756,40.39
44,Comfort Solutions Fireplace,how to use gas fireplace with key,0,0,informational,0,0.0,1756,40.39
44,Comfort Solutions Fireplace,how to use the gas fireplace,0,0,informational,0,0.0,1756,40.39
44,Comfort Solutions Fireplace,how to use wood burning fireplace with blower,0,0,informational,0,0.0,1756,40.39
44,Comfort Solutions Fireplace,how to work a gas fireplace with a key,0,0,informational,0,0.0,1756,40.39
44,Comfort Solutions Fireplace,how to work gas fireplace,0,0,informational,0,0.0,1756,40.39
44,Comfort Solutions Fireplace,how to.start a gas fireplace,0,0,informational,0,0.0,1756,40.39
44,Comfort Solutions Fireplace,how to.turn on gas fireplace,0,0,informational,0,0.0,1756,40.39
44,Comfort Solutions Fireplace,how turn on a gas fireplace,0,0,informational,0,0.0,1756,40.39
44,Comfort Solutions Fireplace,how use gas fireplace,0,0,informational,0,0.0,1756,40.39
44,Comfort Solutions Fireplace,hvac fireplace,0,0,informational,0,0.0,1756,40.39
44,Comfort Solutions Fireplace,i have a gas fireplace,0,0,informational,0,0.0,1756,40.39
44,Comfort Solutions Fireplace,indoor fireplaces,0,0,informational,0,0.0,1756,40.39
44,Comfort Solutions Fireplace,indoor gas fireplace repair near me,0,0,informational,0,0.0,1756,40.39
44,Comfort Solutions Fireplace,indoor gas fireplace replacement,0,0,informational,0,0.0,1756,40.39
44,Comfort Solutions Fireplace,indoor gas log installation near me,0,0,informational,0,0.0,1756,40.39
44,Comfort Solutions Fireplace,insert blower for fireplace,0,0,informational,0,0.0,1756,40.39
44,Comfort Solutions Fireplace,insert fireplace repair,0,0,informational,0,0.0,1756,40.39
44,Comfort Solutions Fireplace,insta flame gas fireplace how to start,0,0,informational,0,0.0,1756,40.39
44,Comfort Solutions Fireplace,insta-flame gas fireplace how to start,0,0,informational,0,0.0,1756,40.39
44,Comfort Solutions Fireplace,install gas fireplace,0,0,informational,0,0.0,1756,40.39
44,Comfort Solutions Fireplace,install gas fireplace near me,0,0,informational,0,0.0,1756,40.39
44,Comfort Solutions Fireplace,installation fireplace,0,0,informational,0,0.0,1756,40.39
44,Comfort Solutions Fireplace,installation of fireplace,0,0,informational,0,0.0,1756,40.39
44,Comfort Solutions Fireplace,installation of fireplaces,0,0,informational,0,0.0,1756,40.39
44,Comfort Solutions Fireplace,installing a new gas fireplace,0,0,informational,0,0.0,1756,40.39
44,Comfort Solutions Fireplace,installing a real fireplace,0,0,informational,0,0.0,1756,40.39
44,Comfort Solutions Fireplace,installing a wood fireplace in an existing home,0,0,informational,0,0.0,1756,40.39
44,Comfort Solutions Fireplace,installing fireplace in existing home,0,0,informational,0,0.0,1756,40.39
44,Comfort Solutions Fireplace,installing new fireplace,0,0,informational,0,0.0,1756,40.39
44,Comfort Solutions Fireplace,instructions for gas fireplace,0,0,informational,0,0.0,1756,40.39
44,Comfort Solutions Fireplace,is a fireplace blower worth it,0,0,informational,0,0.0,1756,40.39
44,Comfort Solutions Fireplace,is it hard to install a gas fireplace,0,0,informational,0,0.0,1756,40.39
44,Comfort Solutions Fireplace,jotul f 500 v3 oslo,0,0,informational,0,0.0,1756,40.39
44,Comfort Solutions Fireplace,jotul f 500 v3 oslo cf,0,0,informational,0,0.0,1756,40.39
44,Comfort Solutions Fireplace,jotul f500 v3,0,0,informational,0,0.0,1756,40.39
44,Comfort Solutions Fireplace,jotul f500 v3 oslo,0,0,informational,0,0.0,1756,40.39
44,Comfort Solutions Fireplace,jotul f500 v3 oslo cf,0,0,informational,0,0.0,1756,40.39
44,Comfort Solutions Fireplace,jøtul f 500 oslo,0,0,informational,0,0.0,1756,40.39
44,Comfort Solutions Fireplace,jøtul f500 oslo,0,0,informational,0,0.0,1756,40.39
44,Comfort Solutions Fireplace,kozy heat fireplace instructions,0,0,informational,0,0.0,1756,40.39
44,Comfort Solutions Fireplace,lennox fireplace repair near me,0,0,informational,0,0.0,1756,40.39
44,Comfort Solutions Fireplace,lennox fireplace service near me,0,0,informational,0,0.0,1756,40.39
44,Comfort Solutions Fireplace,lennox fireplaces,0,0,informational,0,0.0,1756,40.39
44,Comfort Solutions Fireplace,licensed fireplace installer,0,0,informational,0,0.0,1756,40.39
44,Comfort Solutions Fireplace,licensed gas fireplace technician,0,0,informational,0,0.0,1756,40.39
44,Comfort Solutions Fireplace,light a gas fireplace,0,0,informational,0,0.0,1756,40.39
44,Comfort Solutions Fireplace,light it up fireplace service & repair,0,0,informational,0,0.0,1756,40.39
44,Comfort Solutions Fireplace,lighting a gas fireplace for the first time,0,0,informational,0,0.0,1756,40.39
44,Comfort Solutions Fireplace,local fireplace companies,0,0,informational,0,0.0,1756,40.39
44,Comfort Solutions Fireplace,local fireplace experts,0,0,informational,0,0.0,1756,40.39
44,Comfort Solutions Fireplace,local fireplace repair,0,0,informational,0,0.0,1756,40.39
44,Comfort Solutions Fireplace,local gas fireplace installers,0,0,informational,0,0.0,1756,40.39
44,Comfort Solutions Fireplace,local gas fireplace repair,0,0,informational,0,0.0,1756,40.39
44,Comfort Solutions Fireplace,love's fireplaces,0,0,informational,0,0.0,1756,40.39
44,Comfort Solutions Fireplace,lowes fireplace blower,0,0,informational,0,0.0,1756,40.39
44,Comfort Solutions Fireplace,luxury fireplace installation utah,0,0,informational,0,0.0,1756,40.39
44,Comfort Solutions Fireplace,luxury fireplaces utah,0,0,informational,0,0.0,1756,40.39
44,Comfort Solutions Fireplace,luxury gas fireplace insert utah,0,0,informational,0,0.0,1756,40.39
44,Comfort Solutions Fireplace,magikflame dealers near me,0,0,informational,0,0.0,1756,40.39
44,Comfort Solutions Fireplace,maintain gas fireplace,0,0,informational,0,0.0,1756,40.39
44,Comfort Solutions Fireplace,maintaining gas fireplace,0,0,informational,0,0.0,1756,40.39
44,Comfort Solutions Fireplace,maintenance for gas fireplace,0,0,informational,0,0.0,1756,40.39
44,Comfort Solutions Fireplace,maintenance gas fireplace,0,0,informational,0,0.0,1756,40.39
44,Comfort Solutions Fireplace,maintenance of gas fireplace,0,0,informational,0,0.0,1756,40.39
44,Comfort Solutions Fireplace,maintenance of gas logs,0,0,informational,0,0.0,1756,40.39
44,Comfort Solutions Fireplace,maintenance on a gas fireplace,0,0,informational,0,0.0,1756,40.39
44,Comfort Solutions Fireplace,maintenance on gas fireplace,0,0,informational,0,0.0,1756,40.39
44,Comfort Solutions Fireplace,majestic fireplace how to turn on,0,0,informational,0,0.0,1756,40.39
44,Comfort Solutions Fireplace,majestic fireplace service near me,0,0,informational,0,0.0,1756,40.39
44,Comfort Solutions Fireplace,majestic gas fireplace how to start,0,0,informational,0,0.0,1756,40.39
44,Comfort Solutions Fireplace,mantel fireplace near me,0,0,informational,0,0.0,1756,40.39
44,Comfort Solutions Fireplace,manual start gas fireplace,0,0,informational,0,0.0,1756,40.39
44,Comfort Solutions Fireplace,maple mountain fireplace,0,0,informational,0,0.0,1756,40.39
44,Comfort Solutions Fireplace,maple mountain fireplaces,0,0,informational,0,0.0,1756,40.39
44,Comfort Solutions Fireplace,masonry fireplace blower,0,0,informational,0,0.0,1756,40.39
44,Comfort Solutions Fireplace,masonry fireplace blower system,0,0,informational,0,0.0,1756,40.39
44,Comfort Solutions Fireplace,masonry fireplace contractors near me,0,0,informational,0,0.0,1756,40.39
44,Comfort Solutions Fireplace,meaning of fire place,0,0,informational,0,0.0,1756,40.39
44,Comfort Solutions Fireplace,meaning of fireplace,0,0,informational,0,0.0,1756,40.39
44,Comfort Solutions Fireplace,mendota fireplace dealers near me,0,0,informational,0,0.0,1756,40.39
44,Comfort Solutions Fireplace,mendota fireplaces,0,0,informational,0,0.0,1756,40.39
44,Comfort Solutions Fireplace,mental for fireplace,0,0,informational,0,0.0,1756,40.39
44,Comfort Solutions Fireplace,michiana fireplace and home center,0,0,informational,0,0.0,1756,40.39
44,Comfort Solutions Fireplace,modern flames dealers near me,0,0,informational,0,0.0,1756,40.39
44,Comfort Solutions Fireplace,montigo fireplace repair near me,0,0,informational,0,0.0,1756,40.39
44,Comfort Solutions Fireplace,motor for fireplace,0,0,informational,0,0.0,1756,40.39
44,Comfort Solutions Fireplace,my electric fireplace won't light up,0,0,informational,0,0.0,1756,40.39
44,Comfort Solutions Fireplace,my gas fireplace keeps going out,0,0,informational,0,0.0,1756,40.39
44,Comfort Solutions Fireplace,my gas fireplace pilot light went out,0,0,informational,0,0.0,1756,40.39
44,Comfort Solutions Fireplace,my gas fireplace repair,0,0,informational,0,0.0,1756,40.39
44,Comfort Solutions Fireplace,napoleon ascent 36 gas fireplace,0,0,informational,0,0.0,1756,40.39
44,Comfort Solutions Fireplace,napoleon fireplace,0,0,informational,0,0.0,1756,40.39
44,Comfort Solutions Fireplace,napoleon fireplace dealer near me,0,0,informational,0,0.0,1756,40.39
44,Comfort Solutions Fireplace,napoleon fireplace dealers utah,0,0,informational,0,0.0,1756,40.39
44,Comfort Solutions Fireplace,napoleon fireplace fan replacement,0,0,informational,0,0.0,1756,40.39
44,Comfort Solutions Fireplace,napoleon fireplace repair,0,0,informational,0,0.0,1756,40.39
44,Comfort Solutions Fireplace,napoleon fireplace repair near me,0,0,informational,0,0.0,1756,40.39
44,Comfort Solutions Fireplace,napoleon fireplace service,0,0,informational,0,0.0,1756,40.39
44,Comfort Solutions Fireplace,napoleon fireplace service near me,0,0,informational,0,0.0,1756,40.39
44,Comfort Solutions Fireplace,napoleon gas fireplace dealers near me,0,0,informational,0,0.0,1756,40.39
44,Comfort Solutions Fireplace,napoleon gas fireplace repair near me,0,0,informational,0,0.0,1756,40.39
44,Comfort Solutions Fireplace,napoleon gas fireplace service near me,0,0,informational,0,0.0,1756,40.39
44,Comfort Solutions Fireplace,natural gas fire pit park city ut,0,0,informational,0,0.0,1756,40.39
44,Comfort Solutions Fireplace,natural gas fireplace insert,0,0,informational,0,0.0,1756,40.39
44,Comfort Solutions Fireplace,natural gas fireplace inserts near me,0,0,informational,0,0.0,1756,40.39
44,Comfort Solutions Fireplace,natural gas fireplace installers near me,0,0,informational,0,0.0,1756,40.39
44,Comfort Solutions Fireplace,natural gas fireplace keeps going out,0,0,informational,0,0.0,1756,40.39
44,Comfort Solutions Fireplace,natural gas fireplace repair,0,0,informational,0,0.0,1756,40.39
44,Comfort Solutions Fireplace,natural gas fireplace repair near me,0,0,informational,0,0.0,1756,40.39
44,Comfort Solutions Fireplace,natural gas fireplace service near me,0,0,informational,0,0.0,1756,40.39
44,Comfort Solutions Fireplace,natural gas heater,0,0,informational,0,0.0,1756,40.39
44,Comfort Solutions Fireplace,nearest fireplace store,0,0,informational,0,0.0,1756,40.39
44,Comfort Solutions Fireplace,new fireplace installation,0,0,informational,0,0.0,1756,40.39
44,Comfort Solutions Fireplace,new gas fireplace utah,0,0,informational,0,0.0,1756,40.39
44,Comfort Solutions Fireplace,northern fireplaces,0,0,informational,0,0.0,1756,40.39
44,Comfort Solutions Fireplace,oj fireplaces,0,0,informational,0,0.0,1756,40.39
44,Comfort Solutions Fireplace,old gas fireplace won't light,0,0,informational,0,0.0,1756,40.39
44,Comfort Solutions Fireplace,on a gas fireplace which way does the knob need to be turned for the gas flow,0,0,informational,0,0.0,1756,40.39
44,Comfort Solutions Fireplace,open fireplace blower,0,0,informational,0,0.0,1756,40.39
44,Comfort Solutions Fireplace,open fireplace dimensions,0,0,informational,0,0.0,1756,40.39
44,Comfort Solutions Fireplace,open fireplace fan blower,0,0,informational,0,0.0,1756,40.39
44,Comfort Solutions Fireplace,operating gas fireplace,0,0,informational,0,0.0,1756,40.39
44,Comfort Solutions Fireplace,outdoor fire pit contractors herriman ut,0,0,informational,0,0.0,1756,40.39
44,Comfort Solutions Fireplace,outdoor fire pit installers herriman ut,0,0,informational,0,0.0,1756,40.39
44,Comfort Solutions Fireplace,outdoor fire pit installers near me,0,0,informational,0,0.0,1756,40.39
44,Comfort Solutions Fireplace,outdoor fire pit park city ut,0,0,informational,0,0.0,1756,40.39
44,Comfort Solutions Fireplace,outdoor fire pit repair near me,0,0,informational,0,0.0,1756,40.39
44,Comfort Solutions Fireplace,outdoor fire pits utah,0,0,informational,0,0.0,1756,40.39
44,Comfort Solutions Fireplace,outdoor fireplace blower,0,0,informational,0,0.0,1756,40.39
44,Comfort Solutions Fireplace,outdoor fireplace builders near me,0,0,informational,0,0.0,1756,40.39
44,Comfort Solutions Fireplace,outdoor fireplace companies near me,0,0,informational,0,0.0,1756,40.39
44,Comfort Solutions Fireplace,outdoor fireplace contractor,0,0,informational,0,0.0,1756,40.39
44,Comfort Solutions Fireplace,outdoor fireplace contractors,0,0,informational,0,0.0,1756,40.39
44,Comfort Solutions Fireplace,outdoor fireplace contractors near me,0,0,informational,0,0.0,1756,40.39
44,Comfort Solutions Fireplace,outdoor fireplace insert utah,0,0,informational,0,0.0,1756,40.39
44,Comfort Solutions Fireplace,outdoor fireplace installation lake forest,0,0,informational,0,0.0,1756,40.39
44,Comfort Solutions Fireplace,outdoor fireplace installation near me,0,0,informational,0,0.0,1756,40.39
44,Comfort Solutions Fireplace,outdoor fireplace installations utah,0,0,informational,0,0.0,1756,40.39
44,Comfort Solutions Fireplace,outdoor fireplace installer,0,0,informational,0,0.0,1756,40.39
44,Comfort Solutions Fireplace,outdoor fireplace installers near me,0,0,informational,0,0.0,1756,40.39
44,Comfort Solutions Fireplace,outdoor fireplace ogden nc,0,0,informational,0,0.0,1756,40.39
44,Comfort Solutions Fireplace,outdoor fireplace repair near me,0,0,informational,0,0.0,1756,40.39
44,Comfort Solutions Fireplace,outdoor fireplace sandy,0,0,informational,0,0.0,1756,40.39
44,Comfort Solutions Fireplace,outdoor fireplace services,0,0,informational,0,0.0,1756,40.39
44,Comfort Solutions Fireplace,outdoor fireplace setup utah,0,0,informational,0,0.0,1756,40.39
44,Comfort Solutions Fireplace,outdoor fireplace stores near me,0,0,informational,0,0.0,1756,40.39
44,Comfort Solutions Fireplace,outdoor fireplace utah,0,0,informational,0,0.0,1756,40.39
44,Comfort Solutions Fireplace,outdoor fireplaces near me,0,0,informational,0,0.0,1756,40.39
44,Comfort Solutions Fireplace,outdoor fireplaces utah,0,0,informational,0,0.0,1756,40.39
44,Comfort Solutions Fireplace,outdoor gas fireplace repair,0,0,informational,0,0.0,1756,40.39
44,Comfort Solutions Fireplace,patio fire pit park city ut,0,0,informational,0,0.0,1756,40.39
44,Comfort Solutions Fireplace,pellet stove companies near me,0,0,informational,0,0.0,1756,40.39
44,Comfort Solutions Fireplace,pellet stove insert dealers near me,0,0,informational,0,0.0,1756,40.39
44,Comfort Solutions Fireplace,pellet stove insert installation near me,0,0,informational,0,0.0,1756,40.39
44,Comfort Solutions Fireplace,pellet stove install near me,0,0,informational,0,0.0,1756,40.39
44,Comfort Solutions Fireplace,pellet stove installation near me,0,0,informational,0,0.0,1756,40.39
44,Comfort Solutions Fireplace,pellet stove installers near me,0,0,informational,0,0.0,1756,40.39
44,Comfort Solutions Fireplace,pellet stove sales and installation near me,0,0,informational,0,0.0,1756,40.39
44,Comfort Solutions Fireplace,pellet stove service and repair near me,0,0,informational,0,0.0,1756,40.39
44,Comfort Solutions Fireplace,perfection supply fireplace,0,0,informational,0,0.0,1756,40.39
44,Comfort Solutions Fireplace,person who repairs and maintains fireplaces,0,0,informational,0,0.0,1756,40.39
44,Comfort Solutions Fireplace,peterson gas logs dealers near me,0,0,informational,0,0.0,1756,40.39
44,Comfort Solutions Fireplace,pilot light out on gas fireplace,0,0,informational,0,0.0,1756,40.39
44,Comfort Solutions Fireplace,plumber for gas fireplace,0,0,informational,0,0.0,1756,40.39
44,Comfort Solutions Fireplace,porch wood burning stove,0,0,informational,0,0.0,1756,40.39
44,Comfort Solutions Fireplace,products offered by fireplace showcase,0,0,informational,0,0.0,1756,40.39
44,Comfort Solutions Fireplace,propane fireplace blower,0,0,informational,0,0.0,1756,40.39
44,Comfort Solutions Fireplace,propane fireplace cleaning,0,0,informational,0,0.0,1756,40.39
44,Comfort Solutions Fireplace,propane fireplace insert blower,0,0,informational,0,0.0,1756,40.39
44,Comfort Solutions Fireplace,propane fireplace insert installation near me,0,0,informational,0,0.0,1756,40.39
44,Comfort Solutions Fireplace,propane fireplace insert repair,0,0,informational,0,0.0,1756,40.39
44,Comfort Solutions Fireplace,propane fireplace inspection near me,0,0,informational,0,0.0,1756,40.39
44,Comfort Solutions Fireplace,propane fireplace installation near me,0,0,informational,0,0.0,1756,40.39
44,Comfort Solutions Fireplace,propane fireplace installers near me,0,0,informational,0,0.0,1756,40.39
44,Comfort Solutions Fireplace,propane fireplace maintenance near me,0,0,informational,0,0.0,1756,40.39
44,Comfort Solutions Fireplace,propane fireplace repair,0,0,informational,0,0.0,1756,40.39
44,Comfort Solutions Fireplace,propane fireplace repair near me,0,0,informational,0,0.0,1756,40.39
44,Comfort Solutions Fireplace,propane fireplace service,0,0,informational,0,0.0,1756,40.39
44,Comfort Solutions Fireplace,propane fireplace servicing,0,0,informational,0,0.0,1756,40.39
44,Comfort Solutions Fireplace,propane fireplace troubleshooting,0,0,informational,0,0.0,1756,40.39
44,Comfort Solutions Fireplace,propane fireplace vs electric,0,0,informational,0,0.0,1756,40.39
44,Comfort Solutions Fireplace,propane gas fireplace repair,0,0,informational,0,0.0,1756,40.39
44,Comfort Solutions Fireplace,propane gas fireplace service near me,0,0,informational,0,0.0,1756,40.39
44,Comfort Solutions Fireplace,propane vs electric fireplace,0,0,informational,0,0.0,1756,40.39
44,Comfort Solutions Fireplace,quadra fire pellet stove near me,0,0,informational,0,0.0,1756,40.39
44,Comfort Solutions Fireplace,quality fireplace solutions,0,0,informational,0,0.0,1756,40.39
44,Comfort Solutions Fireplace,quiet fireplace blower,0,0,informational,0,0.0,1756,40.39
44,Comfort Solutions Fireplace,quiet fireplace blower fan,0,0,informational,0,0.0,1756,40.39
44,Comfort Solutions Fireplace,quietest fireplace blower,0,0,informational,0,0.0,1756,40.39
44,Comfort Solutions Fireplace,rain in fireplace,0,0,informational,0,0.0,1756,40.39
44,Comfort Solutions Fireplace,regency fireplace fan,0,0,informational,0,0.0,1756,40.39
44,Comfort Solutions Fireplace,regency fireplace insert blower replacement,0,0,informational,0,0.0,1756,40.39
44,Comfort Solutions Fireplace,regency fireplace insert instructions,0,0,informational,0,0.0,1756,40.39
44,Comfort Solutions Fireplace,regency gas fireplace troubleshooting,0,0,informational,0,0.0,1756,40.39
44,Comfort Solutions Fireplace,repair fireplace,0,0,informational,0,0.0,1756,40.39
44,Comfort Solutions Fireplace,repair fireplaces,0,0,informational,0,0.0,1756,40.39
44,Comfort Solutions Fireplace,repair for gas fireplace,0,0,informational,0,0.0,1756,40.39
44,Comfort Solutions Fireplace,repair gas fireplace insert,0,0,informational,0,0.0,1756,40.39
44,Comfort Solutions Fireplace,repair gas fireplace near me,0,0,informational,0,0.0,1756,40.39
44,Comfort Solutions Fireplace,repair gas fireplaces near me,0,0,informational,0,0.0,1756,40.39
44,Comfort Solutions Fireplace,repairing a gas fireplace,0,0,informational,0,0.0,1756,40.39
44,Comfort Solutions Fireplace,repairing fireplaces,0,0,informational,0,0.0,1756,40.39
44,Comfort Solutions Fireplace,repairman for gas fireplace,0,0,informational,0,0.0,1756,40.39
44,Comfort Solutions Fireplace,replace fireplace blower,0,0,informational,0,0.0,1756,40.39
44,Comfort Solutions Fireplace,replace fireplace utah,0,0,informational,0,0.0,1756,40.39
44,Comfort Solutions Fireplace,replacement fireplace blower,0,0,informational,0,0.0,1756,40.39
44,Comfort Solutions Fireplace,replacement fireplace fan,0,0,informational,0,0.0,1756,40.39
44,Comfort Solutions Fireplace,residential gas fireplace service,0,0,informational,0,0.0,1756,40.39
44,Comfort Solutions Fireplace,salt lake city fireplace stores,0,0,informational,0,0.0,1756,40.39
44,Comfort Solutions Fireplace,salt lake city fireplaces,0,0,informational,0,0.0,1756,40.39
44,Comfort Solutions Fireplace,salt lake city gas fireplaces,0,0,informational,0,0.0,1756,40.39
44,Comfort Solutions Fireplace,salt lake fireplace,0,0,informational,0,0.0,1756,40.39
44,Comfort Solutions Fireplace,schalks gas fireplace repair,0,0,informational,0,0.0,1756,40.39
44,Comfort Solutions Fireplace,seattle fireplace service,0,0,informational,0,0.0,1756,40.39
44,Comfort Solutions Fireplace,service a gas fireplace,0,0,informational,0,0.0,1756,40.39
44,Comfort Solutions Fireplace,service for gas fireplace,0,0,informational,0,0.0,1756,40.39
44,Comfort Solutions Fireplace,service for gas fireplace near me,0,0,informational,0,0.0,1756,40.39
44,Comfort Solutions Fireplace,service gas fireplace,0,0,informational,0,0.0,1756,40.39
44,Comfort Solutions Fireplace,service gas fireplace near me,0,0,informational,0,0.0,1756,40.39
44,Comfort Solutions Fireplace,service gas fireplaces,0,0,informational,0,0.0,1756,40.39
44,Comfort Solutions Fireplace,servicing a gas fire,0,0,informational,0,0.0,1756,40.39
44,Comfort Solutions Fireplace,servicing a gas fireplace,0,0,informational,0,0.0,1756,40.39
44,Comfort Solutions Fireplace,servicing fireplace,0,0,informational,0,0.0,1756,40.39
44,Comfort Solutions Fireplace,servicing gas fireplace,0,0,informational,0,0.0,1756,40.39
44,Comfort Solutions Fireplace,setting up a fireplace,0,0,informational,0,0.0,1756,40.39
44,Comfort Solutions Fireplace,setting up a gas fireplace,0,0,informational,0,0.0,1756,40.39
44,Comfort Solutions Fireplace,should a gas fireplace be cleaned,0,0,informational,0,0.0,1756,40.39
44,Comfort Solutions Fireplace,small fan for fireplace,0,0,informational,0,0.0,1756,40.39
44,Comfort Solutions Fireplace,small fire pit park city ut,0,0,informational,0,0.0,1756,40.39
44,Comfort Solutions Fireplace,soo fireplace and stone,0,0,informational,0,0.0,1756,40.39
44,Comfort Solutions Fireplace,south y fireplace,0,0,informational,0,0.0,1756,40.39
44,Comfort Solutions Fireplace,southwest fireplaces,0,0,informational,0,0.0,1756,40.39
44,Comfort Solutions Fireplace,standard fireplace opening dimensions,0,0,informational,0,0.0,1756,40.39
44,Comfort Solutions Fireplace,standard fireplace opening size,0,0,informational,0,0.0,1756,40.39
44,Comfort Solutions Fireplace,standard wood burning fireplace dimensions,0,0,informational,0,0.0,1756,40.39
44,Comfort Solutions Fireplace,start fireplace,0,0,informational,0,0.0,1756,40.39
44,Comfort Solutions Fireplace,start gas fireplace,0,0,informational,0,0.0,1756,40.39
44,Comfort Solutions Fireplace,starting a gas fireplace,0,0,informational,0,0.0,1756,40.39
44,Comfort Solutions Fireplace,starting a gas fireplace for the first time,0,0,informational,0,0.0,1756,40.39
44,Comfort Solutions Fireplace,starting gas fireplace first time,0,0,informational,0,0.0,1756,40.39
44,Comfort Solutions Fireplace,starting gas logs first time,0,0,informational,0,0.0,1756,40.39
44,Comfort Solutions Fireplace,stone fireplace contractors near me,0,0,informational,0,0.0,1756,40.39
44,Comfort Solutions Fireplace,stone fireplace installers,0,0,informational,0,0.0,1756,40.39
44,Comfort Solutions Fireplace,stove and fireplace shop near me,0,0,informational,0,0.0,1756,40.39
44,Comfort Solutions Fireplace,stove shops near me,0,0,informational,0,0.0,1756,40.39
44,Comfort Solutions Fireplace,stove store near me,0,0,informational,0,0.0,1756,40.39
44,Comfort Solutions Fireplace,stove stores near me,0,0,informational,0,0.0,1756,40.39
44,Comfort Solutions Fireplace,superior fireplace dealer near me,0,0,informational,0,0.0,1756,40.39
44,Comfort Solutions Fireplace,superior fireplace service near me,0,0,informational,0,0.0,1756,40.39
44,Comfort Solutions Fireplace,superior gas fireplace,0,0,informational,0,0.0,1756,40.39
44,Comfort Solutions Fireplace,superior gas fireplace repair,0,0,informational,0,0.0,1756,40.39
44,Comfort Solutions Fireplace,superior gas fireplace repair near me,0,0,informational,0,0.0,1756,40.39
44,Comfort Solutions Fireplace,superior gas fireplace service near me,0,0,informational,0,0.0,1756,40.39
44,Comfort Solutions Fireplace,the fireplace,0,0,informational,0,0.0,1756,40.39
44,Comfort Solutions Fireplace,the fireplace company,0,0,informational,0,0.0,1756,40.39
44,Comfort Solutions Fireplace,the fireplace connection photos,0,0,informational,0,0.0,1756,40.39
44,Comfort Solutions Fireplace,the fireplace guy,0,0,informational,0,0.0,1756,40.39
44,Comfort Solutions Fireplace,the fireplace shop near me,0,0,informational,0,0.0,1756,40.39
44,Comfort Solutions Fireplace,the fireplace solution,0,0,informational,0,0.0,1756,40.39
44,Comfort Solutions Fireplace,the fireplace store,0,0,informational,0,0.0,1756,40.39
44,Comfort Solutions Fireplace,the fireplace store cedar city,0,0,informational,0,0.0,1756,40.39
44,Comfort Solutions Fireplace,thefireplacestore,0,0,informational,0,0.0,1756,40.39
44,Comfort Solutions Fireplace,top rated fireplace stores near me,0,0,informational,0,0.0,1756,40.39
44,Comfort Solutions Fireplace,top rated gas fireplace service,0,0,informational,0,0.0,1756,40.39
44,Comfort Solutions Fireplace,truflame fireplace,0,0,informational,0,0.0,1756,40.39
44,Comfort Solutions Fireplace,tune up gas fireplace,0,0,informational,0,0.0,1756,40.39
44,Comfort Solutions Fireplace,turn gas on fireplace,0,0,informational,0,0.0,1756,40.39
44,Comfort Solutions Fireplace,turn on fireplace gas,0,0,informational,0,0.0,1756,40.39
44,Comfort Solutions Fireplace,turn on gas to fireplace,0,0,informational,0,0.0,1756,40.39
44,Comfort Solutions Fireplace,turning on a gas fireplace,0,0,informational,0,0.0,1756,40.39
44,Comfort Solutions Fireplace,turning on a gas fireplace for the first time,0,0,informational,0,0.0,1756,40.39
44,Comfort Solutions Fireplace,uinta fireplace,0,0,informational,0,0.0,1756,40.39
44,Comfort Solutions Fireplace,uintah fireplace,0,0,informational,0,0.0,1756,40.39
44,Comfort Solutions Fireplace,uintah fireplace and design,0,0,informational,0,0.0,1756,40.39
44,Comfort Solutions Fireplace,uintah fireplace heber,0,0,informational,0,0.0,1756,40.39
44,Comfort Solutions Fireplace,uintah gas fireplaces,0,0,informational,0,0.0,1756,40.39
44,Comfort Solutions Fireplace,ultra quiet fireplace blower,0,0,informational,0,0.0,1756,40.39
44,Comfort Solutions Fireplace,universal gas fireplace blower kit,0,0,informational,0,0.0,1756,40.39
44,Comfort Solutions Fireplace,using a gas fireplace,0,0,informational,0,0.0,1756,40.39
44,Comfort Solutions Fireplace,using a gas fireplace for the first time,0,0,informational,0,0.0,1756,40.39
44,Comfort Solutions Fireplace,using gas fireplace for first time,0,0,informational,0,0.0,1756,40.39
44,Comfort Solutions Fireplace,utah fire pits,0,0,informational,0,0.0,1756,40.39
44,Comfort Solutions Fireplace,utah fireplace,0,0,informational,0,0.0,1756,40.39
44,Comfort Solutions Fireplace,utah fireplace supply,0,0,informational,0,0.0,1756,40.39
44,Comfort Solutions Fireplace,utah fireplaces,0,0,informational,0,0.0,1756,40.39
44,Comfort Solutions Fireplace,utah gas fireplaces,0,0,informational,0,0.0,1756,40.39
44,Comfort Solutions Fireplace,utah outdoor fireplaces,0,0,informational,0,0.0,1756,40.39
44,Comfort Solutions Fireplace,valley fireplaces,0,0,informational,0,0.0,1756,40.39
44,Comfort Solutions Fireplace,valor electric fire repairs,0,0,informational,0,0.0,1756,40.39
44,Comfort Solutions Fireplace,valor fireplace repair near me,0,0,informational,0,0.0,1756,40.39
44,Comfort Solutions Fireplace,vent gas fireplace insert,0,0,informational,0,0.0,1756,40.39
44,Comfort Solutions Fireplace,vented fireplace insert,0,0,informational,0,0.0,1756,40.39
44,Comfort Solutions Fireplace,vented gas fireplace,0,0,informational,0,0.0,1756,40.39
44,Comfort Solutions Fireplace,vented gas fireplace burner,0,0,informational,0,0.0,1756,40.39
44,Comfort Solutions Fireplace,vented gas fireplace insert,0,0,informational,0,0.0,1756,40.39
44,Comfort Solutions Fireplace,vented gas fireplace insert with blower,0,0,informational,0,0.0,1756,40.39
44,Comfort Solutions Fireplace,vented gas fireplace inserts,0,0,informational,0,0.0,1756,40.39
44,Comfort Solutions Fireplace,vented gas logs for fireplace,0,0,informational,0,0.0,1756,40.39
44,Comfort Solutions Fireplace,vented propane fireplace insert with blower,0,0,informational,0,0.0,1756,40.39
44,Comfort Solutions Fireplace,ventless fireplace service near me,0,0,informational,0,0.0,1756,40.39
44,Comfort Solutions Fireplace,ventless gas fireplace installation near me,0,0,informational,0,0.0,1756,40.39
44,Comfort Solutions Fireplace,ventless gas fireplace near me,0,0,informational,0,0.0,1756,40.39
44,Comfort Solutions Fireplace,ventless gas fireplace repair near me,0,0,informational,0,0.0,1756,40.39
44,Comfort Solutions Fireplace,ventless propane fireplace near me,0,0,informational,0,0.0,1756,40.39
44,Comfort Solutions Fireplace,vermont castings service near me,0,0,informational,0,0.0,1756,40.39
44,Comfort Solutions Fireplace,warnock hersey gas fireplace,0,0,informational,0,0.0,1756,40.39
44,Comfort Solutions Fireplace,wasatch fireplace,0,0,informational,0,0.0,1756,40.39
44,Comfort Solutions Fireplace,wasatch fireplace and stove,0,0,informational,0,0.0,1756,40.39
44,Comfort Solutions Fireplace,western fireplace,0,0,informational,0,0.0,1756,40.39
44,Comfort Solutions Fireplace,western fireplaces,0,0,informational,0,0.0,1756,40.39
44,Comfort Solutions Fireplace,what do fireplace fans do,0,0,informational,0,0.0,1756,40.39
44,Comfort Solutions Fireplace,what does a blower do on a fireplace,0,0,informational,0,0.0,1756,40.39
44,Comfort Solutions Fireplace,what does a blower do on a gas fireplace,0,0,informational,0,0.0,1756,40.39
44,Comfort Solutions Fireplace,what does a blower on a fireplace do,0,0,informational,0,0.0,1756,40.39
44,Comfort Solutions Fireplace,what does a fan on a fireplace do,0,0,informational,0,0.0,1756,40.39
44,Comfort Solutions Fireplace,what does a fireplace fan do,0,0,informational,0,0.0,1756,40.39
44,Comfort Solutions Fireplace,what does fan on fireplace do,0,0,informational,0,0.0,1756,40.39
44,Comfort Solutions Fireplace,what does fireplace fan do,0,0,informational,0,0.0,1756,40.39
44,Comfort Solutions Fireplace,what does the blower do on a fireplace,0,0,informational,0,0.0,1756,40.39
44,Comfort Solutions Fireplace,what does the blower do on a gas fireplace,0,0,informational,0,0.0,1756,40.39
44,Comfort Solutions Fireplace,what does the blower on a fireplace do,0,0,informational,0,0.0,1756,40.39
44,Comfort Solutions Fireplace,what does the fan do on a fireplace,0,0,informational,0,0.0,1756,40.39
44,Comfort Solutions Fireplace,what does the fan on a fireplace do,0,0,informational,0,0.0,1756,40.39
44,Comfort Solutions Fireplace,what does the fan on fireplace do,0,0,informational,0,0.0,1756,40.39
44,Comfort Solutions Fireplace,what does the fan on my fireplace do,0,0,informational,0,0.0,1756,40.39
44,Comfort Solutions Fireplace,what does the fireplace fan do,0,0,informational,0,0.0,1756,40.39
44,Comfort Solutions Fireplace,what is a firebox fireplace,0,0,informational,0,0.0,1756,40.39
44,Comfort Solutions Fireplace,what is a gas fireplace,0,0,informational,0,0.0,1756,40.39
44,Comfort Solutions Fireplace,what is gas fireplace,0,0,informational,0,0.0,1756,40.39
44,Comfort Solutions Fireplace,what is the blower on a fireplace for,0,0,informational,0,0.0,1756,40.39
44,Comfort Solutions Fireplace,what is the fan for on a fireplace,0,0,informational,0,0.0,1756,40.39
44,Comfort Solutions Fireplace,what is the fan on a fireplace for,0,0,informational,0,0.0,1756,40.39
44,Comfort Solutions Fireplace,what is the fan on my fireplace for,0,0,informational,0,0.0,1756,40.39
44,Comfort Solutions Fireplace,what is the fan on the fireplace for,0,0,informational,0,0.0,1756,40.39
44,Comfort Solutions Fireplace,what is the meaning of fireplace,0,0,informational,0,0.0,1756,40.39
44,Comfort Solutions Fireplace,what kind of maintenance does a electric fireplace need over time?,0,0,informational,0,0.0,1756,40.39
44,Comfort Solutions Fireplace,what maintenance does a natural gas fireplace need to stay safe and efficient?,0,0,informational,0,0.0,1756,40.39
44,Comfort Solutions Fireplace,what to put around fireplace insert,0,0,informational,0,0.0,1756,40.39
44,Comfort Solutions Fireplace,when to use fireplace fan,0,0,informational,0,0.0,1756,40.39
44,Comfort Solutions Fireplace,where to buy fireplace,0,0,informational,0,0.0,1756,40.39
44,Comfort Solutions Fireplace,who can check a gas fireplace,0,0,informational,0,0.0,1756,40.39
44,Comfort Solutions Fireplace,who can fix a gas fireplace,0,0,informational,0,0.0,1756,40.39
44,Comfort Solutions Fireplace,who can fix fireplace,0,0,informational,0,0.0,1756,40.39
44,Comfort Solutions Fireplace,who can fix gas fireplace,0,0,informational,0,0.0,1756,40.39
44,Comfort Solutions Fireplace,who can fix my electric fireplace,0,0,informational,0,0.0,1756,40.39
44,Comfort Solutions Fireplace,who can fix my gas fireplace,0,0,informational,0,0.0,1756,40.39
44,Comfort Solutions Fireplace,who can fix my gas fireplace near me,0,0,informational,0,0.0,1756,40.39
44,Comfort Solutions Fireplace,who can service a gas fireplace,0,0,informational,0,0.0,1756,40.39
44,Comfort Solutions Fireplace,who can service my gas fireplace,0,0,informational,0,0.0,1756,40.39
44,Comfort Solutions Fireplace,who checks gas fireplaces,0,0,informational,0,0.0,1756,40.39
44,Comfort Solutions Fireplace,who cleans gas fireplaces,0,0,informational,0,0.0,1756,40.39
44,Comfort Solutions Fireplace,who do i call if my gas fireplace isn't working,0,0,informational,0,0.0,1756,40.39
44,Comfort Solutions Fireplace,who do i call to fix a gas fireplace,0,0,informational,0,0.0,1756,40.39
44,Comfort Solutions Fireplace,who do i call to fix gas fireplace,0,0,informational,0,0.0,1756,40.39
44,Comfort Solutions Fireplace,who do i call to fix my gas fireplace,0,0,informational,0,0.0,1756,40.39
44,Comfort Solutions Fireplace,who do i call to service my gas fireplace,0,0,informational,0,0.0,1756,40.39
44,Comfort Solutions Fireplace,who do you call for gas fireplace repair,0,0,informational,0,0.0,1756,40.39
44,Comfort Solutions Fireplace,who do you call to fix a gas fireplace,0,0,informational,0,0.0,1756,40.39
44,Comfort Solutions Fireplace,who do you call to repair a gas fireplace,0,0,informational,0,0.0,1756,40.39
44,Comfort Solutions Fireplace,who do you call to service a gas fireplace,0,0,informational,0,0.0,1756,40.39
44,Comfort Solutions Fireplace,who fixes a gas fireplace,0,0,informational,0,0.0,1756,40.39
44,Comfort Solutions Fireplace,who fixes electric fireplaces,0,0,informational,0,0.0,1756,40.39
44,Comfort Solutions Fireplace,who fixes gas fireplace,0,0,informational,0,0.0,1756,40.39
44,Comfort Solutions Fireplace,who fixes gas fireplaces,0,0,informational,0,0.0,1756,40.39
44,Comfort Solutions Fireplace,who fixes gas fireplaces near me,0,0,informational,0,0.0,1756,40.39
44,Comfort Solutions Fireplace,who installs electric fireplace inserts,0,0,informational,0,0.0,1756,40.39
44,Comfort Solutions Fireplace,who installs fireplace inserts,0,0,informational,0,0.0,1756,40.39
44,Comfort Solutions Fireplace,who installs fireplace inserts near me,0,0,informational,0,0.0,1756,40.39
44,Comfort Solutions Fireplace,who installs gas fireplace inserts,0,0,informational,0,0.0,1756,40.39
44,Comfort Solutions Fireplace,who installs gas fireplace inserts near me,0,0,informational,0,0.0,1756,40.39
44,Comfort Solutions Fireplace,who installs gas fireplaces,0,0,informational,0,0.0,1756,40.39
44,Comfort Solutions Fireplace,who installs gas fireplaces near me,0,0,informational,0,0.0,1756,40.39
44,Comfort Solutions Fireplace,who installs gas logs near me,0,0,informational,0,0.0,1756,40.39
44,Comfort Solutions Fireplace,who repairs fireplaces,0,0,informational,0,0.0,1756,40.39
44,Comfort Solutions Fireplace,who repairs gas fireplaces,0,0,informational,0,0.0,1756,40.39
44,Comfort Solutions Fireplace,who repairs gas fireplaces near me,0,0,informational,0,0.0,1756,40.39
44,Comfort Solutions Fireplace,who sells fireplace inserts near me,0,0,informational,0,0.0,1756,40.39
44,Comfort Solutions Fireplace,who sells fireplace mantels near me,0,0,informational,0,0.0,1756,40.39
44,Comfort Solutions Fireplace,who services gas fireplace,0,0,informational,0,0.0,1756,40.39
44,Comfort Solutions Fireplace,who services gas fireplaces,0,0,informational,0,0.0,1756,40.39
44,Comfort Solutions Fireplace,who services gas fireplaces in my area,0,0,informational,0,0.0,1756,40.39
44,Comfort Solutions Fireplace,who services gas fireplaces near me,0,0,informational,0,0.0,1756,40.39
44,Comfort Solutions Fireplace,who services propane fireplaces,0,0,informational,0,0.0,1756,40.39
44,Comfort Solutions Fireplace,who to call for fireplace repair,0,0,informational,0,0.0,1756,40.39
44,Comfort Solutions Fireplace,who to call for gas fireplace repair,0,0,informational,0,0.0,1756,40.39
44,Comfort Solutions Fireplace,who to call to fix a gas fireplace,0,0,informational,0,0.0,1756,40.39
44,Comfort Solutions Fireplace,who to call to fix gas fireplace,0,0,informational,0,0.0,1756,40.39
44,Comfort Solutions Fireplace,who to call to service a gas fireplace,0,0,informational,0,0.0,1756,40.39
44,Comfort Solutions Fireplace,who works on gas fireplaces,0,0,informational,0,0.0,1756,40.39
44,Comfort Solutions Fireplace,why does my gas fireplace keep going out,0,0,informational,0,0.0,1756,40.39
44,Comfort Solutions Fireplace,wood burning blower for fireplace,0,0,informational,0,0.0,1756,40.39
44,Comfort Solutions Fireplace,wood burning fireplace blower,0,0,informational,0,0.0,1756,40.39
44,Comfort Solutions Fireplace,wood burning fireplace blower installation,0,0,informational,0,0.0,1756,40.39
44,Comfort Solutions Fireplace,wood burning fireplace blowers,0,0,informational,0,0.0,1756,40.39
44,Comfort Solutions Fireplace,wood burning fireplace fan blower,0,0,informational,0,0.0,1756,40.39
44,Comfort Solutions Fireplace,wood burning fireplace insert with blower,0,0,informational,0,0.0,1756,40.39
44,Comfort Solutions Fireplace,wood burning fireplace installation near me,0,0,informational,0,0.0,1756,40.39
44,Comfort Solutions Fireplace,wood burning fireplace repair,0,0,informational,0,0.0,1756,40.39
44,Comfort Solutions Fireplace,wood burning fireplace repair near me,0,0,informational,0,0.0,1756,40.39
44,Comfort Solutions Fireplace,wood burning fireplace service,0,0,informational,0,0.0,1756,40.39
44,Comfort Solutions Fireplace,wood burning fireplace stores near me,0,0,informational,0,0.0,1756,40.39
44,Comfort Solutions Fireplace,wood burning fireplace with blower,0,0,informational,0,0.0,1756,40.39
44,Comfort Solutions Fireplace,wood burning places near me,0,0,informational,0,0.0,1756,40.39
44,Comfort Solutions Fireplace,wood burning services near me,0,0,informational,0,0.0,1756,40.39
44,Comfort Solutions Fireplace,wood burning stove,0,0,informational,0,0.0,1756,40.39
44,Comfort Solutions Fireplace,wood burning stove companies,0,0,informational,0,0.0,1756,40.39
44,Comfort Solutions Fireplace,wood burning stove installation near me,0,0,informational,0,0.0,1756,40.39
44,Comfort Solutions Fireplace,wood burning stove installer near me,0,0,informational,0,0.0,1756,40.39
44,Comfort Solutions Fireplace,wood burning stove installers in my area,0,0,informational,0,0.0,1756,40.39
44,Comfort Solutions Fireplace,wood burning stove installers near me,0,0,informational,0,0.0,1756,40.39
44,Comfort Solutions Fireplace,wood burning stove removal near me,0,0,informational,0,0.0,1756,40.39
44,Comfort Solutions Fireplace,wood burning stove repair near me,0,0,informational,0,0.0,1756,40.39
44,Comfort Solutions Fireplace,wood burning stove store near me,0,0,informational,0,0.0,1756,40.39
44,Comfort Solutions Fireplace,wood burning stove stores near me,0,0,informational,0,0.0,1756,40.39
44,Comfort Solutions Fireplace,wood burning stoves installers near me,0,0,informational,0,0.0,1756,40.39
44,Comfort Solutions Fireplace,wood burning stoves near me,0,0,informational,0,0.0,1756,40.39
44,Comfort Solutions Fireplace,wood fire place blower,0,0,informational,0,0.0,1756,40.39
44,Comfort Solutions Fireplace,wood fireplace blower,0,0,informational,0,0.0,1756,40.39
44,Comfort Solutions Fireplace,wood fireplace blower insert,0,0,informational,0,0.0,1756,40.39
44,Comfort Solutions Fireplace,wood fireplace blower system,0,0,informational,0,0.0,1756,40.39
44,Comfort Solutions Fireplace,wood fireplace blowers,0,0,informational,0,0.0,1756,40.39
44,Comfort Solutions Fireplace,wood fireplace dimensions,0,0,informational,0,0.0,1756,40.39
44,Comfort Solutions Fireplace,wood fireplace insert installers near me,0,0,informational,0,0.0,1756,40.39
44,Comfort Solutions Fireplace,wood fireplace insert with blower,0,0,informational,0,0.0,1756,40.39
44,Comfort Solutions Fireplace,wood fireplace installation near me,0,0,informational,0,0.0,1756,40.39
44,Comfort Solutions Fireplace,wood fireplace installers near me,0,0,informational,0,0.0,1756,40.39
44,Comfort Solutions Fireplace,wood fireplace maintenance near me,0,0,informational,0,0.0,1756,40.39
44,Comfort Solutions Fireplace,wood fireplace mantels near me,0,0,informational,0,0.0,1756,40.39
44,Comfort Solutions Fireplace,wood fireplace repair,0,0,informational,0,0.0,1756,40.39
44,Comfort Solutions Fireplace,wood fireplace repair near me,0,0,informational,0,0.0,1756,40.39
44,Comfort Solutions Fireplace,wood fireplace repairs,0,0,informational,0,0.0,1756,40.39
44,Comfort Solutions Fireplace,wood fireplace repairs near me,0,0,informational,0,0.0,1756,40.39
44,Comfort Solutions Fireplace,wood fireplace sales near me,0,0,informational,0,0.0,1756,40.39
44,Comfort Solutions Fireplace,wood fireplace service near me,0,0,informational,0,0.0,1756,40.39
44,Comfort Solutions Fireplace,wood fireplace services,0,0,informational,0,0.0,1756,40.39
44,Comfort Solutions Fireplace,wood fireplace store near me,0,0,informational,0,0.0,1756,40.39
44,Comfort Solutions Fireplace,wood fireplace with fan,0,0,informational,0,0.0,1756,40.39
44,Comfort Solutions Fireplace,wood fireplaces near me,0,0,informational,0,0.0,1756,40.39
44,Comfort Solutions Fireplace,wood gas fireplace repair,0,0,informational,0,0.0,1756,40.39
44,Comfort Solutions Fireplace,wood stove blower,0,0,informational,0,0.0,1756,40.39
44,Comfort Solutions Fireplace,wood stove blower fan,0,0,informational,0,0.0,1756,40.39
44,Comfort Solutions Fireplace,wood stove blower kit,0,0,informational,0,0.0,1756,40.39
44,Comfort Solutions Fireplace,wood stove blower motors,0,0,informational,0,0.0,1756,40.39
44,Comfort Solutions Fireplace,wood stove insert installation near me,0,0,informational,0,0.0,1756,40.39
44,Comfort Solutions Fireplace,wood stove installation near me,0,0,informational,0,0.0,1756,40.39
44,Comfort Solutions Fireplace,wood stove installers near me,0,0,informational,0,0.0,1756,40.39
44,Comfort Solutions Fireplace,wood stove repair,0,0,informational,0,0.0,1756,40.39
44,Comfort Solutions Fireplace,wood stove shops near me,0,0,informational,0,0.0,1756,40.39
44,Comfort Solutions Fireplace,wood stove store near me,0,0,informational,0,0.0,1756,40.39
44,Comfort Solutions Fireplace,wood stove stores near me,0,0,informational,0,0.0,1756,40.39
44,Comfort Solutions Fireplace,wood stoves near me,0,0,informational,0,0.0,1756,40.39
44,Comfort Solutions Fireplace,wood-burning fireplace installation near me,0,0,informational,0,0.0,1756,40.39
44,Comfort Solutions Fireplace,wood-burning fireplaces,0,0,informational,0,0.0,1756,40.39
44,Comfort Solutions Fireplace,woodburner installation near me,0,0,informational,0,0.0,1756,40.39
44,Comfort Solutions Fireplace,woodburning fireplace blower,0,0,informational,0,0.0,1756,40.39
44,Comfort Solutions Fireplace,woodburning near me,0,0,informational,0,0.0,1756,40.39
44,Comfort Solutions Fireplace,woodburning stove store near me,0,0,informational,0,0.0,1756,40.39
44,Comfort Solutions Fireplace,معنى fireplace,0,0,informational,0,0.0,1756,40.39
44,Comfort Solutions Fireplace,معنى كلمة fireplace,0,0,informational,0,0.0,1756,40.39
50,Repair Furnace,fireplace repair salt lake city,0,0,informational,0,0.0,108,50.18
50,Repair Furnace,ac repairs bluffdale,0,0,informational,0,0.0,108,50.18
50,Repair Furnace,affordable home repair in roy utah,0,0,informational,0,0.0,108,50.18
50,Repair Furnace,amish heater repair near me,0,0,informational,0,0.0,108,50.18
50,Repair Furnace,best heating contractor bluffdale,0,0,informational,0,0.0,108,50.18
50,Repair Furnace,best heating contractor bluffdale near me,0,0,informational,0,0.0,108,50.18
50,Repair Furnace,boiler repair bountiful,0,0,informational,0,0.0,108,50.18
50,Repair Furnace,boiler repair bountiful ut,0,0,informational,0,0.0,108,50.18
50,Repair Furnace,boiler repair services bluffdale,0,0,informational,0,0.0,108,50.18
50,Repair Furnace,boiler repair services bountiful,0,0,informational,0,0.0,108,50.18
50,Repair Furnace,boiler repair services kaysville,0,0,informational,0,0.0,108,50.18
50,Repair Furnace,boiler repair west valley city ut,0,0,informational,0,0.0,108,50.18
50,Repair Furnace,boiler service bountiful,0,0,informational,0,0.0,108,50.18
50,Repair Furnace,bountiful business coverage,0,0,informational,0,0.0,108,50.18
50,Repair Furnace,bountiful fire restoration,0,0,informational,0,0.0,108,50.18
50,Repair Furnace,bountiful home repairs,0,0,informational,0,0.0,108,50.18
50,Repair Furnace,chimney masonry repair bluffdale ut,0,0,informational,0,0.0,108,50.18
50,Repair Furnace,"commercial property maintenance riverton, utah",0,0,informational,0,0.0,108,50.18
50,Repair Furnace,custom mantel fabrication 84116,0,0,informational,0,0.0,108,50.18
50,Repair Furnace,does fire stone fix heating and air conditioning,0,0,informational,0,0.0,108,50.18
50,Repair Furnace,electrical repair in riverton ut,0,0,informational,0,0.0,108,50.18
50,Repair Furnace,exterior design contractor west valley city ut,0,0,informational,0,0.0,108,50.18
50,Repair Furnace,exterior maintenance west valley city ut,0,0,informational,0,0.0,108,50.18
50,Repair Furnace,fire damage restoration service cottonwood heights city ut,0,0,informational,0,0.0,108,50.18
50,Repair Furnace,fireplace repair bountiful,0,0,informational,0,0.0,108,50.18
50,Repair Furnace,fireplace service north ogden ut,0,0,informational,0,0.0,108,50.18
50,Repair Furnace,fireplace service salt lake city,0,0,informational,0,0.0,108,50.18
50,Repair Furnace,fireplace west jordan,0,0,informational,0,0.0,108,50.18
50,Repair Furnace,firewood in salt lake city,0,0,informational,0,0.0,108,50.18
50,Repair Furnace,furnace installation west valley city utah,0,0,informational,0,0.0,108,50.18
50,Repair Furnace,furnace maintenance bountiful utah,0,0,informational,0,0.0,108,50.18
50,Repair Furnace,furnace maintenance cottonwood heights utah,0,0,informational,0,0.0,108,50.18
50,Repair Furnace,furnace maintenance west valley city utah,0,0,informational,0,0.0,108,50.18
50,Repair Furnace,furnace repair bluffdale utah,0,0,informational,0,0.0,108,50.18
50,Repair Furnace,furnace repair bountiful,0,0,informational,0,0.0,108,50.18
50,Repair Furnace,furnace repair bountiful ut,0,0,informational,0,0.0,108,50.18
50,Repair Furnace,furnace repair bountiful utah,0,0,informational,0,0.0,108,50.18
50,Repair Furnace,furnace repair cotton wood heights,0,0,informational,0,0.0,108,50.18
50,Repair Furnace,furnace repair cottonwood heights utah,0,0,informational,0,0.0,108,50.18
50,Repair Furnace,furnace repair heber city utah,0,0,informational,0,0.0,108,50.18
50,Repair Furnace,furnace repair service near me,0,0,informational,0,0.0,108,50.18
50,Repair Furnace,furnace repair west bountiful utah,0,0,informational,0,0.0,108,50.18
50,Repair Furnace,furnace repair west valley city,0,0,informational,0,0.0,108,50.18
50,Repair Furnace,furnace repair west valley city ut,0,0,informational,0,0.0,108,50.18
50,Repair Furnace,furnace repair west valley city utah,0,0,informational,0,0.0,108,50.18
50,Repair Furnace,furnace replacement bluffdale,0,0,informational,0,0.0,108,50.18
50,Repair Furnace,furnace replacement bountiful ut,0,0,informational,0,0.0,108,50.18
50,Repair Furnace,furnace replacement bountiful utah,0,0,informational,0,0.0,108,50.18
50,Repair Furnace,furnace replacement cottonwood heights utah,0,0,informational,0,0.0,108,50.18
50,Repair Furnace,furnace replacement west valley city ut,0,0,informational,0,0.0,108,50.18
50,Repair Furnace,furnace replacement west valley city utah,0,0,informational,0,0.0,108,50.18
50,Repair Furnace,gas furnace repair west valley city,0,0,informational,0,0.0,108,50.18
50,Repair Furnace,gas heating stoves utah,0,0,informational,0,0.0,108,50.18
50,Repair Furnace,gas line repair in riverton ut,0,0,informational,0,0.0,108,50.18
50,Repair Furnace,gas line repair west valley city,0,0,informational,0,0.0,108,50.18
50,Repair Furnace,gas line replacement in riverton ut,0,0,informational,0,0.0,108,50.18
50,Repair Furnace,heater installation bountiful,0,0,informational,0,0.0,108,50.18
50,Repair Furnace,heater repair bountiful,0,0,informational,0,0.0,108,50.18
50,Repair Furnace,heater repair kaysville,0,0,informational,0,0.0,108,50.18
50,Repair Furnace,heater repair west valley city,0,0,informational,0,0.0,108,50.18
50,Repair Furnace,heater tune up midvale ut,0,0,informational,0,0.0,108,50.18
50,Repair Furnace,heating company bountiful,0,0,informational,0,0.0,108,50.18
50,Repair Furnace,heating contractor bluffdale,0,0,informational,0,0.0,108,50.18
50,Repair Furnace,heating contractor bluffdale ut,0,0,informational,0,0.0,108,50.18
50,Repair Furnace,heating installation bluffdale ut,0,0,informational,0,0.0,108,50.18
50,Repair Furnace,heating installation bountiful,0,0,informational,0,0.0,108,50.18
50,Repair Furnace,heating installation woods cross,0,0,informational,0,0.0,108,50.18
50,Repair Furnace,heating maintenance kaysville,0,0,informational,0,0.0,108,50.18
50,Repair Furnace,heating maintenance kaysville ut,0,0,informational,0,0.0,108,50.18
50,Repair Furnace,heating repair bluffdale,0,0,informational,0,0.0,108,50.18
50,Repair Furnace,heating repair bluffdale ut,0,0,informational,0,0.0,108,50.18
50,Repair Furnace,heating repair bountiful,0,0,informational,0,0.0,108,50.18
50,Repair Furnace,heating repair midvale,0,0,informational,0,0.0,108,50.18
50,Repair Furnace,heating repair near me centerville,0,0,informational,0,0.0,108,50.18
50,Repair Furnace,heating repair riverton,0,0,informational,0,0.0,108,50.18
50,Repair Furnace,heating repair riverton ut,0,0,informational,0,0.0,108,50.18
50,Repair Furnace,heating repair west valley city,0,0,informational,0,0.0,108,50.18
50,Repair Furnace,heating repair west valley city ut,0,0,informational,0,0.0,108,50.18
50,Repair Furnace,heating replacement bluffdale ut,0,0,informational,0,0.0,108,50.18
50,Repair Furnace,heating replacement bountiful,0,0,informational,0,0.0,108,50.18
50,Repair Furnace,heating replacement kaysville,0,0,informational,0,0.0,108,50.18
50,Repair Furnace,heating replacement riverton,0,0,informational,0,0.0,108,50.18
50,Repair Furnace,heating replacement west valley city,0,0,informational,0,0.0,108,50.18
50,Repair Furnace,home addition bountiful,0,0,informational,0,0.0,108,50.18
50,Repair Furnace,home addition west jordan,0,0,informational,0,0.0,108,50.18
50,Repair Furnace,home cleaning bountiful,0,0,informational,0,0.0,108,50.18
50,Repair Furnace,home repairs bountiful ut,0,0,informational,0,0.0,108,50.18
50,Repair Furnace,home repairs centerville ut,0,0,informational,0,0.0,108,50.18
50,Repair Furnace,home selling services west valley city,0,0,informational,0,0.0,108,50.18
50,Repair Furnace,hvac service west valley city utah,0,0,informational,0,0.0,108,50.18
50,Repair Furnace,it services west valley,0,0,informational,0,0.0,108,50.18
50,Repair Furnace,it services west valley city,0,0,informational,0,0.0,108,50.18
50,Repair Furnace,kaysville utah fix heater,0,0,informational,0,0.0,108,50.18
50,Repair Furnace,kaysville utah heater repair,0,0,informational,0,0.0,108,50.18
50,Repair Furnace,local heating contractor bluffdale ut,0,0,informational,0,0.0,108,50.18
50,Repair Furnace,residential heating contractor bluffdale,0,0,informational,0,0.0,108,50.18
50,Repair Furnace,residential heating contractor bluffdale ut,0,0,informational,0,0.0,108,50.18
50,Repair Furnace,rewiring bountiful ut,0,0,informational,0,0.0,108,50.18
50,Repair Furnace,salt lake city fire pit builders,0,0,informational,0,0.0,108,50.18
50,Repair Furnace,salt lake city fire pit contractors,0,0,informational,0,0.0,108,50.18
50,Repair Furnace,trane furnace repair riverton,0,0,informational,0,0.0,108,50.18
50,Repair Furnace,trane salt lake city utah,0,0,informational,0,0.0,108,50.18
50,Repair Furnace,utah fire pit contractors,0,0,informational,0,0.0,108,50.18
50,Repair Furnace,water heater repair bluffdale ut,0,0,informational,0,0.0,108,50.18
50,Repair Furnace,water heater repair in riverton ut,0,0,informational,0,0.0,108,50.18
50,Repair Furnace,west valley city ut hvac,0,0,informational,0,0.0,108,50.18
50,Repair Furnace,who to call if water heater not working,0,0,informational,0,0.0,108,50.18
50,Repair Furnace,wood heating and air conditioning,0,0,informational,0,0.0,108,50.18
52,Fireplace Baby,baby proof fireplace gate,0,0,informational,0,0.0,142,48.7
52,Fireplace Baby,are fireplaces safe for babies,0,0,informational,0,0.0,142,48.7
52,Fireplace Baby,are gas fireplaces safe for babies,0,0,informational,0,0.0,142,48.7
52,Fireplace Baby,baby fence for fireplace,0,0,informational,0,0.0,142,48.7
52,Fireplace Baby,baby fireplace,0,0,informational,0,0.0,142,48.7
52,Fireplace Baby,baby fireplace gate,0,0,informational,0,0.0,142,48.7
52,Fireplace Baby,baby fireplace guard,0,0,informational,0,0.0,142,48.7
52,Fireplace Baby,baby gate for fireplace,0,0,informational,0,0.0,142,48.7
52,Fireplace Baby,baby gate for fireplace hearth,0,0,informational,0,0.0,142,48.7
52,Fireplace Baby,baby guard for fireplace,0,0,informational,0,0.0,142,48.7
52,Fireplace Baby,baby proof a fireplace,0,0,informational,0,0.0,142,48.7
52,Fireplace Baby,baby proof brick fireplace,0,0,informational,0,0.0,142,48.7
52,Fireplace Baby,baby proof electric fireplace,0,0,informational,0,0.0,142,48.7
52,Fireplace Baby,baby proof fireplace,0,0,informational,0,0.0,142,48.7
52,Fireplace Baby,baby proof fireplace australia,0,0,informational,0,0.0,142,48.7
52,Fireplace Baby,baby proof fireplace brick,0,0,informational,0,0.0,142,48.7
52,Fireplace Baby,baby proof fireplace foam,0,0,informational,0,0.0,142,48.7
52,Fireplace Baby,baby proof fireplace screen,0,0,informational,0,0.0,142,48.7
52,Fireplace Baby,baby proof fireplace vancouver,0,0,informational,0,0.0,142,48.7
52,Fireplace Baby,baby proof gas fireplace,0,0,informational,0,0.0,142,48.7
52,Fireplace Baby,baby proof wood stove,0,0,informational,0,0.0,142,48.7
52,Fireplace Baby,baby proofing a fireplace,0,0,informational,0,0.0,142,48.7
52,Fireplace Baby,baby proofing brick fireplace,0,0,informational,0,0.0,142,48.7
52,Fireplace Baby,baby proofing fire place,0,0,informational,0,0.0,142,48.7
52,Fireplace Baby,baby proofing fireplace,0,0,informational,0,0.0,142,48.7
52,Fireplace Baby,baby proofing for fireplace,0,0,informational,0,0.0,142,48.7
52,Fireplace Baby,baby proofing hearth,0,0,informational,0,0.0,142,48.7
52,Fireplace Baby,baby safety fireplace,0,0,informational,0,0.0,142,48.7
52,Fireplace Baby,baby safety fireplace guard,0,0,informational,0,0.0,142,48.7
52,Fireplace Baby,baby safety for fireplace,0,0,informational,0,0.0,142,48.7
52,Fireplace Baby,baby safety hearth gate,0,0,informational,0,0.0,142,48.7
52,Fireplace Baby,babyproof a fireplace,0,0,informational,0,0.0,142,48.7
52,Fireplace Baby,babyproof fireplace,0,0,informational,0,0.0,142,48.7
52,Fireplace Baby,babyproof fireplace safety options,0,0,informational,0,0.0,142,48.7
52,Fireplace Baby,babyproofing a fireplace,0,0,informational,0,0.0,142,48.7
52,Fireplace Baby,babyproofing fireplace,0,0,informational,0,0.0,142,48.7
52,Fireplace Baby,best baby gate for fireplace,0,0,informational,0,0.0,142,48.7
52,Fireplace Baby,best childproof fireplace screen,0,0,informational,0,0.0,142,48.7
52,Fireplace Baby,best fireplace baby gate,0,0,informational,0,0.0,142,48.7
52,Fireplace Baby,best way to baby proof fireplace,0,0,informational,0,0.0,142,48.7
52,Fireplace Baby,block fireplace from baby,0,0,informational,0,0.0,142,48.7
52,Fireplace Baby,brick fireplace baby proof,0,0,informational,0,0.0,142,48.7
52,Fireplace Baby,brick fireplace protector baby,0,0,informational,0,0.0,142,48.7
52,Fireplace Baby,child proof fireplace,0,0,informational,0,0.0,142,48.7
52,Fireplace Baby,child proof fireplace gate,0,0,informational,0,0.0,142,48.7
52,Fireplace Baby,child proof fireplace toddler safety cover door barrier hearth guard,0,0,informational,0,0.0,142,48.7
52,Fireplace Baby,child proof gas fireplace,0,0,informational,0,0.0,142,48.7
52,Fireplace Baby,child proofing fireplace,0,0,informational,0,0.0,142,48.7
52,Fireplace Baby,child safety for fireplace,0,0,informational,0,0.0,142,48.7
52,Fireplace Baby,childproof a fireplace,0,0,informational,0,0.0,142,48.7
52,Fireplace Baby,childproof fireguard for log burner,0,0,informational,0,0.0,142,48.7
52,Fireplace Baby,childproof fireplace gate,0,0,informational,0,0.0,142,48.7
52,Fireplace Baby,childproof fireplace hearth,0,0,informational,0,0.0,142,48.7
52,Fireplace Baby,childproofing a fireplace,0,0,informational,0,0.0,142,48.7
52,Fireplace Baby,childproofing fireplace,0,0,informational,0,0.0,142,48.7
52,Fireplace Baby,christmas tree gate for babies,0,0,informational,0,0.0,142,48.7
52,Fireplace Baby,diy baby proof fireplace,0,0,informational,0,0.0,142,48.7
52,Fireplace Baby,diy baby proof fireplace hearth,0,0,informational,0,0.0,142,48.7
52,Fireplace Baby,diy fireplace baby gate,0,0,informational,0,0.0,142,48.7
52,Fireplace Baby,diy fireplace baby proofing,0,0,informational,0,0.0,142,48.7
52,Fireplace Baby,diy fireplace gate,0,0,informational,0,0.0,142,48.7
52,Fireplace Baby,diy wood stove gate,0,0,informational,0,0.0,142,48.7
52,Fireplace Baby,fire gate safety,0,0,informational,0,0.0,142,48.7
52,Fireplace Baby,fire guard baby proof,0,0,informational,0,0.0,142,48.7
52,Fireplace Baby,fire hearth baby proofing,0,0,informational,0,0.0,142,48.7
52,Fireplace Baby,fireplace and babies,0,0,informational,0,0.0,142,48.7
52,Fireplace Baby,fireplace baby,0,0,informational,0,0.0,142,48.7
52,Fireplace Baby,fireplace baby proof,0,0,informational,0,0.0,142,48.7
52,Fireplace Baby,fireplace baby proofing,0,0,informational,0,0.0,142,48.7
52,Fireplace Baby,fireplace baby safety,0,0,informational,0,0.0,142,48.7
52,Fireplace Baby,fireplace baby safety gate,0,0,informational,0,0.0,142,48.7
52,Fireplace Baby,fireplace babyproofing,0,0,informational,0,0.0,142,48.7
52,Fireplace Baby,fireplace brick cover baby,0,0,informational,0,0.0,142,48.7
52,Fireplace Baby,fireplace child proof,0,0,informational,0,0.0,142,48.7
52,Fireplace Baby,fireplace childproofing,0,0,informational,0,0.0,142,48.7
52,Fireplace Baby,fireplace cover baby,0,0,informational,0,0.0,142,48.7
52,Fireplace Baby,fireplace cover baby proof,0,0,informational,0,0.0,142,48.7
52,Fireplace Baby,fireplace cover for kids,0,0,informational,0,0.0,142,48.7
52,Fireplace Baby,fireplace door lock,0,0,informational,0,0.0,142,48.7
52,Fireplace Baby,fireplace fence baby,0,0,informational,0,0.0,142,48.7
52,Fireplace Baby,fireplace gate baby,0,0,informational,0,0.0,142,48.7
52,Fireplace Baby,fireplace gate baby proof,0,0,informational,0,0.0,142,48.7
52,Fireplace Baby,fireplace gate for baby,0,0,informational,0,0.0,142,48.7
52,Fireplace Baby,fireplace gate for baby proofing,0,0,informational,0,0.0,142,48.7
52,Fireplace Baby,fireplace gate safety,0,0,informational,0,0.0,142,48.7
52,Fireplace Baby,fireplace guard baby,0,0,informational,0,0.0,142,48.7
52,Fireplace Baby,fireplace guard for baby,0,0,informational,0,0.0,142,48.7
52,Fireplace Baby,fireplace hearth baby proof,0,0,informational,0,0.0,142,48.7
52,Fireplace Baby,fireplace lock,0,0,informational,0,0.0,142,48.7
52,Fireplace Baby,fireplace protection,0,0,informational,0,0.0,142,48.7
52,Fireplace Baby,fireplace protection for babies,0,0,informational,0,0.0,142,48.7
52,Fireplace Baby,fireplace safety baby,0,0,informational,0,0.0,142,48.7
52,Fireplace Baby,fireplace safety for babies,0,0,informational,0,0.0,142,48.7
52,Fireplace Baby,fireplace safety for toddlers,0,0,informational,0,0.0,142,48.7
52,Fireplace Baby,fireplace safety gate,0,0,informational,0,0.0,142,48.7
52,Fireplace Baby,fireplace safety gate for toddlers,0,0,informational,0,0.0,142,48.7
52,Fireplace Baby,fireplace screen baby proof,0,0,informational,0,0.0,142,48.7
52,Fireplace Baby,fireplace screen kid safe,0,0,informational,0,0.0,142,48.7
52,Fireplace Baby,fireplace toddler safety,0,0,informational,0,0.0,142,48.7
52,Fireplace Baby,fireplace with newborn,0,0,informational,0,0.0,142,48.7
52,Fireplace Baby,gas fireplace baby proof,0,0,informational,0,0.0,142,48.7
52,Fireplace Baby,gas fireplace child protection,0,0,informational,0,0.0,142,48.7
52,Fireplace Baby,gate around fireplace,0,0,informational,0,0.0,142,48.7
52,Fireplace Baby,gate for around fireplace,0,0,informational,0,0.0,142,48.7
52,Fireplace Baby,gate for fireplace baby,0,0,informational,0,0.0,142,48.7
52,Fireplace Baby,gates for fireplace,0,0,informational,0,0.0,142,48.7
52,Fireplace Baby,hearth baby protector,0,0,informational,0,0.0,142,48.7
52,Fireplace Baby,hearth protector baby,0,0,informational,0,0.0,142,48.7
52,Fireplace Baby,heat and glo child proof lock,0,0,informational,0,0.0,142,48.7
52,Fireplace Baby,heat glo child proof,0,0,informational,0,0.0,142,48.7
52,Fireplace Baby,how can i baby proof my fireplace,0,0,informational,0,0.0,142,48.7
52,Fireplace Baby,how to baby proof a brick fireplace,0,0,informational,0,0.0,142,48.7
52,Fireplace Baby,how to baby proof a fireplace,0,0,informational,0,0.0,142,48.7
52,Fireplace Baby,how to baby proof a fireplace hearth,0,0,informational,0,0.0,142,48.7
52,Fireplace Baby,how to baby proof a gas fireplace,0,0,informational,0,0.0,142,48.7
52,Fireplace Baby,how to baby proof a hearth,0,0,informational,0,0.0,142,48.7
52,Fireplace Baby,how to baby proof a stone fireplace,0,0,informational,0,0.0,142,48.7
52,Fireplace Baby,how to baby proof brick fireplace,0,0,informational,0,0.0,142,48.7
52,Fireplace Baby,how to baby proof brick hearth,0,0,informational,0,0.0,142,48.7
52,Fireplace Baby,how to baby proof fireplace,0,0,informational,0,0.0,142,48.7
52,Fireplace Baby,how to baby proof fireplace brick,0,0,informational,0,0.0,142,48.7
52,Fireplace Baby,how to baby proof fireplace hearth,0,0,informational,0,0.0,142,48.7
52,Fireplace Baby,how to baby proof fireplace screen,0,0,informational,0,0.0,142,48.7
52,Fireplace Baby,how to baby proof gas fireplace,0,0,informational,0,0.0,142,48.7
52,Fireplace Baby,how to babyproof a fireplace,0,0,informational,0,0.0,142,48.7
52,Fireplace Baby,how to babyproof fireplace,0,0,informational,0,0.0,142,48.7
52,Fireplace Baby,how to block fireplace from baby,0,0,informational,0,0.0,142,48.7
52,Fireplace Baby,how to child proof a fireplace,0,0,informational,0,0.0,142,48.7
52,Fireplace Baby,how to child proof fireplace,0,0,informational,0,0.0,142,48.7
52,Fireplace Baby,how to childproof a fireplace,0,0,informational,0,0.0,142,48.7
52,Fireplace Baby,how to childproof fireplace,0,0,informational,0,0.0,142,48.7
52,Fireplace Baby,how to protect baby from fireplace hearth,0,0,informational,0,0.0,142,48.7
52,Fireplace Baby,how to protect fireplace from baby,0,0,informational,0,0.0,142,48.7
52,Fireplace Baby,interlocking foam mats,0,0,informational,0,0.0,142,48.7
52,Fireplace Baby,keep kids safe around fireplaces,0,0,informational,0,0.0,142,48.7
52,Fireplace Baby,kid proof fireplace screen,0,0,informational,0,0.0,142,48.7
52,Fireplace Baby,protect baby from fireplace,0,0,informational,0,0.0,142,48.7
52,Fireplace Baby,safety gates for fireplace,0,0,informational,0,0.0,142,48.7
52,Fireplace Baby,safety gates for fireplaces,0,0,informational,0,0.0,142,48.7
52,Fireplace Baby,safety screens,0,0,informational,0,0.0,142,48.7
52,Fireplace Baby,toddler proof fireplace,0,0,informational,0,0.0,142,48.7
52,Fireplace Baby,wood burning fireplace and newborn,0,0,informational,0,0.0,142,48.7
30,Near Stove,all fuel installation & services,0,0,informational,0,0.0,49,51.27
30,Near Stove,certified wood stove installers near me,0,0,informational,0,0.0,49,51.27
30,Near Stove,do you need a permit to replace a gas stove,0,0,informational,0,0.0,49,51.27
30,Near Stove,duravent stove pipe near me,0,0,informational,0,0.0,49,51.27
30,Near Stove,fire stores near me,0,0,informational,0,0.0,49,51.27
30,Near Stove,gas fire installers near me,0,0,informational,0,0.0,49,51.27
30,Near Stove,gas fire service near me,0,0,informational,0,0.0,49,51.27
30,Near Stove,gas fire technicians near me,0,0,informational,0,0.0,49,51.27
30,Near Stove,gas heating stove repair near me,0,0,informational,0,0.0,49,51.27
30,Near Stove,gas insert installation near me,0,0,informational,0,0.0,49,51.27
30,Near Stove,gas range installation near me,0,0,informational,0,0.0,49,51.27
30,Near Stove,gas stove installation near me,0,0,informational,0,0.0,49,51.27
30,Near Stove,gas stove installation service near me,0,0,informational,0,0.0,49,51.27
30,Near Stove,gas stove installer near me,0,0,informational,0,0.0,49,51.27
30,Near Stove,gas stove installers,0,0,informational,0,0.0,49,51.27
30,Near Stove,gas stove installers near me,0,0,informational,0,0.0,49,51.27
30,Near Stove,gas stove maintenance near me,0,0,informational,0,0.0,49,51.27
30,Near Stove,gas stove on off switch,0,0,informational,0,0.0,49,51.27
30,Near Stove,gas stove repair service near me,0,0,informational,0,0.0,49,51.27
30,Near Stove,gas wood stoves near me,0,0,informational,0,0.0,49,51.27
30,Near Stove,heating stoves near me,0,0,informational,0,0.0,49,51.27
30,Near Stove,install gas stove near me,0,0,informational,0,0.0,49,51.27
30,Near Stove,jøtul 3 wood stove manual,0,0,informational,0,0.0,49,51.27
30,Near Stove,natural gas grill installation near me,0,0,informational,0,0.0,49,51.27
30,Near Stove,pellet stove dealers in my area,0,0,informational,0,0.0,49,51.27
30,Near Stove,propane gas stove installers near me,0,0,informational,0,0.0,49,51.27
30,Near Stove,propane heating stoves for sale near me,0,0,informational,0,0.0,49,51.27
30,Near Stove,range hood installation near me,0,0,informational,0,0.0,49,51.27
30,Near Stove,stove installation near me,0,0,informational,0,0.0,49,51.27
30,Near Stove,stove installer,0,0,informational,0,0.0,49,51.27
30,Near Stove,stove pipe installation near me,0,0,informational,0,0.0,49,51.27
30,Near Stove,stove warehouse near me,0,0,informational,0,0.0,49,51.27
30,Near Stove,top rated hvac companies near me,0,0,informational,0,0.0,49,51.27
30,Near Stove,who installs gas lines for stoves near me,0,0,informational,0,0.0,49,51.27
30,Near Stove,who installs pellet stoves near me,0,0,informational,0,0.0,49,51.27
30,Near Stove,who installs wood burning stoves near me,0,0,informational,0,0.0,49,51.27
30,Near Stove,who installs wood stoves,0,0,informational,0,0.0,49,51.27
30,Near Stove,who installs wood stoves near me,0,0,informational,0,0.0,49,51.27
30,Near Stove,wood burning stove in shed regulations,0,0,informational,0,0.0,49,51.27
30,Near Stove,wood stove chimney installation near me,0,0,informational,0,0.0,49,51.27
30,Near Stove,wood stove dealers near me,0,0,informational,0,0.0,49,51.27
30,Near Stove,wood stove dealerships near me,0,0,informational,0,0.0,49,51.27
30,Near Stove,wood stove experts near me,0,0,informational,0,0.0,49,51.27
30,Near Stove,wood stove installation codes,0,0,informational,0,0.0,49,51.27
30,Near Stove,wood stove installers,0,0,informational,0,0.0,49,51.27
30,Near Stove,wood stove pipes near me,0,0,informational,0,0.0,49,51.27
30,Near Stove,wood stove repair near me,0,0,informational,0,0.0,49,51.27
30,Near Stove,wood stove replacement glass near me,0,0,informational,0,0.0,49,51.27
30,Near Stove,wood stove sales near me,0,0,informational,0,0.0,49,51.27
17,Fireplace Gas,do gas pipes make noise,0,0,informational,0,0.0,38,52.01
17,Fireplace Gas,does fireplace fan need to be on,0,0,informational,0,0.0,38,52.01
17,Fireplace Gas,electric fireplace making noise,0,0,informational,0,0.0,38,52.01
17,Fireplace Gas,electric fireplace noise when running,0,0,informational,0,0.0,38,52.01
17,Fireplace Gas,electric fireplace not blowing heat,0,0,informational,0,0.0,38,52.01
17,Fireplace Gas,electric fireplace rattling noise,0,0,informational,0,0.0,38,52.01
17,Fireplace Gas,electric fireplace that makes crackling sound,0,0,informational,0,0.0,38,52.01
17,Fireplace Gas,electric fireplace with crackling sound,0,0,informational,0,0.0,38,52.01
17,Fireplace Gas,fireplace fan noise,0,0,informational,0,0.0,38,52.01
17,Fireplace Gas,gas fireplace blower loud,0,0,informational,0,0.0,38,52.01
17,Fireplace Gas,gas fireplace fan loud,0,0,informational,0,0.0,38,52.01
17,Fireplace Gas,gas fireplace fan not turning on,0,0,informational,0,0.0,38,52.01
17,Fireplace Gas,gas fireplace humming noise,0,0,informational,0,0.0,38,52.01
17,Fireplace Gas,gas fireplace is loud,0,0,informational,0,0.0,38,52.01
17,Fireplace Gas,gas fireplace loud,0,0,informational,0,0.0,38,52.01
17,Fireplace Gas,gas fireplace loud gas flow,0,0,informational,0,0.0,38,52.01
17,Fireplace Gas,gas fireplace makes whooshing sound,0,0,informational,0,0.0,38,52.01
17,Fireplace Gas,gas fireplace making noise when on,0,0,informational,0,0.0,38,52.01
17,Fireplace Gas,gas fireplace noisy,0,0,informational,0,0.0,38,52.01
17,Fireplace Gas,gas fireplace whooshing sound,0,0,informational,0,0.0,38,52.01
17,Fireplace Gas,gas stove making noise,0,0,informational,0,0.0,38,52.01
17,Fireplace Gas,how long does it take for a fireplace blower to turn on,0,0,informational,0,0.0,38,52.01
17,Fireplace Gas,is it normal to hear the pilot light on a gas fireplace,0,0,informational,0,0.0,38,52.01
17,Fireplace Gas,loud fireplace fan,0,0,informational,0,0.0,38,52.01
17,Fireplace Gas,majestic gas fireplace fan not working,0,0,informational,0,0.0,38,52.01
17,Fireplace Gas,my electric fireplace is making a clicking noise,0,0,informational,0,0.0,38,52.01
17,Fireplace Gas,my electric fireplace is making noise,0,0,informational,0,0.0,38,52.01
17,Fireplace Gas,noisy fireplace blower,0,0,informational,0,0.0,38,52.01
17,Fireplace Gas,noisy fireplace fan,0,0,informational,0,0.0,38,52.01
17,Fireplace Gas,quiet fireplace fan,0,0,informational,0,0.0,38,52.01
17,Fireplace Gas,should a gas fireplace make noise,0,0,informational,0,0.0,38,52.01
17,Fireplace Gas,should i be able to hear my gas fireplace,0,0,informational,0,0.0,38,52.01
17,Fireplace Gas,why is my electric fireplace making noise,0,0,informational,0,0.0,38,52.01
17,Fireplace Gas,why is my fireplace blower so loud,0,0,informational,0,0.0,38,52.01
17,Fireplace Gas,why is my gas fireplace fan so loud,0,0,informational,0,0.0,38,52.01
17,Fireplace Gas,why is my gas fireplace so loud,0,0,informational,0,0.0,38,52.01
17,Fireplace Gas,why is there a fan on my fireplace,0,0,informational,0,0.0,38,52.01
17,Fireplace Gas,wood burning fireplace fan not working,0,0,informational,0,0.0,38,52.01
45,Pilot Assembly,81303 pilot assembly,0,0,informational,0,0.0,37,52.58
45,Pilot Assembly,bradford white pilot assembly replacement,0,0,informational,0,0.0,37,52.58
45,Pilot Assembly,fireplace pilot assembly,0,0,informational,0,0.0,37,52.58
45,Pilot Assembly,fireplace pilot assembly replacement,0,0,informational,0,0.0,37,52.58
45,Pilot Assembly,gas fire pilot assembly,0,0,informational,0,0.0,37,52.58
45,Pilot Assembly,gas fireplace pilot assembly,0,0,informational,0,0.0,37,52.58
45,Pilot Assembly,gas fireplace pilot assembly replacement,0,0,informational,0,0.0,37,52.58
45,Pilot Assembly,gas fireplace pilot assembly replacement cost,0,0,informational,0,0.0,37,52.58
45,Pilot Assembly,gas fireplace pilot light assembly,0,0,informational,0,0.0,37,52.58
45,Pilot Assembly,gas fireplace pilot light works but no flame,0,0,informational,0,0.0,37,52.58
45,Pilot Assembly,gas furnace pilot light assembly,0,0,informational,0,0.0,37,52.58
45,Pilot Assembly,gas heater pilot assembly,0,0,informational,0,0.0,37,52.58
45,Pilot Assembly,how to light pilot light on propane fireplace,0,0,informational,0,0.0,37,52.58
45,Pilot Assembly,how to replace igniter on gas fireplace,0,0,informational,0,0.0,37,52.58
45,Pilot Assembly,natural gas fireplace pilot assembly,0,0,informational,0,0.0,37,52.58
45,Pilot Assembly,natural gas pilot light assembly,0,0,informational,0,0.0,37,52.58
45,Pilot Assembly,parts of a pilot assembly,0,0,informational,0,0.0,37,52.58
45,Pilot Assembly,pilot ass,0,0,informational,0,0.0,37,52.58
45,Pilot Assembly,pilot assemblies,0,0,informational,0,0.0,37,52.58
45,Pilot Assembly,pilot assembly,0,0,informational,0,0.0,37,52.58
45,Pilot Assembly,pilot assembly fireplace,0,0,informational,0,0.0,37,52.58
45,Pilot Assembly,pilot assembly for gas fireplace,0,0,informational,0,0.0,37,52.58
45,Pilot Assembly,pilot assembly gas fireplace,0,0,informational,0,0.0,37,52.58
45,Pilot Assembly,pilot assembly in fireplace replacement parts,0,0,informational,0,0.0,37,52.58
45,Pilot Assembly,pilot assembly parts,0,0,informational,0,0.0,37,52.58
45,Pilot Assembly,pilot assembly replacement,0,0,informational,0,0.0,37,52.58
45,Pilot Assembly,pilot assembly replacement kit,0,0,informational,0,0.0,37,52.58
45,Pilot Assembly,pilot burner assembly,0,0,informational,0,0.0,37,52.58
45,Pilot Assembly,pilot hood assembly,0,0,informational,0,0.0,37,52.58
45,Pilot Assembly,pilot light assembly for gas fireplace,0,0,informational,0,0.0,37,52.58
45,Pilot Assembly,pilot light fireplace,0,0,informational,0,0.0,37,52.58
45,Pilot Assembly,pilot light off on gas fireplace,0,0,informational,0,0.0,37,52.58
45,Pilot Assembly,pilot system assembly,0,0,informational,0,0.0,37,52.58
45,Pilot Assembly,piolet assembly,0,0,informational,0,0.0,37,52.58
45,Pilot Assembly,rheem water heater pilot assembly,0,0,informational,0,0.0,37,52.58
45,Pilot Assembly,universal fireplace pilot assembly,0,0,informational,0,0.0,37,52.58
45,Pilot Assembly,water heater pilot assembly replacement cost,0,0,informational,0,0.0,37,52.58
48,Installation Layton,additions herriman,0,0,informational,0,0.0,34,50.54
48,Installation Layton,additions west jordan,0,0,informational,0,0.0,34,50.54
48,Installation Layton,additions+herriman,0,0,informational,0,0.0,34,50.54
48,Installation Layton,boiler installation layton,0,0,informational,0,0.0,34,50.54
48,Installation Layton,cooktop installation park city,0,0,informational,0,0.0,34,50.54
48,Installation Layton,ductwork installation layton ut,0,0,informational,0,0.0,34,50.54
48,Installation Layton,fountain installation herriman ut,0,0,informational,0,0.0,34,50.54
48,Installation Layton,free estimates,0,0,informational,0,0.0,34,50.54
48,Installation Layton,"furnace installation in layton, ut",0,0,informational,0,0.0,34,50.54
48,Installation Layton,furnace installation layton,0,0,informational,0,0.0,34,50.54
48,Installation Layton,furnace installation layton ut,0,0,informational,0,0.0,34,50.54
48,Installation Layton,"furnace installation layton, ut",0,0,informational,0,0.0,34,50.54
48,Installation Layton,"furnace repairs in layton, ut",0,0,informational,0,0.0,34,50.54
48,Installation Layton,gas line installation layton,0,0,informational,0,0.0,34,50.54
48,Installation Layton,"heating & cooling installation in layton, ut",0,0,informational,0,0.0,34,50.54
48,Installation Layton,"heating & cooling installation layton, ut",0,0,informational,0,0.0,34,50.54
48,Installation Layton,heating and cooling layton ut,0,0,informational,0,0.0,34,50.54
48,Installation Layton,heating installation kaysville,0,0,informational,0,0.0,34,50.54
48,Installation Layton,heating installation layton,0,0,informational,0,0.0,34,50.54
48,Installation Layton,heating installation layton ut,0,0,informational,0,0.0,34,50.54
48,Installation Layton,heating installation wasatch front ut,0,0,informational,0,0.0,34,50.54
48,Installation Layton,heating replacement layton,0,0,informational,0,0.0,34,50.54
48,Installation Layton,home addition herriman,0,0,informational,0,0.0,34,50.54
48,Installation Layton,home addition herrimon,0,0,informational,0,0.0,34,50.54
48,Installation Layton,home addition kaysville,0,0,informational,0,0.0,34,50.54
48,Installation Layton,home additions kaysville,0,0,informational,0,0.0,34,50.54
48,Installation Layton,install heber city ut,0,0,informational,0,0.0,34,50.54
48,Installation Layton,install park city ut,0,0,informational,0,0.0,34,50.54
48,Installation Layton,"layton city fire, fire station, layton",0,0,informational,0,0.0,34,50.54
48,Installation Layton,log company leeton ut,0,0,informational,0,0.0,34,50.54
48,Installation Layton,outdoor kitchen installation herriman ut,0,0,informational,0,0.0,34,50.54
48,Installation Layton,patio installers herriman ut,0,0,informational,0,0.0,34,50.54
48,Installation Layton,paver installation park city ut,0,0,informational,0,0.0,34,50.54
48,Installation Layton,wood installers ogden,0,0,informational,0,0.0,34,50.54
28,Gas Fireplace Life Expectancy,does a gas fireplace use a lot of gas,0,0,informational,0,0.0,29,51.24
28,Gas Fireplace Life Expectancy,gas fireplace life expectancy,0,0,informational,0,0.0,29,51.24
28,Gas Fireplace Life Expectancy,gas fireplace lifespan,0,0,informational,0,0.0,29,51.24
28,Gas Fireplace Life Expectancy,how long can i run my gas fireplace,0,0,informational,0,0.0,29,51.24
28,Gas Fireplace Life Expectancy,how long can you run a gas fireplace,0,0,informational,0,0.0,29,51.24
28,Gas Fireplace Life Expectancy,how long can you run a vented gas fireplace,0,0,informational,0,0.0,29,51.24
28,Gas Fireplace Life Expectancy,how long can you run gas fireplace,0,0,informational,0,0.0,29,51.24
28,Gas Fireplace Life Expectancy,how long do electric fireplaces last,0,0,informational,0,0.0,29,51.24
28,Gas Fireplace Life Expectancy,how long do fireplace inserts last,0,0,informational,0,0.0,29,51.24
28,Gas Fireplace Life Expectancy,how long do gas fireplace inserts last,0,0,informational,0,0.0,29,51.24
28,Gas Fireplace Life Expectancy,how long do gas fireplace logs last,0,0,informational,0,0.0,29,51.24
28,Gas Fireplace Life Expectancy,how long do gas fireplaces last,0,0,informational,0,0.0,29,51.24
28,Gas Fireplace Life Expectancy,how long do gas logs last,0,0,informational,0,0.0,29,51.24
28,Gas Fireplace Life Expectancy,how long does a gas fireplace insert last,0,0,informational,0,0.0,29,51.24
28,Gas Fireplace Life Expectancy,how long does a gas fireplace last,0,0,informational,0,0.0,29,51.24
28,Gas Fireplace Life Expectancy,how long does gas fireplace last,0,0,informational,0,0.0,29,51.24
28,Gas Fireplace Life Expectancy,how long does installation typically take?,0,0,informational,0,0.0,29,51.24
28,Gas Fireplace Life Expectancy,how long does it take for a fireplace blower to turn off,0,0,informational,0,0.0,29,51.24
28,Gas Fireplace Life Expectancy,how long does it take to install a gas fireplace,0,0,informational,0,0.0,29,51.24
28,Gas Fireplace Life Expectancy,how long should a blower motor last,0,0,informational,0,0.0,29,51.24
28,Gas Fireplace Life Expectancy,how often should you clean your gas fireplace,0,0,informational,0,0.0,29,51.24
28,Gas Fireplace Life Expectancy,how safe is a gas fireplace,0,0,informational,0,0.0,29,51.24
28,Gas Fireplace Life Expectancy,lifespan of gas fireplace,0,0,informational,0,0.0,29,51.24
28,Gas Fireplace Life Expectancy,what is its typical lifespan?,0,0,informational,0,0.0,29,51.24
28,Gas Fireplace Life Expectancy,what is the expected lifespan of the motor?,0,0,informational,0,0.0,29,51.24
28,Gas Fireplace Life Expectancy,what is the expected lifespan of this motor?,0,0,informational,0,0.0,29,51.24
28,Gas Fireplace Life Expectancy,what is the expected lifespan of this part?,0,0,informational,0,0.0,29,51.24
28,Gas Fireplace Life Expectancy,what is the lifespan of a gas fireplace,0,0,informational,0,0.0,29,51.24
28,Gas Fireplace Life Expectancy,what is the typical lifespan of the motor?,0,0,informational,0,0.0,29,51.24
35,Comfort Solutions,comfort solutions,0,0,informational,0,0.0,27,50.75
35,Comfort Solutions,comfort solutions ogden,0,0,informational,0,0.0,27,50.75
35,Comfort Solutions,comfort solutions sandy,0,0,informational,0,0.0,27,50.75
35,Comfort Solutions,comfort solutions utah,0,0,informational,0,0.0,27,50.75
35,Comfort Solutions,intermountain comfort supply,0,0,informational,0,0.0,27,50.75
35,Comfort Solutions,climate comfort solutions,0,0,informational,0,0.0,27,50.75
35,Comfort Solutions,comfort control heating and air,0,0,informational,0,0.0,27,50.75
35,Comfort Solutions,comfort google reviews,0,0,informational,0,0.0,27,50.75
35,Comfort Solutions,comfort home,0,0,informational,0,0.0,27,50.75
35,Comfort Solutions,comfort solitions,0,0,informational,0,0.0,27,50.75
35,Comfort Solutions,comfort solution,0,0,informational,0,0.0,27,50.75
35,Comfort Solutions,comfort solutions heating and cooling,0,0,informational,0,0.0,27,50.75
35,Comfort Solutions,comfort solutions ogden utah,0,0,informational,0,0.0,27,50.75
35,Comfort Solutions,comfort solutions photos,0,0,informational,0,0.0,27,50.75
35,Comfort Solutions,comfort solutions reviews,0,0,informational,0,0.0,27,50.75
35,Comfort Solutions,comfort solutions sandy utah,0,0,informational,0,0.0,27,50.75
35,Comfort Solutions,comfort solutions west haven,0,0,informational,0,0.0,27,50.75
35,Comfort Solutions,comfort solutions west haven reviews,0,0,informational,0,0.0,27,50.75
35,Comfort Solutions,comfort systems utah,0,0,informational,0,0.0,27,50.75
35,Comfort Solutions,comforts by design,0,0,informational,0,0.0,27,50.75
35,Comfort Solutions,comfortsolutions,0,0,informational,0,0.0,27,50.75
35,Comfort Solutions,custom comfort solutions,0,0,informational,0,0.0,27,50.75
35,Comfort Solutions,data protection solutions salt lake city ut,0,0,informational,0,0.0,27,50.75
35,Comfort Solutions,design comfort utah,0,0,informational,0,0.0,27,50.75
35,Comfort Solutions,fire protection solutions ogden ut,0,0,informational,0,0.0,27,50.75
35,Comfort Solutions,jordan comfort solutions,0,0,informational,0,0.0,27,50.75
35,Comfort Solutions,outdoor comfort solutions,0,0,informational,0,0.0,27,50.75
51,Are Electric Fireplaces Safe,are electric fireplaces safe,0,0,informational,0,0.0,25,51.66
51,Are Electric Fireplaces Safe,be modern electric fire,0,0,informational,0,0.0,25,51.66
51,Are Electric Fireplaces Safe,efireplaces,0,0,informational,0,0.0,25,51.66
51,Are Electric Fireplaces Safe,electric fireplace companies,0,0,informational,0,0.0,25,51.66
51,Are Electric Fireplaces Safe,electric fireplace holladay ut,0,0,informational,0,0.0,25,51.66
51,Are Electric Fireplaces Safe,electric fireplace sandy,0,0,informational,0,0.0,25,51.66
51,Are Electric Fireplaces Safe,electric fireplace south salt lake city,0,0,informational,0,0.0,25,51.66
51,Are Electric Fireplaces Safe,electric fireplace south salt lake city ut,0,0,informational,0,0.0,25,51.66
51,Are Electric Fireplaces Safe,electric fireplace stores in my area,0,0,informational,0,0.0,25,51.66
51,Are Electric Fireplaces Safe,electric fireplace utah,0,0,informational,0,0.0,25,51.66
51,Are Electric Fireplaces Safe,electric fireplaces bountiful,0,0,informational,0,0.0,25,51.66
51,Are Electric Fireplaces Safe,electric fireplaces for apartments,0,0,informational,0,0.0,25,51.66
51,Are Electric Fireplaces Safe,electric or gas fireplace,0,0,informational,0,0.0,25,51.66
51,Are Electric Fireplaces Safe,electric vs wood fireplace,0,0,informational,0,0.0,25,51.66
51,Are Electric Fireplaces Safe,gas and electric fireplaces,0,0,informational,0,0.0,25,51.66
51,Are Electric Fireplaces Safe,images of electric fireplaces,0,0,informational,0,0.0,25,51.66
51,Are Electric Fireplaces Safe,lowes fireplace electric,0,0,informational,0,0.0,25,51.66
51,Are Electric Fireplaces Safe,luxury electric fireplace insert utah,0,0,informational,0,0.0,25,51.66
51,Are Electric Fireplaces Safe,tv stands with fireplace near me,0,0,informational,0,0.0,25,51.66
51,Are Electric Fireplaces Safe,value city electric fireplaces,0,0,informational,0,0.0,25,51.66
51,Are Electric Fireplaces Safe,value city fireplaces,0,0,informational,0,0.0,25,51.66
51,Are Electric Fireplaces Safe,value city furniture fireplaces,0,0,informational,0,0.0,25,51.66
51,Are Electric Fireplaces Safe,who installs electric fireplaces,0,0,informational,0,0.0,25,51.66
51,Are Electric Fireplaces Safe,who sells electric fireplaces near me,0,0,informational,0,0.0,25,51.66
51,Are Electric Fireplaces Safe,wood vs electric fireplace,0,0,informational,0,0.0,25,51.66
14,Wood Firewood,burning twigs meaning,0,0,informational,0,0.0,24,50.23
14,Wood Firewood,can you use pine as firewood,0,0,informational,0,0.0,24,50.23
14,Wood Firewood,cooking with firewood,0,0,informational,0,0.0,24,50.23
14,Wood Firewood,do pinecones burn,0,0,informational,0,0.0,24,50.23
14,Wood Firewood,fireplace tinder,0,0,informational,0,0.0,24,50.23
14,Wood Firewood,firewood near me,0,0,informational,0,0.0,24,50.23
14,Wood Firewood,firewood slc,0,0,informational,0,0.0,24,50.23
14,Wood Firewood,firewood tinder,0,0,informational,0,0.0,24,50.23
14,Wood Firewood,hot wood kindling,0,0,informational,0,0.0,24,50.23
14,Wood Firewood,is pine good for pyrography,0,0,informational,0,0.0,24,50.23
14,Wood Firewood,ise tampons as fire starter,0,0,informational,0,0.0,24,50.23
14,Wood Firewood,kindling timber,0,0,informational,0,0.0,24,50.23
14,Wood Firewood,lighter pine wood,0,0,informational,0,0.0,24,50.23
14,Wood Firewood,pine kindling,0,0,informational,0,0.0,24,50.23
14,Wood Firewood,smokeless fire wood,0,0,informational,0,0.0,24,50.23
14,Wood Firewood,tinder firewood,0,0,informational,0,0.0,24,50.23
14,Wood Firewood,tinder for fire pit,0,0,informational,0,0.0,24,50.23
14,Wood Firewood,tinder for fireplace,0,0,informational,0,0.0,24,50.23
14,Wood Firewood,tinder wood,0,0,informational,0,0.0,24,50.23
14,Wood Firewood,types of fire starters,0,0,informational,0,0.0,24,50.23
14,Wood Firewood,what is the ignition point of wood,0,0,informational,0,0.0,24,50.23
14,Wood Firewood,wood for starting a fire,0,0,informational,0,0.0,24,50.23
14,Wood Firewood,wood pitch,0,0,informational,0,0.0,24,50.23
14,Wood Firewood,you are stranded out on the trail. you need to build a fire. which of these is the best starter material?,0,0,informational,0,0.0,24,50.23
39,Vent Flare,10000-8700,0,0,informational,0,0.0,21,48.26
39,Vent Flare,chase,0,0,informational,0,0.0,21,48.26
39,Vent Flare,chase vent,0,0,informational,0,0.0,21,48.26
39,Vent Flare,davinci,0,0,informational,0,0.0,21,48.26
39,Vent Flare,f 500 v3 oslo,0,0,informational,0,0.0,21,48.26
39,Vent Flare,f 500 v3 oslo price,0,0,informational,0,0.0,21,48.26
39,Vent Flare,ff-80,0,0,informational,0,0.0,21,48.26
39,Vent Flare,fire baby reviews,0,0,informational,0,0.0,21,48.26
39,Vent Flare,fire box,0,0,informational,0,0.0,21,48.26
39,Vent Flare,fire key,0,0,informational,0,0.0,21,48.26
39,Vent Flare,fixed,0,0,informational,0,0.0,21,48.26
39,Vent Flare,flare 80,0,0,informational,0,0.0,21,48.26
39,Vent Flare,flare ff,0,0,informational,0,0.0,21,48.26
39,Vent Flare,flare vent,0,0,informational,0,0.0,21,48.26
39,Vent Flare,napoleon ascent 36,0,0,informational,0,0.0,21,48.26
39,Vent Flare,st50h,0,0,informational,0,0.0,21,48.26
39,Vent Flare,truflame,0,0,informational,0,0.0,21,48.26
39,Vent Flare,ucair,0,0,informational,0,0.0,21,48.26
39,Vent Flare,vent flaring,0,0,informational,0,0.0,21,48.26
39,Vent Flare,vent to flare,0,0,informational,0,0.0,21,48.26
39,Vent Flare,vented,0,0,informational,0,0.0,21,48.26
34,Ventilateur Fan,comment fonctionne un ventilateur de cheminée,0,0,informational,0,0.0,20,51.67
34,Ventilateur Fan,como funcionan los ventiladores de chimenea,0,0,informational,0,0.0,20,51.67
34,Ventilateur Fan,fan on fireplace purpose,0,0,informational,0,0.0,20,51.67
34,Ventilateur Fan,fire stove fan,0,0,informational,0,0.0,20,51.67
34,Ventilateur Fan,pulseur d'air cheminee,0,0,informational,0,0.0,20,51.67
34,Ventilateur Fan,purpose of fan on fireplace,0,0,informational,0,0.0,20,51.67
34,Ventilateur Fan,soufflerie insert,0,0,informational,0,0.0,20,51.67
34,Ventilateur Fan,souffleur pour cheminée ouverte,0,0,informational,0,0.0,20,51.67
34,Ventilateur Fan,ventilador de chimenea como funciona,0,0,informational,0,0.0,20,51.67
34,Ventilateur Fan,ventilateur cheminée,0,0,informational,0,0.0,20,51.67
34,Ventilateur Fan,ventilateur cheminée foyer fermé,0,0,informational,0,0.0,20,51.67
34,Ventilateur Fan,ventilateur de cheminee,0,0,informational,0,0.0,20,51.67
34,Ventilateur Fan,ventilateur de cheminée,0,0,informational,0,0.0,20,51.67
34,Ventilateur Fan,ventilateur de cheminée avis,0,0,informational,0,0.0,20,51.67
34,Ventilateur Fan,ventilateur insert a bois,0,0,informational,0,0.0,20,51.67
34,Ventilateur Fan,ventilateur pour cheminée,0,0,informational,0,0.0,20,51.67
34,Ventilateur Fan,wentylator do kominka,0,0,informational,0,0.0,20,51.67
34,Ventilateur Fan,wentylator na komin,0,0,informational,0,0.0,20,51.67
34,Ventilateur Fan,what is the fan for in a fireplace,0,0,informational,0,0.0,20,51.67
34,Ventilateur Fan,what is the purpose of the fan on a fireplace,0,0,informational,0,0.0,20,51.67
4,Fireplace Tech,comfort fireplace,0,0,informational,0,0.0,19,50.57
4,Fireplace Tech,comfort stoves,0,0,informational,0,0.0,19,50.57
4,Fireplace Tech,comfort tech fireplace,0,0,informational,0,0.0,19,50.57
4,Fireplace Tech,cozy fireplaces,0,0,informational,0,0.0,19,50.57
4,Fireplace Tech,cozy home fireplace,0,0,informational,0,0.0,19,50.57
4,Fireplace Tech,efficient fireplace,0,0,informational,0,0.0,19,50.57
4,Fireplace Tech,fire place tech,0,0,informational,0,0.0,19,50.57
4,Fireplace Tech,fireplace pro,0,0,informational,0,0.0,19,50.57
4,Fireplace Tech,fireplace tech,0,0,informational,0,0.0,19,50.57
4,Fireplace Tech,fireplace worker,0,0,informational,0,0.0,19,50.57
4,Fireplace Tech,fireplaced,0,0,informational,0,0.0,19,50.57
4,Fireplace Tech,fireplaxe,0,0,informational,0,0.0,19,50.57
4,Fireplace Tech,fireside solutions,0,0,informational,0,0.0,19,50.57
4,Fireplace Tech,gas fireplace tech,0,0,informational,0,0.0,19,50.57
4,Fireplace Tech,haard woonkamer,0,0,informational,0,0.0,19,50.57
4,Fireplace Tech,jotul f 500 v3 oslo price,0,0,informational,0,0.0,19,50.57
4,Fireplace Tech,jotul f500 v3 oslo price,0,0,informational,0,0.0,19,50.57
4,Fireplace Tech,jøtul 500,0,0,informational,0,0.0,19,50.57
4,Fireplace Tech,soo fireplace,0,0,informational,0,0.0,19,50.57
11,Start Fire,how do you start a fire,0,0,informational,0,0.0,19,51.49
11,Start Fire,how to get fire in the forge,0,0,informational,0,0.0,19,51.49
11,Start Fire,how to get gas logs started,0,0,informational,0,0.0,19,51.49
11,Start Fire,how to make a small fire at home,0,0,informational,0,0.0,19,51.49
11,Start Fire,how to make homemade lighter,0,0,informational,0,0.0,19,51.49
11,Start Fire,how to manually light a fireplace,0,0,informational,0,0.0,19,51.49
11,Start Fire,how to start a campfire without tinder,0,0,informational,0,0.0,19,51.49
11,Start Fire,how to start a fire,0,0,informational,0,0.0,19,51.49
11,Start Fire,how to start a fire with paper,0,0,informational,0,0.0,19,51.49
11,Start Fire,how to start an indoor fire,0,0,informational,0,0.0,19,51.49
11,Start Fire,how to start fire,0,0,informational,0,0.0,19,51.49
11,Start Fire,how to start fire in fireplace,0,0,informational,0,0.0,19,51.49
11,Start Fire,how to start gas logs for the first time,0,0,informational,0,0.0,19,51.49
11,Start Fire,how to start the fireplace,0,0,informational,0,0.0,19,51.49
11,Start Fire,how to turn on a chimney fire,0,0,informational,0,0.0,19,51.49
11,Start Fire,how to use electric stove,0,0,informational,0,0.0,19,51.49
11,Start Fire,what is the proper way to start a fire hunter safety,0,0,informational,0,0.0,19,51.49
11,Start Fire,what's the proper way to start a fire,0,0,informational,0,0.0,19,51.49
11,Start Fire,wood burning tips and tricks,0,0,informational,0,0.0,19,51.49
18,Humidity Low,32 humidity,0,0,informational,0,0.0,19,52.0
18,Humidity Low,cool dry place in house,0,0,informational,0,0.0,19,52.0
18,Humidity Low,dry air in house remedies,0,0,informational,0,0.0,19,52.0
18,Humidity Low,how to deal with low humidity,0,0,informational,0,0.0,19,52.0
18,Humidity Low,is there humidity in the winter,0,0,informational,0,0.0,19,52.0
18,Humidity Low,low humidity,0,0,informational,0,0.0,19,52.0
18,Humidity Low,low humidity meaning,0,0,informational,0,0.0,19,52.0
18,Humidity Low,low humidity problems,0,0,informational,0,0.0,19,52.0
18,Humidity Low,low humidity signs,0,0,informational,0,0.0,19,52.0
18,Humidity Low,low humidity symptoms,0,0,informational,0,0.0,19,52.0
18,Humidity Low,signs of low humidity,0,0,informational,0,0.0,19,52.0
18,Humidity Low,signs of low humidity in home,0,0,informational,0,0.0,19,52.0
18,Humidity Low,signs of low humidity in house,0,0,informational,0,0.0,19,52.0
18,Humidity Low,symptoms of low humidity,0,0,informational,0,0.0,19,52.0
18,Humidity Low,symptoms of low humidity in home,0,0,informational,0,0.0,19,52.0
18,Humidity Low,what causes low humidity,0,0,informational,0,0.0,19,52.0
18,Humidity Low,what causes low humidity in a house,0,0,informational,0,0.0,19,52.0
18,Humidity Low,what causes low humidity in house,0,0,informational,0,0.0,19,52.0
18,Humidity Low,what is a low humidity,0,0,informational,0,0.0,19,52.0
13,Custom Fire Pits Draper,best way to put wood in fire pit,0,0,informational,0,0.0,18,53.26
13,Custom Fire Pits Draper,best way to start a fire pit fire,0,0,informational,0,0.0,18,53.26
13,Custom Fire Pits Draper,burning wood in a fire pit,0,0,informational,0,0.0,18,53.26
13,Custom Fire Pits Draper,custom fire pits draper,0,0,informational,0,0.0,18,53.26
13,Custom Fire Pits Draper,fire pit firewood,0,0,informational,0,0.0,18,53.26
13,Custom Fire Pits Draper,how long does wood burn in a fire pit,0,0,informational,0,0.0,18,53.26
13,Custom Fire Pits Draper,how to keep fire going in fire pit,0,0,informational,0,0.0,18,53.26
13,Custom Fire Pits Draper,how to place firewood in fire pit,0,0,informational,0,0.0,18,53.26
13,Custom Fire Pits Draper,how to place wood in a fire pit,0,0,informational,0,0.0,18,53.26
13,Custom Fire Pits Draper,how to place wood in fire pit,0,0,informational,0,0.0,18,53.26
13,Custom Fire Pits Draper,how to set up firewood in fire pit,0,0,informational,0,0.0,18,53.26
13,Custom Fire Pits Draper,how to stack wood to start a fire,0,0,informational,0,0.0,18,53.26
13,Custom Fire Pits Draper,how to start a fire pit with wood,0,0,informational,0,0.0,18,53.26
13,Custom Fire Pits Draper,how to start a wood burning fire pit,0,0,informational,0,0.0,18,53.26
13,Custom Fire Pits Draper,how to start a wood fire in a fire pit,0,0,informational,0,0.0,18,53.26
13,Custom Fire Pits Draper,how to start fire in fire pit,0,0,informational,0,0.0,18,53.26
13,Custom Fire Pits Draper,parts of a fire pit,0,0,informational,0,0.0,18,53.26
13,Custom Fire Pits Draper,wood in fire pit,0,0,informational,0,0.0,18,53.26
21,Electric Fireplace,burning smell from electric fireplace,0,0,informational,0,0.0,18,55.34
21,Electric Fireplace,electric fireplace burning smell,0,0,informational,0,0.0,18,55.34
21,Electric Fireplace,electric fireplace heater smells like burning,0,0,informational,0,0.0,18,55.34
21,Electric Fireplace,electric fireplace smell,0,0,informational,0,0.0,18,55.34
21,Electric Fireplace,electric fireplace smells,0,0,informational,0,0.0,18,55.34
21,Electric Fireplace,electric fireplace smells like burning,0,0,informational,0,0.0,18,55.34
21,Electric Fireplace,electric fireplace smells like burning dust,0,0,informational,0,0.0,18,55.34
21,Electric Fireplace,electric fireplace smells like gas,0,0,informational,0,0.0,18,55.34
21,Electric Fireplace,is it normal for an electric fireplace to smell,0,0,informational,0,0.0,18,55.34
21,Electric Fireplace,my electric fireplace smells like burning,0,0,informational,0,0.0,18,55.34
21,Electric Fireplace,new electric fireplace smell,0,0,informational,0,0.0,18,55.34
21,Electric Fireplace,new wood burner smell dangerous,0,0,informational,0,0.0,18,55.34
21,Electric Fireplace,smell from electric fireplace,0,0,informational,0,0.0,18,55.34
21,Electric Fireplace,smells like burning,0,0,informational,0,0.0,18,55.34
21,Electric Fireplace,why does electric fireplace smell,0,0,informational,0,0.0,18,55.34
21,Electric Fireplace,why does my electric fireplace smell,0,0,informational,0,0.0,18,55.34
21,Electric Fireplace,why does my electric fireplace smell like burnt smell,0,0,informational,0,0.0,18,55.34
21,Electric Fireplace,why does my electric fireplace smell like it's burning,0,0,informational,0,0.0,18,55.34
22,Fireplace Non,fire safe drywall,0,0,informational,0,0.0,17,53.56
22,Fireplace Non,fireplace construction materials,0,0,informational,0,0.0,17,53.56
22,Fireplace Non,fireplace materials,0,0,informational,0,0.0,17,53.56
22,Fireplace Non,fireplace surround non combustible,0,0,informational,0,0.0,17,53.56
22,Fireplace Non,non combustible board for fireplace,0,0,informational,0,0.0,17,53.56
22,Fireplace Non,non combustible drywall for fireplace,0,0,informational,0,0.0,17,53.56
22,Fireplace Non,non combustible fireplace material,0,0,informational,0,0.0,17,53.56
22,Fireplace Non,non combustible fireplace surround material,0,0,informational,0,0.0,17,53.56
22,Fireplace Non,non combustible hearth,0,0,informational,0,0.0,17,53.56
22,Fireplace Non,non combustible material for fireplace,0,0,informational,0,0.0,17,53.56
22,Fireplace Non,non combustible material for fireplace surround,0,0,informational,0,0.0,17,53.56
22,Fireplace Non,non combustible materials for fireplace,0,0,informational,0,0.0,17,53.56
22,Fireplace Non,non combustible materials for fireplace surround,0,0,informational,0,0.0,17,53.56
22,Fireplace Non,non combustible materials for gas fireplace surround,0,0,informational,0,0.0,17,53.56
22,Fireplace Non,non-combustible hearth,0,0,informational,0,0.0,17,53.56
22,Fireplace Non,solid surface fireplace surround,0,0,informational,0,0.0,17,53.56
22,Fireplace Non,wood stove non combustible material,0,0,informational,0,0.0,17,53.56
23,Non Combustible,examples of non combustible materials,0,0,informational,0,0.0,17,54.73
23,Non Combustible,non combustible,0,0,informational,0,0.0,17,54.73
23,Non Combustible,non combustible material,0,0,informational,0,0.0,17,54.73
23,Non Combustible,non combustible materials,0,0,informational,0,0.0,17,54.73
23,Non Combustible,non combustible sheet materials,0,0,informational,0,0.0,17,54.73
23,Non Combustible,non combustion,0,0,informational,0,0.0,17,54.73
23,Non Combustible,non-combustible material,0,0,informational,0,0.0,17,54.73
23,Non Combustible,non-combustible materials,0,0,informational,0,0.0,17,54.73
23,Non Combustible,non-combustible meaning,0,0,informational,0,0.0,17,54.73
23,Non Combustible,noncombustible examples,0,0,informational,0,0.0,17,54.73
23,Non Combustible,noncombustible material,0,0,informational,0,0.0,17,54.73
23,Non Combustible,what are non combustible materials,0,0,informational,0,0.0,17,54.73
23,Non Combustible,what does noncombustible mean,0,0,informational,0,0.0,17,54.73
23,Non Combustible,what is a non combustible material,0,0,informational,0,0.0,17,54.73
23,Non Combustible,what is non combustible material,0,0,informational,0,0.0,17,54.73
23,Non Combustible,what is non combustible materials,0,0,informational,0,0.0,17,54.73
23,Non Combustible,what is noncombustible material,0,0,informational,0,0.0,17,54.73
31,Fan Noise,how noisy is the fan during operation?,0,0,informational,0,0.0,16,52.97
31,Fan Noise,how is the fan noise level?,0,0,informational,0,0.0,16,52.97
31,Fan Noise,how loud is it,0,0,informational,0,0.0,16,52.97
31,Fan Noise,how loud is the blower during operation?,0,0,informational,0,0.0,16,52.97
31,Fan Noise,how loud is the fan during operation?,0,0,informational,0,0.0,16,52.97
31,Fan Noise,how loud is the fan noise?,0,0,informational,0,0.0,16,52.97
31,Fan Noise,how loud is the fan on high?,0,0,informational,0,0.0,16,52.97
31,Fan Noise,how loud is the fan on its highest setting?,0,0,informational,0,0.0,16,52.97
31,Fan Noise,how much noise does it generate?,0,0,informational,0,0.0,16,52.97
31,Fan Noise,how much noise does it produce?,0,0,informational,0,0.0,16,52.97
31,Fan Noise,how noisy is the blower during operation?,0,0,informational,0,0.0,16,52.97
31,Fan Noise,how quiet is the fan during operation?,0,0,informational,0,0.0,16,52.97
31,Fan Noise,is it loud,0,0,informational,0,0.0,16,52.97
31,Fan Noise,what is the fan noise level?,0,0,informational,0,0.0,16,52.97
31,Fan Noise,what is the fan's noise level?,0,0,informational,0,0.0,16,52.97
31,Fan Noise,what is the noise level during operation?,0,0,informational,0,0.0,16,52.97
0,Chimney Gas,chimney gas,0,0,informational,0,0.0,15,52.02
0,Chimney Gas,chimney gas fire,0,0,informational,0,0.0,15,52.02
0,Chimney Gas,chimney gas fireplace,0,0,informational,0,0.0,15,52.02
0,Chimney Gas,chimney key,0,0,informational,0,0.0,15,52.02
0,Chimney Gas,chimney sales near me,0,0,informational,0,0.0,15,52.02
0,Chimney Gas,chimney store,0,0,informational,0,0.0,15,52.02
0,Chimney Gas,chimney supply store near me,0,0,informational,0,0.0,15,52.02
0,Chimney Gas,chimney vs fireplace,0,0,informational,0,0.0,15,52.02
0,Chimney Gas,chimneys and fireplaces,0,0,informational,0,0.0,15,52.02
0,Chimney Gas,do gas fires need a chimney,0,0,informational,0,0.0,15,52.02
0,Chimney Gas,fireplace vs chimney,0,0,informational,0,0.0,15,52.02
0,Chimney Gas,gas chimney,0,0,informational,0,0.0,15,52.02
0,Chimney Gas,gas chimneys,0,0,informational,0,0.0,15,52.02
0,Chimney Gas,gas+chimney,0,0,informational,0,0.0,15,52.02
0,Chimney Gas,should flames go up the chimney,0,0,informational,0,0.0,15,52.02
15,Fire Igniting,expect fireplace,0,0,informational,0,0.0,14,51.09
15,Fire Igniting,fire installation,0,0,informational,0,0.0,14,51.09
15,Fire Igniting,fire starter,0,0,informational,0,0.0,14,51.09
15,Fire Igniting,ignite fires,0,0,informational,0,0.0,14,51.09
15,Fire Igniting,igniting,0,0,informational,0,0.0,14,51.09
15,Fire Igniting,igniting a fire,0,0,informational,0,0.0,14,51.09
15,Fire Igniting,igniting fire,0,0,informational,0,0.0,14,51.09
15,Fire Igniting,litting fire,0,0,informational,0,0.0,14,51.09
15,Fire Igniting,log fire fan,0,0,informational,0,0.0,14,51.09
15,Fire Igniting,of a fire,0,0,informational,0,0.0,14,51.09
15,Fire Igniting,open fire fan,0,0,informational,0,0.0,14,51.09
15,Fire Igniting,outdoor fire stick,0,0,informational,0,0.0,14,51.09
15,Fire Igniting,putting fire,0,0,informational,0,0.0,14,51.09
15,Fire Igniting,wood fire,0,0,informational,0,0.0,14,51.09
19,Fireplace Odor,best fireplace deodorizer,0,0,informational,0,0.0,13,53.59
19,Fireplace Odor,chimney odor removal,0,0,informational,0,0.0,13,53.59
19,Fireplace Odor,fireplace air purifier,0,0,informational,0,0.0,13,53.59
19,Fireplace Odor,fireplace deodorant spray,0,0,informational,0,0.0,13,53.59
19,Fireplace Odor,fireplace odor eliminator,0,0,informational,0,0.0,13,53.59
19,Fireplace Odor,fireplace odor neutralizer,0,0,informational,0,0.0,13,53.59
19,Fireplace Odor,fireplace odor removal,0,0,informational,0,0.0,13,53.59
19,Fireplace Odor,fireplace odors,0,0,informational,0,0.0,13,53.59
19,Fireplace Odor,how to get rid of fireplace smell,0,0,informational,0,0.0,13,53.59
19,Fireplace Odor,how to keep fireplace from smelling,0,0,informational,0,0.0,13,53.59
19,Fireplace Odor,odor from fireplace,0,0,informational,0,0.0,13,53.59
19,Fireplace Odor,remove fireplace smell from house,0,0,informational,0,0.0,13,53.59
19,Fireplace Odor,will a fireplace make my house smell,0,0,informational,0,0.0,13,53.59
33,Fireplace Parts,"""fireplace""",0,0,informational,0,0.0,13,52.74
33,Fireplace Parts,fireplace def,0,0,informational,0,0.0,13,52.74
33,Fireplace Parts,fireplace hearth definition,0,0,informational,0,0.0,13,52.74
33,Fireplace Parts,fireplace key,0,0,informational,0,0.0,13,52.74
33,Fireplace Parts,fireplace nomenclature,0,0,informational,0,0.0,13,52.74
33,Fireplace Parts,fireplace parts,0,0,informational,0,0.0,13,52.74
33,Fireplace Parts,fireplace terminology,0,0,informational,0,0.0,13,52.74
33,Fireplace Parts,fireplace terms,0,0,informational,0,0.0,13,52.74
33,Fireplace Parts,fireplace vocabulary,0,0,informational,0,0.0,13,52.74
33,Fireplace Parts,fireplace with ledge,0,0,informational,0,0.0,13,52.74
33,Fireplace Parts,parts of a fireplace,0,0,informational,0,0.0,13,52.74
33,Fireplace Parts,what's a fireplace,0,0,informational,0,0.0,13,52.74
33,Fireplace Parts,whats a fireplace,0,0,informational,0,0.0,13,52.74
46,Charcoal Smells,vinegar,0,0,informational,0,0.0,13,50.98
46,Charcoal Smells,activated charcoal,0,0,informational,0,0.0,13,50.98
46,Charcoal Smells,activated charcoal bath benefits,0,0,informational,0,0.0,13,50.98
46,Charcoal Smells,activated charcoal for smells,0,0,informational,0,0.0,13,50.98
46,Charcoal Smells,charcoal get rid of smells,0,0,informational,0,0.0,13,50.98
46,Charcoal Smells,charcoal to get rid of smells,0,0,informational,0,0.0,13,50.98
46,Charcoal Smells,charcoal vinegar,0,0,informational,0,0.0,13,50.98
46,Charcoal Smells,does charcoal get rid of bad smells,0,0,informational,0,0.0,13,50.98
46,Charcoal Smells,does charcoal get rid of smells,0,0,informational,0,0.0,13,50.98
46,Charcoal Smells,smell of charcoal,0,0,informational,0,0.0,13,50.98
46,Charcoal Smells,vinegar-and-water solution,0,0,informational,0,0.0,13,50.98
46,Charcoal Smells,vinegar/baking soda,0,0,informational,0,0.0,13,50.98
46,Charcoal Smells,what does charcoal smell like,0,0,informational,0,0.0,13,50.98
20,Gas Fireplace,dirty or faulty flame sensor,0,0,informational,0,0.0,11,52.43
20,Gas Fireplace,gas fireplace danger signs,0,0,informational,0,0.0,11,52.43
20,Gas Fireplace,gas fireplace hazards,0,0,informational,0,0.0,11,52.43
20,Gas Fireplace,gas fireplace odor,0,0,informational,0,0.0,11,52.43
20,Gas Fireplace,gas fireplace odors,0,0,informational,0,0.0,11,52.43
20,Gas Fireplace,gas fireplace setting off smoke alarm,0,0,informational,0,0.0,11,52.43
20,Gas Fireplace,gas fireplaces smell,0,0,informational,0,0.0,11,52.43
20,Gas Fireplace,gas smell from gas fireplace when off,0,0,informational,0,0.0,11,52.43
20,Gas Fireplace,how can i tell if my natural gas fireplace is working properly?,0,0,informational,0,0.0,11,52.43
20,Gas Fireplace,how to get rid of smell from gas fireplace,0,0,informational,0,0.0,11,52.43
20,Gas Fireplace,how to tell if gas fireplace is leaking,0,0,informational,0,0.0,11,52.43
24,Electric Gas,difference between electric and gas fireplace,0,0,informational,0,0.0,11,52.44
24,Electric Gas,difference between gas and electric fireplace,0,0,informational,0,0.0,11,52.44
24,Electric Gas,electric,0,0,informational,0,0.0,11,52.44
24,Electric Gas,electric fire vs gas fire,0,0,informational,0,0.0,11,52.44
24,Electric Gas,electric vs gas vs wood fireplace,0,0,informational,0,0.0,11,52.44
24,Electric Gas,fire stove vs electric,0,0,informational,0,0.0,11,52.44
24,Electric Gas,gas fire vs electric fire,0,0,informational,0,0.0,11,52.44
24,Electric Gas,how do i know if my fireplace is gas or electric,0,0,informational,0,0.0,11,52.44
24,Electric Gas,how do you know if your fireplace is gas or electric,0,0,informational,0,0.0,11,52.44
24,Electric Gas,is my fireplace gas or electric,0,0,informational,0,0.0,11,52.44
24,Electric Gas,which is better gas or electric fireplace,0,0,informational,0,0.0,11,52.44
37,Bad Answer,answer,0,0,informational,0,0.0,11,48.29
37,Bad Answer,how to clean,0,0,informational,0,0.0,11,48.29
37,Bad Answer,how to use,0,0,informational,0,0.0,11,48.29
37,Bad Answer,is that bad,0,0,informational,0,0.0,11,48.29
37,Bad Answer,is this bad,0,0,informational,0,0.0,11,48.29
37,Bad Answer,what are these called?,0,0,informational,0,0.0,11,48.29
37,Bad Answer,what does this do?,0,0,informational,0,0.0,11,48.29
37,Bad Answer,what does this look like,0,0,informational,0,0.0,11,48.29
37,Bad Answer,what is missing?,0,0,informational,0,0.0,11,48.29
37,Bad Answer,what is the meaning of,0,0,informational,0,0.0,11,48.29
37,Bad Answer,when to call a professional,0,0,informational,0,0.0,11,48.29
42,Gas Fireplace Cleaning Stelton,gas fireplace cleaning stelton,0,0,informational,0,0.0,11,52.95
42,Gas Fireplace Cleaning Stelton,gas fireplace repair east trenton heights,0,0,informational,0,0.0,11,52.95
42,Gas Fireplace Cleaning Stelton,gas fireplace repair harbourton,0,0,informational,0,0.0,11,52.95
42,Gas Fireplace Cleaning Stelton,gas fireplace repair lumberton,0,0,informational,0,0.0,11,52.95
42,Gas Fireplace Cleaning Stelton,gas fireplace repair possumtown,0,0,informational,0,0.0,11,52.95
42,Gas Fireplace Cleaning Stelton,gas fireplace repair stelton,0,0,informational,0,0.0,11,52.95
42,Gas Fireplace Cleaning Stelton,gas fireplace services east trenton heights,0,0,informational,0,0.0,11,52.95
42,Gas Fireplace Cleaning Stelton,gas fireplace services guttenberg,0,0,informational,0,0.0,11,52.95
42,Gas Fireplace Cleaning Stelton,gas fireplace services stelton,0,0,informational,0,0.0,11,52.95
42,Gas Fireplace Cleaning Stelton,gas insert repair,0,0,informational,0,0.0,11,52.95
42,Gas Fireplace Cleaning Stelton,stelton gas fireplace repair,0,0,informational,0,0.0,11,52.95
12,Fire Pit,best way to put out a fire pit fire,0,0,informational,0,0.0,10,54.88
12,Fire Pit,fire pit tips,0,0,informational,0,0.0,10,54.88
12,Fire Pit,how to put fire out in fire pit,0,0,informational,0,0.0,10,54.88
12,Fire Pit,how to put fire pit out,0,0,informational,0,0.0,10,54.88
12,Fire Pit,how to put out a fire pit fire safely and properly,0,0,informational,0,0.0,10,54.88
12,Fire Pit,how to put out a wood fire pit,0,0,informational,0,0.0,10,54.88
12,Fire Pit,how to put out fire in firepit,0,0,informational,0,0.0,10,54.88
12,Fire Pit,put out fire pit,0,0,informational,0,0.0,10,54.88
12,Fire Pit,putting out fire pit,0,0,informational,0,0.0,10,54.88
12,Fire Pit,using a fire pit,0,0,informational,0,0.0,10,54.88
32,Fireplace Called,fireplace sill,0,0,informational,0,0.0,10,51.27
32,Fireplace Called,ledge above fireplace,0,0,informational,0,0.0,10,51.27
32,Fireplace Called,raised fireplace hearth,0,0,informational,0,0.0,10,51.27
32,Fireplace Called,what is a chase wall in construction,0,0,informational,0,0.0,10,51.27
32,Fireplace Called,what is a fireplace chase,0,0,informational,0,0.0,10,51.27
32,Fireplace Called,what is the base of a fireplace called,0,0,informational,0,0.0,10,51.27
32,Fireplace Called,what is the bottom of the fireplace called,0,0,informational,0,0.0,10,51.27
32,Fireplace Called,what is the floor of a fireplace called,0,0,informational,0,0.0,10,51.27
32,Fireplace Called,what is the ledge in front of a fireplace called,0,0,informational,0,0.0,10,51.27
32,Fireplace Called,what is the step in front of a fireplace called,0,0,informational,0,0.0,10,51.27
38,Heat Setting,heat setting,0,0,informational,0,0.0,9,48.35
38,Heat Setting,ignition failure,0,0,informational,0,0.0,9,48.35
38,Heat Setting,manual override key,0,0,informational,0,0.0,9,48.35
38,Heat Setting,overheating,0,0,informational,0,0.0,9,48.35
38,Heat Setting,poor ventilation,0,0,informational,0,0.0,9,48.35
38,Heat Setting,primary heat source,0,0,informational,0,0.0,9,48.35
38,Heat Setting,reset module,0,0,informational,0,0.0,9,48.35
38,Heat Setting,specific heat is the amount of heat necessary to raise temp of 1 lb of which 1f,0,0,informational,0,0.0,9,48.35
38,Heat Setting,vibrations,0,0,informational,0,0.0,9,48.35
47,Vinegar Odors,bowl of vinegar for odors,0,0,informational,0,0.0,9,53.52
47,Vinegar Odors,how to make odor absorber,0,0,informational,0,0.0,9,53.52
47,Vinegar Odors,remove odors with vinegar,0,0,informational,0,0.0,9,53.52
47,Vinegar Odors,using vinegar to eliminate odors,0,0,informational,0,0.0,9,53.52
47,Vinegar Odors,using vinegar to remove odors,0,0,informational,0,0.0,9,53.52
47,Vinegar Odors,vinegar and odor removal,0,0,informational,0,0.0,9,53.52
47,Vinegar Odors,vinegar in bowl for odors,0,0,informational,0,0.0,9,53.52
47,Vinegar Odors,white vinegar remove smell,0,0,informational,0,0.0,9,53.52
47,Vinegar Odors,will a bowl of vinegar absorb odor,0,0,informational,0,0.0,9,53.52
3,Fireplace Charcoal,can you use charcoal in a fireplace,0,0,informational,0,0.0,8,54.19
3,Fireplace Charcoal,can you use dryer lint in fireplace,0,0,informational,0,0.0,8,54.19
3,Fireplace Charcoal,charcoal fireplace,0,0,informational,0,0.0,8,54.19
3,Fireplace Charcoal,charcoal for fireplace,0,0,informational,0,0.0,8,54.19
3,Fireplace Charcoal,charcoal in a fireplace,0,0,informational,0,0.0,8,54.19
3,Fireplace Charcoal,charcoal in fireplace,0,0,informational,0,0.0,8,54.19
3,Fireplace Charcoal,salt in fireplace,0,0,informational,0,0.0,8,54.19
3,Fireplace Charcoal,using charcoal in fireplace,0,0,informational,0,0.0,8,54.19
36,Home Utah,home humidifier not working,0,0,informational,0,0.0,8,51.13
36,Home Utah,smog utah,0,0,informational,0,0.0,8,51.13
36,Home Utah,utah humidifiers,0,0,informational,0,0.0,8,51.13
36,Home Utah,utah hvac companies,0,0,informational,0,0.0,8,51.13
36,Home Utah,water fountain installation herriman ut,0,0,informational,0,0.0,8,51.13
36,Home Utah,whole home humidifier herriman,0,0,informational,0,0.0,8,51.13
36,Home Utah,whole home humidifiers sandy,0,0,informational,0,0.0,8,51.13
36,Home Utah,whole house humidifiers brigham city,0,0,informational,0,0.0,8,51.13
40,Fire Comfrt,comfrt warehouse,0,0,informational,0,0.0,7,49.43
40,Fire Comfrt,fire pkaces,0,0,informational,0,0.0,7,49.43
40,Fire Comfrt,fire shops,0,0,informational,0,0.0,7,49.43
40,Fire Comfrt,foreplace repair,0,0,informational,0,0.0,7,49.43
40,Fire Comfrt,foreplaces,0,0,informational,0,0.0,7,49.43
40,Fire Comfrt,fureplaces,0,0,informational,0,0.0,7,49.43
40,Fire Comfrt,ke krbu,0,0,informational,0,0.0,7,49.43
43,Morgan Gas,fire pit installation morgan hill,0,0,informational,0,0.0,7,51.39
43,Morgan Gas,gas fireplace cleaning morgan,0,0,informational,0,0.0,7,51.39
43,Morgan Gas,gas fireplace repair morgan,0,0,informational,0,0.0,7,51.39
43,Morgan Gas,gas fireplace services morgan,0,0,informational,0,0.0,7,51.39
43,Morgan Gas,gas log cleaning,0,0,informational,0,0.0,7,51.39
43,Morgan Gas,morgan fire restoration,0,0,informational,0,0.0,7,51.39
43,Morgan Gas,καθαρισμοσ πυροτουβλων τζακιου,0,0,informational,0,0.0,7,51.39
8,Near Door,fire door company near me,0,0,informational,0,0.0,6,54.55
8,Near Door,fire door installation companies near me,0,0,informational,0,0.0,6,54.55
8,Near Door,fire door installation near me,0,0,informational,0,0.0,6,54.55
8,Near Door,fire door installers near me,0,0,informational,0,0.0,6,54.55
8,Near Door,fireplace door installation near me,0,0,informational,0,0.0,6,54.55
8,Near Door,insulation contractors near me,0,0,informational,0,0.0,6,54.55
1,Chimney Sweep,chimney sweep,0,0,informational,0,0.0,5,54.22
1,Chimney Sweep,chimney sweep bountiful utah,0,0,informational,0,0.0,5,54.22
1,Chimney Sweep,chimney sweep park city utah,0,0,informational,0,0.0,5,54.22
1,Chimney Sweep,chimney sweeping,0,0,informational,0,0.0,5,54.22
1,Chimney Sweep,chimney sweeping south branch,0,0,informational,0,0.0,5,54.22
2,Fireplace Cold,how to block cold air from fireplace,0,0,informational,0,0.0,5,53.93
2,Fireplace Cold,how to stop cold air coming from fireplace,0,0,informational,0,0.0,5,53.93
2,Fireplace Cold,how to stop cold air from fireplace,0,0,informational,0,0.0,5,53.93
2,Fireplace Cold,magnetic fireplace draft stoppers,0,0,informational,0,0.0,5,53.93
2,Fireplace Cold,why does fireplace make house colder,0,0,informational,0,0.0,5,53.93
5,Types Gas,different types of gas fireplaces,0,0,informational,0,0.0,5,56.92
5,Types Gas,gas fireplace types,0,0,informational,0,0.0,5,56.92
5,Types Gas,types of gas fireplace,0,0,informational,0,0.0,5,56.92
5,Types Gas,types of gas fireplace venting,0,0,informational,0,0.0,5,56.92
5,Types Gas,types of gas fireplaces,0,0,informational,0,0.0,5,56.92
25,Morgan Repair,"audio video installation morgan, ut",0,0,informational,0,0.0,5,55.34
25,Morgan Repair,furnace repair morgan ut,0,0,informational,0,0.0,5,55.34
25,Morgan Repair,heater service morgan ut,0,0,informational,0,0.0,5,55.34
25,Morgan Repair,heating repair morgan ut,0,0,informational,0,0.0,5,55.34
25,Morgan Repair,heating service morgan ut,0,0,informational,0,0.0,5,55.34
29,Fireplace Itself,electric fireplace turns off by itself,0,0,informational,0,0.0,5,54.44
29,Fireplace Itself,gas fire not staying lit,0,0,informational,0,0.0,5,54.44
29,Fireplace Itself,why did my gas fireplace turn on by itself,0,0,informational,0,0.0,5,54.44
29,Fireplace Itself,why does gas fireplace turn off by itself,0,0,informational,0,0.0,5,54.44
29,Fireplace Itself,why does my gas fireplace turn on by itself,0,0,informational,0,0.0,5,54.44
49,Fireplace Value,does a fireplace add value to a home,0,0,informational,0,0.0,4,52.91
49,Fireplace Value,does a fireplace add value to your house,0,0,informational,0,0.0,4,52.91
49,Fireplace Value,does adding a fireplace increase home value,0,0,informational,0,0.0,4,52.91
49,Fireplace Value,is my home's value affected by adding a gas fireplace?,0,0,informational,0,0.0,4,52.91
