Query;Page;Clicks;Impressions;CTR;Position;;
comfort solutions fireplace;https://fireplacesutah.com/;11;160;0.06875;440.625;;
gas fireplace repair near me;https://fireplacesutah.com/fireplace-repair-service/;4;235;0.01702127659574468;8.706.382.978.723.400;;
fireplace repair;https://fireplacesutah.com/fireplace-repair-service/;3;390;0.007692307692307693;41.266.666.666.666.600;;
fireplaces utah;https://fireplacesutah.com/;3;305;0.009836065573770493;3.183.606.557.377.040;;
gas fireplace service near me;https://fireplacesutah.com/fireplace-repair-service/;3;31;0.0967741935483871;8.548.387.096.774.190;;
fireplace meaning;https://fireplacesutah.com/understanding-meaning-and-importance-of-fireplace-btus/;2;2885;0.0006932409012131716;7.034.662.045.060.650;;
fireplace stores near me;https://fireplacesutah.com/;2;252;0.007936507936507936;8.726.190.476.190.470;;
gas fireplace repair;https://fireplacesutah.com/fireplace-repair-service/;2;506;0.003952569169960474;42.262.845.849.802.300;;
gas fireplace repair near me;https://fireplacesutah.com/fireplace-services-in-south-jordan-utah/;2;32;0.0625;490.625;;
gas fireplace service near me;https://fireplacesutah.com/fireplace-services-in-south-jordan-utah/;2;12;0.16666666666666666;5.5;;
starting gas fireplace;https://fireplacesutah.com/easy-steps-to-start-a-gas-fireplace/;2;161;0.012422360248447204;9.596.273.291.925.460;;
baby proof fireplace gate;https://fireplacesutah.com/basic-tips-on-how-to-baby-proof-your-fireplace-area/;1;19;0.05263157894736842;16;;
comfort solutions;https://fireplacesutah.com/;1;796;0.001256281407035176;939.824.120.603.015;;
comfort solutions ogden;https://fireplacesutah.com/;1;136;0.007352941176470588;4.367.647.058.823.520;;
comfort solutions sandy;https://fireplacesutah.com/;1;334;0.0029940119760479044;5.517.964.071.856.280;;
comfort solutions utah;https://fireplacesutah.com/;1;157;0.006369426751592357;6.904.458.598.726.110;;
do gas fireplaces have chimneys;https://fireplacesutah.com/gas-fireplaces-and-chimneys-basics-and-types/;1;332;0.0030120481927710845;30.451.807.228.915.600;;
electric fireplace repair;https://fireplacesutah.com/fireplace-repair-service/;1;77;0.012987012987012988;4.815.584.415.584.410;;
electric fireplace repair near me;https://fireplacesutah.com/fireplace-services-in-south-jordan-utah/;1;3;0.3333333333333333;4;;
fire places;https://fireplacesutah.com/;1;16;0.0625;8.75;;
fireplace contractors near me;https://fireplacesutah.com/fireplace-services-in-bluffdale-utah/;1;1;1;2;;
fireplace conversion to gas near me;https://fireplacesutah.com/fireplace-services-in-riverton-utah/;1;1;1;4;;
fireplace design center;https://fireplacesutah.com/;1;1;1;2;;
fireplace fix;https://fireplacesutah.com/;1;2;0.5;3.5;;
fireplace gas repair near me;https://fireplacesutah.com/fireplace-services-in-bluffdale-utah/;1;1;1;3;;
fireplace inserts salt lake city;https://fireplacesutah.com/;1;29;0.034482758620689655;6.275.862.068.965.510;;
fireplace inserts utah;https://fireplacesutah.com/;1;35;0.02857142857142857;5.885.714.285.714.280;;
fireplace installation utah;https://fireplacesutah.com/;1;157;0.006369426751592357;6.789.808.917.197.450;;
fireplace installers near me;https://fireplacesutah.com/fireplace-services-in-west-valley-city-utah/;1;1;1;9;;
fireplace maintenance near me;https://fireplacesutah.com/fireplace-services-in-south-jordan-utah/;1;5;0.2;3.4;;
fireplace mantels near me;https://fireplacesutah.com/fireplace-mantels/;1;21;0.047619047619047616;9.047.619.047.619.040;;
fireplace ogden utah;https://fireplacesutah.com/;1;26;0.038461538461538464;5.5;;
fireplace person near me;https://fireplacesutah.com/fireplace-services-in-midvale-utah/;1;1;1;11;;
fireplace repair;https://fireplacesutah.com/;1;20;0.05;7.1;;
fireplace repair;https://fireplacesutah.com/fireplace-services-in-bountiful-utah/;1;3;0.3333333333333333;3;;
fireplace repair;https://fireplacesutah.com/sandy-utah-fireplace-contractor/;1;5;0.2;5.2;;
fireplace repair near me;https://fireplacesutah.com/;1;38;0.02631578947368421;77.631.578.947.368.400;;
fireplace repair salt lake city;https://fireplacesutah.com/;1;64;0.015625;1.859.375;;
fireplace repairs near me;https://fireplacesutah.com/fireplace-repair-service/;1;6;0.16666666666666666;7.833.333.333.333.330;;
fireplace salt lake city;https://fireplacesutah.com/;1;127;0.007874015748031496;7.960.629.921.259.840;;
fireplace service;https://fireplacesutah.com/;1;12;0.08333333333333333;8;;
fireplace service near me;https://fireplacesutah.com/fireplace-repair-service/;1;53;0.018867924528301886;849.056.603.773.585;;
fireplace service near me;https://fireplacesutah.com/fireplace-services-in-bountiful-utah/;1;3;0.3333333333333333;7;;
fireplace service near me;https://fireplacesutah.com/fireplace-services-in-south-jordan-utah/;1;5;0.2;4;;
fireplace servicing;https://fireplacesutah.com/fireplace-repair-service/;1;3;0.3333333333333333;7.333.333.333.333.330;;
fireplace store near me;https://fireplacesutah.com/;1;85;0.011764705882352941;12.235.294.117.647.000;;
fireplace utah;https://fireplacesutah.com/;1;231;0.004329004329004329;4.701.298.701.298.700;;
fireplaces salt lake city;https://fireplacesutah.com/;1;72;0.013888888888888888;6.75;;
fix fireplace near me;https://fireplacesutah.com/;1;1;1;3;;
gas fireplace blower;https://fireplacesutah.com/fireplace-blowers-basics-and-how-they-work/;1;2;0.5;2.5;;
gas fireplace btus;https://fireplacesutah.com/understanding-meaning-and-importance-of-fireplace-btus/;1;85;0.011764705882352941;11.741.176.470.588.200;;
gas fireplace chimney requirements;https://fireplacesutah.com/gas-fireplaces-and-chimneys-basics-and-types/;1;13;0.07692307692307693;1;;
gas fireplace cleaning near me;https://fireplacesutah.com/fireplace-services-in-south-jordan-utah/;1;1;1;4;;
gas fireplace insert near me;https://fireplacesutah.com/fireplace-design-installation-in-ogden-utah/;1;4;0.25;12.5;;
gas fireplace insert repair;https://fireplacesutah.com/fireplace-repair-service/;1;19;0.05263157894736842;3.768.421.052.631.570;;
gas fireplace insert service near me;https://fireplacesutah.com/sandy-utah-fireplace-contractor/;1;1;1;8;;
gas fireplace repair near me;https://fireplacesutah.com/fireplace-services-in-bluffdale-utah/;1;43;0.023255813953488372;4.076.744.186.046.510;;
gas fireplace repair near me;https://fireplacesutah.com/fireplace-services-in-kaysville-utah/;1;17;0.058823529411764705;4.764.705.882.352.940;;
gas fireplace repair near me;https://fireplacesutah.com/fireplace-services-in-riverton-utah/;1;9;0.1111111111111111;5;;
gas fireplace repair near me;https://fireplacesutah.com/sandy-utah-fireplace-contractor/;1;22;0.045454545454545456;52.272.727.272.727.200;;
gas fireplace repair salt lake city;https://fireplacesutah.com/;1;120;0.008333333333333333;16.15;;
gas fireplace repair salt lake city;https://fireplacesutah.com/fireplace-repair-service/;1;227;0.004405286343612335;10.370.044.052.863.400;;
gas fireplace repair service;https://fireplacesutah.com/fireplace-repair-service/;1;8;0.125;25.25;;
gas fireplace repair service near me;https://fireplacesutah.com/fireplace-services-in-roy-utah/;1;2;0.5;5.5;;
gas fireplace salt lake;https://fireplacesutah.com/traditional-gas-fireplaces/;1;12;0.08333333333333333;21.416.666.666.666.600;;
gas fireplace salt lake city;https://fireplacesutah.com/;1;43;0.023255813953488372;8.162.790.697.674.410;;
gas fireplace service;https://fireplacesutah.com/fireplace-repair-service/;1;91;0.01098901098901099;21.186.813.186.813.100;;
gas fireplace service and repair;https://fireplacesutah.com/fireplace-services-in-riverton-utah/;1;2;0.5;3;;
gas fireplace service near me;https://fireplacesutah.com/fireplace-services-in-riverton-utah/;1;3;0.3333333333333333;9.333.333.333.333.330;;
gas fireplace service near me;https://fireplacesutah.com/fireplace-services-in-west-valley-city-utah/;1;1;1;4;;
gas fireplace thermostat;https://fireplacesutah.com/benefits-of-a-thermostat-for-gas-fireplaces/;1;190;0.005263157894736842;1.283.157.894.736.840;;
gas fireplace utah;https://fireplacesutah.com/;1;56;0.017857142857142856;7.071.428.571.428.570;;
how do the flames work on an electric fireplace;https://fireplacesutah.com/basics-electric-fireplace-logs/;1;1;1;4;;
how noisy is the fan during operation?;https://fireplacesutah.com/fireplace-blowers-answering-common-questions/;1;2;0.5;3;;
how to start a gas fireplace;https://fireplacesutah.com/easy-steps-to-start-a-gas-fireplace/;1;387;0.002583979328165375;10.612.403.100.775.100;;
how to start a gas fireplace with a key;https://fireplacesutah.com/easy-steps-to-start-a-gas-fireplace/;1;284;0.0035211267605633804;3.408.450.704.225.350;;
how to turn on gas fireplace with key in floor;https://fireplacesutah.com/easy-steps-to-start-a-gas-fireplace/;1;6;0.16666666666666666;1;;
intermountain comfort supply;https://fireplacesutah.com/;1;56;0.017857142857142856;7.892.857.142.857.140;;
repair gas fireplace;https://fireplacesutah.com/;1;1;1;1;;
top rated fireplace repair near me;https://fireplacesutah.com/sandy-utah-fireplace-contractor/;1;1;1;4;;
vented gas fireplace kit;https://fireplacesutah.com/differences-vented-vent-free-fireplaces/;1;1;1;4;;
vinegar;https://fireplacesutah.com/avoiding-fireplace-odors-vinegar-charcoal-inspection/;1;2;0.5;1.5;;
fireplace;https://fireplacesutah.com/understanding-meaning-and-importance-of-fireplace-btus/;0;1;0;5;;
"gas fireplace guide,https://fireplacesutah.com/easy-steps-to-start-a-gas-fireplace/""";0;2;0;89;;;
10000-8700;https://fireplacesutah.com/wp-content/uploads/2019/10/139717_R04-Instructions-Fuel-Conv-Kits_GI-635.pdf;0;1;0;12;;
32 humidity;https://fireplacesutah.com/signs-causes-remedies-low-humidity/;0;1;0;1;;
81303 pilot assembly;https://fireplacesutah.com/gas-fireplace-lifespan-factors-blower-pilot-maintenance/;0;2;0;2;;
a safe home gas fireplace service;https://fireplacesutah.com/fireplace-repair-service/;0;1;0;88;;
ac repairs bluffdale;https://fireplacesutah.com/fireplace-services-in-bluffdale-utah/;0;1;0;62;;
accessories for wood burning stoves;https://fireplacesutah.com/preparing-fireplaces-new-season/;0;1;0;4;;
activated charcoal;https://fireplacesutah.com/avoiding-fireplace-odors-vinegar-charcoal-inspection/;0;15;0;4.4;;
activated charcoal bath benefits;https://fireplacesutah.com/avoiding-fireplace-odors-vinegar-charcoal-inspection/;0;1;0;1;;
activated charcoal for smells;https://fireplacesutah.com/avoiding-fireplace-odors-vinegar-charcoal-inspection/;0;3;0;5;;
add gas fireplace to house;https://fireplacesutah.com/gas-fireplaces-and-chimneys-basics-and-types/;0;1;0;1;;
add on fireplace;https://fireplacesutah.com/add-a-new-fireplace/;0;1;0;97;;
add thermostat to gas fireplace;https://fireplacesutah.com/benefits-of-a-thermostat-for-gas-fireplaces/;0;3;0;10.333.333.333.333.300;;
adding a thermostat to a gas fireplace;https://fireplacesutah.com/benefits-of-a-thermostat-for-gas-fireplaces/;0;4;0;31.5;;
adding blower to fireplace;https://fireplacesutah.com/fireplace-blowers-basics-and-how-they-work/;0;8;0;50;;
additions herriman;https://fireplacesutah.com/herriman-utah-fireplace-design-installation-repair/;0;35;0;4.517.142.857.142.850;;
additions west jordan;https://fireplacesutah.com/custom-fireplace-design-installation-in-west-jordan-utah/;0;9;0;9.055.555.555.555.550;;
additions+herriman;https://fireplacesutah.com/herriman-utah-fireplace-design-installation-repair/;0;16;0;43.25;;
adjust flame height gas fireplace;https://fireplacesutah.com/easy-steps-to-start-a-gas-fireplace/;0;1;0;19;;
adjust flame on gas fireplace;https://fireplacesutah.com/easy-steps-to-start-a-gas-fireplace/;0;2;0;14;;
adjust gas fireplace flame;https://fireplacesutah.com/easy-steps-to-start-a-gas-fireplace/;0;2;0;35;;
aesthetic fireplace utah;http://fireplacesutah.com/modern-gas-fireplaces/;0;3;0;59;;
aesthetic fireplace utah;https://fireplacesutah.com/;0;8;0;4.875;;
aesthetic fireplace utah;https://fireplacesutah.com/build-your-fireplace/;0;4;0;4.5;;
aesthetic fireplace utah;https://fireplacesutah.com/fireplace-mantels/;0;1;0;52;;
aesthetic fireplace utah;https://fireplacesutah.com/herriman-utah-fireplace-design-installation-repair/;0;3;0;8.266.666.666.666.660;;
aesthetic fireplace utah;https://fireplacesutah.com/indoor-outdoor-fireplaces-in-salt-lake-city-utah/;0;8;0;28.5;;
aesthetic fireplace utah;https://fireplacesutah.com/modern-gas-fireplaces/;0;2;0;53.5;;
aesthetic fireplace utah;https://fireplacesutah.com/murray-utah-fireplaces-fire-pits-wood-stoves/;0;1;0;84;;
aesthetic fireplace utah;https://fireplacesutah.com/products/;0;4;0;4.5;;
aesthetic fireplace utah;https://fireplacesutah.com/reviews/;0;4;0;4.5;;
aesthetic fireplace utah;https://fireplacesutah.com/specials/;0;4;0;4.5;;
aesthetic fireplace utah;https://fireplacesutah.com/traditional-gas-fireplaces/;0;3;0;9.033.333.333.333.330;;
affordable fireplace repairs;https://fireplacesutah.com/fireplace-repair-service/;0;1;0;46;;
affordable fireplace service;https://fireplacesutah.com/fireplace-services-in-south-jordan-utah/;0;1;0;94;;
affordable fireplaces;https://fireplacesutah.com/fireplace-design-installation-in-ogden-utah;0;1;0;88;;
affordable home repair in roy utah;https://fireplacesutah.com/fireplace-services-in-roy-utah/;0;1;0;70;;
air blower for fireplace;https://fireplacesutah.com/fireplace-blowers-basics-and-how-they-work/;0;2;0;2;;
air puffer for fireplace;https://fireplacesutah.com/fireplace-blowers-answering-common-questions/;0;1;0;1;;
air pump for fireplace;https://fireplacesutah.com/fireplace-blowers-answering-common-questions/;0;2;0;1;;
all fuel installation & services;https://fireplacesutah.com/fireplace-services-in-centerville-utah/;0;1;0;9;;
all pro fireplace;https://fireplacesutah.com/;0;2;0;6.5;;
all valley fireplace repair;https://fireplacesutah.com/fireplace-services-in-west-valley-city-utah/;0;1;0;24;;
alpine fireplace sandy;https://fireplacesutah.com/;0;1;0;70;;
alpine fireplace sandy;https://fireplacesutah.com/sandy-utah-fireplace-contractor/;0;5;0;24.4;;
alpine fireplace sandy utah;https://fireplacesutah.com/fireplace-design-installation-in-morgan-utah/;0;1;0;41;;
alpine fireplace sandy utah;https://fireplacesutah.com/sandy-utah-fireplace-contractor/;0;1;0;28;;
alpine fireplace sandy utah;https://fireplacesutah.com/videos/;0;1;0;82;;
alpine fireplace utah;https://fireplacesutah.com/;0;2;0;28.5;;
alpine fireplace utah;https://fireplacesutah.com/fireplace-design-installation-in-morgan-utah/;0;2;0;71;;
alpine gas fireplaces lehi ut;https://fireplacesutah.com/;0;1;0;97;;
american gas logs reviews;https://fireplacesutah.com/gas-fireplace-lifespan-factors-blower-pilot-maintenance/;0;1;0;4;;
amish fireplace repair;https://fireplacesutah.com/fireplace-repair-service/;0;1;0;63;;
amish heater repair near me;https://fireplacesutah.com/fireplace-repair-service/;0;101;0;10.831.683.168.316.800;;
answer;https://fireplacesutah.com/benefits-of-a-thermostat-for-gas-fireplaces/;0;1;0;1;;
antique fire blower;https://fireplacesutah.com/fireplace-blowers-basics-and-how-they-work/;0;1;0;3;;
antique fireplace blower;https://fireplacesutah.com/fireplace-blowers-basics-and-how-they-work/;0;2;0;4;;
are electric fireplaces safe;https://fireplacesutah.com/five-signs-fireplace-needs-professional-service/;0;1;0;3;;
are fireplaces safe for babies;https://fireplacesutah.com/basic-tips-on-how-to-baby-proof-your-fireplace-area/;0;1;0;1;;
are gas fireplaces efficient;https://fireplacesutah.com/gas-fireplace-lifespan-factors-blower-pilot-maintenance/;0;1;0;3;;
are gas fireplaces safe for babies;https://fireplacesutah.com/basic-tips-on-how-to-baby-proof-your-fireplace-area/;0;11;0;1;;
are vented gas fireplaces efficient;https://fireplacesutah.com/differences-vented-vent-free-fireplaces/;0;1;0;3;;
are vented gas fireplaces safe;https://fireplacesutah.com/differences-vented-vent-free-fireplaces/;0;1;0;3;;
ashley wood burning stove with blower;https://fireplacesutah.com/fireplace-blowers-basics-and-how-they-work/;0;1;0;1;;
audio video installation morgan; ut;https://fireplacesutah.com/fireplace-design-installation-in-morgan-utah/;0;35;0;24.285.714.285.714.200;
average btu for gas fireplace;https://fireplacesutah.com/understanding-meaning-and-importance-of-fireplace-btus/;0;6;0;44.833.333.333.333.300;;
average btu gas fireplace;https://fireplacesutah.com/understanding-meaning-and-importance-of-fireplace-btus/;0;2;0;62;;
average fireplace btu;https://fireplacesutah.com/understanding-meaning-and-importance-of-fireplace-btus/;0;5;0;41.6;;
average gas fireplace btu;https://fireplacesutah.com/understanding-meaning-and-importance-of-fireplace-btus/;0;2;0;62.5;;
baby fence for fireplace;https://fireplacesutah.com/basic-tips-on-how-to-baby-proof-your-fireplace-area/;0;1;0;29;;
baby fireplace;https://fireplacesutah.com/basic-tips-on-how-to-baby-proof-your-fireplace-area/;0;3;0;36.333.333.333.333.300;;
baby fireplace gate;https://fireplacesutah.com/basic-tips-on-how-to-baby-proof-your-fireplace-area/;0;1;0;31;;
baby fireplace guard;https://fireplacesutah.com/basic-tips-on-how-to-baby-proof-your-fireplace-area/;0;1;0;5;;
baby gate for fireplace;https://fireplacesutah.com/basic-tips-on-how-to-baby-proof-your-fireplace-area/;0;7;0;1;;
baby gate for fireplace hearth;https://fireplacesutah.com/basic-tips-on-how-to-baby-proof-your-fireplace-area/;0;4;0;1;;
baby guard for fireplace;https://fireplacesutah.com/basic-tips-on-how-to-baby-proof-your-fireplace-area/;0;1;0;30;;
baby proof a fireplace;https://fireplacesutah.com/basic-tips-on-how-to-baby-proof-your-fireplace-area/;0;7;0;20.857.142.857.142.800;;
baby proof brick fireplace;https://fireplacesutah.com/basic-tips-on-how-to-baby-proof-your-fireplace-area/;0;1;0;3;;
baby proof electric fireplace;https://fireplacesutah.com/basic-tips-on-how-to-baby-proof-your-fireplace-area/;0;1;0;2;;
baby proof fireplace;https://fireplacesutah.com/basic-tips-on-how-to-baby-proof-your-fireplace-area/;0;16;0;22.75;;
baby proof fireplace australia;https://fireplacesutah.com/basic-tips-on-how-to-baby-proof-your-fireplace-area/;0;1;0;3;;
baby proof fireplace brick;https://fireplacesutah.com/basic-tips-on-how-to-baby-proof-your-fireplace-area/;0;1;0;4;;
baby proof fireplace foam;https://fireplacesutah.com/basic-tips-on-how-to-baby-proof-your-fireplace-area/;0;1;0;1;;
baby proof fireplace screen;https://fireplacesutah.com/basic-tips-on-how-to-baby-proof-your-fireplace-area/;0;4;0;2.5;;
baby proof fireplace vancouver;https://fireplacesutah.com/basic-tips-on-how-to-baby-proof-your-fireplace-area/;0;62;0;7.275.806.451.612.900;;
baby proof gas fireplace;https://fireplacesutah.com/basic-tips-on-how-to-baby-proof-your-fireplace-area/;0;11;0;9.363.636.363.636.360;;
baby proof wood stove;https://fireplacesutah.com/basic-tips-on-how-to-baby-proof-your-fireplace-area/;0;1;0;2;;
baby proofing a fireplace;https://fireplacesutah.com/basic-tips-on-how-to-baby-proof-your-fireplace-area/;0;6;0;38.833.333.333.333.300;;
baby proofing brick fireplace;https://fireplacesutah.com/basic-tips-on-how-to-baby-proof-your-fireplace-area/;0;3;0;3;;
baby proofing fire place;https://fireplacesutah.com/basic-tips-on-how-to-baby-proof-your-fireplace-area/;0;1;0;3;;
baby proofing fireplace;https://fireplacesutah.com/basic-tips-on-how-to-baby-proof-your-fireplace-area/;0;13;0;28.076.923.076.923.000;;
baby proofing for fireplace;https://fireplacesutah.com/basic-tips-on-how-to-baby-proof-your-fireplace-area/;0;5;0;13.4;;
baby proofing hearth;https://fireplacesutah.com/basic-tips-on-how-to-baby-proof-your-fireplace-area/;0;1;0;1;;
baby safety fireplace;https://fireplacesutah.com/basic-tips-on-how-to-baby-proof-your-fireplace-area/;0;13;0;3.238.461.538.461.530;;
baby safety fireplace guard;https://fireplacesutah.com/basic-tips-on-how-to-baby-proof-your-fireplace-area/;0;11;0;30.727.272.727.272.700;;
baby safety for fireplace;https://fireplacesutah.com/basic-tips-on-how-to-baby-proof-your-fireplace-area/;0;12;0;29.583.333.333.333.300;;
baby safety hearth gate;https://fireplacesutah.com/basic-tips-on-how-to-baby-proof-your-fireplace-area/;0;2;0;35;;
babyproof a fireplace;https://fireplacesutah.com/basic-tips-on-how-to-baby-proof-your-fireplace-area/;0;10;0;36.1;;
babyproof fireplace;https://fireplacesutah.com/basic-tips-on-how-to-baby-proof-your-fireplace-area/;0;10;0;42.7;;
babyproof fireplace safety options;https://fireplacesutah.com/basic-tips-on-how-to-baby-proof-your-fireplace-area/;0;2;0;10;;
babyproofing a fireplace;https://fireplacesutah.com/basic-tips-on-how-to-baby-proof-your-fireplace-area/;0;2;0;25;;
babyproofing fireplace;https://fireplacesutah.com/basic-tips-on-how-to-baby-proof-your-fireplace-area/;0;39;0;47.794.871.794.871.700;;
backyard fire pit park city ut;https://fireplacesutah.com/fireplaces-fire-pits-wood-stoves-in-park-city-utah/;0;72;0;11.333.333.333.333.300;;
battery operated fireplace log;https://fireplacesutah.com/basics-electric-fireplace-logs/;0;1;0;44;;
battery operated fireplace logs;https://fireplacesutah.com/basics-electric-fireplace-logs/;0;19;0;14.210.526.315.789.400;;
battery powered fireplace blower;https://fireplacesutah.com/fireplace-blowers-answering-common-questions/;0;10;0;11;;
be modern electric fire;https://fireplacesutah.com/five-signs-fireplace-needs-professional-service/;0;1;0;4;;
best baby gate for fireplace;https://fireplacesutah.com/basic-tips-on-how-to-baby-proof-your-fireplace-area/;0;1;0;48;;
best childproof fireplace screen;https://fireplacesutah.com/basic-tips-on-how-to-baby-proof-your-fireplace-area/;0;15;0;15.333.333.333.333.300;;
best cleaner for fireplace brick;https://fireplacesutah.com/how-to-clean-fireplace-brick-completing-the-job/;0;1;0;74;;
best fireplace baby gate;https://fireplacesutah.com/basic-tips-on-how-to-baby-proof-your-fireplace-area/;0;2;0;40.5;;
best fireplace brick cleaner;https://fireplacesutah.com/how-to-clean-fireplace-brick-initial-steps/;0;1;0;3;;
best fireplace companies near me;https://fireplacesutah.com/fireplace-design-installation-in-ogden-utah;0;1;0;18;;
best fireplace deodorizer;https://fireplacesutah.com/avoiding-fireplace-odors-vinegar-charcoal-inspection/;0;1;0;1;;
best fireplace installers near me;https://fireplacesutah.com/;0;1;0;1;;
best fireplace installers near me;https://fireplacesutah.com/fireplace-design-installation-in-ogden-utah;0;34;0;4.235.294.117.647.050;;
best fireplace installers near me;https://fireplacesutah.com/fireplace-design-installation-in-ogden-utah/;0;15;0;4.686.666.666.666.660;;
best fireplace installers near me;https://fireplacesutah.com/fireplace-services-in-west-valley-city-utah/;0;1;0;6;;
best fireplace stores near me;https://fireplacesutah.com/;0;1;0;8;;
best gas fireplace insert;https://fireplacesutah.com/gas-fireplace-lifespan-factors-blower-pilot-maintenance/;0;1;0;4;;
best gas fireplace installers near me;https://fireplacesutah.com/fireplace-design-installation-in-ogden-utah;0;2;0;41.5;;
best gas fireplace installers near me;https://fireplacesutah.com/herriman-utah-fireplace-design-installation-repair/;0;1;0;9;;
best gas fireplace repair near me;https://fireplacesutah.com/fireplace-services-in-bountiful-utah/;0;1;0;11;;
best gas fireplace repair near me;https://fireplacesutah.com/fireplace-services-in-kaysville-utah/;0;1;0;4;;
best gas fireplace service near me;https://fireplacesutah.com/;0;1;0;7;;
best gas fireplace service near me;https://fireplacesutah.com/fireplace-design-installation-in-ogden-utah;0;1;0;7;;
best gas fireplace service near me;https://fireplacesutah.com/fireplace-repair-service/;0;1;0;10;;
best gas fireplace stores near me;https://fireplacesutah.com/fireplace-services-in-riverton-utah/;0;1;0;10;;
best gas fireplace stores near me;https://fireplacesutah.com/gas-fireplace-lifespan-factors-blower-pilot-maintenance/;0;1;0;3;;
best heating contractor bluffdale;https://fireplacesutah.com/fireplace-services-in-bluffdale-utah/;0;2;0;55.5;;
best heating contractor bluffdale near me;https://fireplacesutah.com/fireplace-services-in-bluffdale-utah/;0;1;0;40;;
best thermostat for gas fireplace;https://fireplacesutah.com/benefits-of-a-thermostat-for-gas-fireplaces/;0;2;0;50.5;;
best way to baby proof fireplace;https://fireplacesutah.com/basic-tips-on-how-to-baby-proof-your-fireplace-area/;0;12;0;2;;
best way to build a fire in a fireplace;https://fireplacesutah.com/fire-pit-use-tips-igniting-and-putting-out-wood-fires/;0;2;0;1;;
best way to clean a brick fireplace;https://fireplacesutah.com/how-to-clean-fireplace-brick-completing-the-job/;0;3;0;91;;
best way to clean a brick fireplace;https://fireplacesutah.com/how-to-clean-fireplace-brick-initial-steps/;0;4;0;53.5;;
best way to clean brick fireplace;https://fireplacesutah.com/how-to-clean-fireplace-brick-completing-the-job/;0;5;0;84.2;;
best way to clean brick fireplace;https://fireplacesutah.com/how-to-clean-fireplace-brick-initial-steps/;0;9;0;59.888.888.888.888.800;;
best way to clean bricks on a fireplace;https://fireplacesutah.com/how-to-clean-fireplace-brick-completing-the-job/;0;5;0;53;;
best way to clean bricks on a fireplace;https://fireplacesutah.com/how-to-clean-fireplace-brick-initial-steps/;0;1;0;95;;
best way to clean fireplace brick;https://fireplacesutah.com/how-to-clean-fireplace-brick-completing-the-job/;0;3;0;94;;
best way to clean fireplace brick;https://fireplacesutah.com/how-to-clean-fireplace-brick-initial-steps/;0;14;0;10.571.428.571.428.500;;
best way to put out a fire pit fire;https://fireplacesutah.com/fire-pit-use-tips-igniting-and-putting-out-wood-fires/;0;3;0;8.966.666.666.666.660;;
best way to put wood in fire pit;https://fireplacesutah.com/fire-pit-use-tips-igniting-and-putting-out-wood-fires/;0;2;0;65;;
best way to start a fire pit fire;https://fireplacesutah.com/fire-pit-use-tips-igniting-and-putting-out-wood-fires/;0;1;0;80;;
black soot on gas logs;https://fireplacesutah.com/five-signs-fireplace-needs-professional-service/;0;1;0;34;;
block fireplace from baby;https://fireplacesutah.com/basic-tips-on-how-to-baby-proof-your-fireplace-area/;0;2;0;1;;
blower fan;https://fireplacesutah.com/fireplace-blowers-answering-common-questions/;0;1;0;1;;
blower fan fireplace;https://fireplacesutah.com/fireplace-blowers-basics-and-how-they-work/;0;1;0;1;;
blower fan for fireplace;https://fireplacesutah.com/fireplace-blowers-answering-common-questions/;0;21;0;1;;
blower fan for fireplace insert;https://fireplacesutah.com/fireplace-blowers-basics-and-how-they-work/;0;2;0;2.5;;
blower fan for wood fireplace;https://fireplacesutah.com/fireplace-blowers-answering-common-questions/;0;23;0;1;;
blower fireplace;https://fireplacesutah.com/fireplace-blowers-answering-common-questions/;0;1;0;1;;
blower for a fireplace;https://fireplacesutah.com/fireplace-blowers-answering-common-questions/;0;1;0;1;;
blower for a gas fireplace;https://fireplacesutah.com/gas-fireplace-lifespan-factors-blower-pilot-maintenance/;0;1;0;86;;
blower for a wood burning fireplace;https://fireplacesutah.com/fireplace-blowers-answering-common-questions/;0;1;0;1;;
blower for a wood stove;https://fireplacesutah.com/fireplace-blowers-basics-and-how-they-work/;0;1;0;3;;
blower for fire place;https://fireplacesutah.com/fireplace-blowers-answering-common-questions/;0;21;0;1;;
blower for fireplace;https://fireplacesutah.com/fireplace-blowers-answering-common-questions/;0;496;0;1;;
blower for fireplace insert;https://fireplacesutah.com/fireplace-blowers-answering-common-questions/;0;140;0;10.142.857.142.857.100;;
blower for fireplace insert;https://fireplacesutah.com/fireplace-blowers-basics-and-how-they-work/;0;2;0;3;;
blower for gas fireplace;https://fireplacesutah.com/fireplace-blowers-answering-common-questions/;0;1;0;1;;
blower for open fireplace;https://fireplacesutah.com/fireplace-blowers-answering-common-questions/;0;12;0;1;;
blower for outdoor fireplace;https://fireplacesutah.com/fireplace-blowers-answering-common-questions/;0;1;0;1;;
blower for propane fireplace;https://fireplacesutah.com/fireplace-blowers-answering-common-questions/;0;1;0;1;;
blower for wood burning fireplace;https://fireplacesutah.com/fireplace-blowers-answering-common-questions/;0;70;0;1;;
blower for wood burning stove;https://fireplacesutah.com/fireplace-blowers-basics-and-how-they-work/;0;1;0;2;;
blower for wood fireplace;https://fireplacesutah.com/fireplace-blowers-answering-common-questions/;0;70;0;1;;
blower for wood stove;https://fireplacesutah.com/fireplace-blowers-basics-and-how-they-work/;0;1;0;2;;
blower for wood stove pipe;https://fireplacesutah.com/fireplace-blowers-basics-and-how-they-work/;0;1;0;3;;
blower in fireplace;https://fireplacesutah.com/fireplace-blowers-basics-and-how-they-work/;0;3;0;40.666.666.666.666.600;;
blower motor for fireplace;https://fireplacesutah.com/fireplace-blowers-answering-common-questions/;0;1;0;1;;
blower motor for wood burning stove;https://fireplacesutah.com/fireplace-blowers-basics-and-how-they-work/;0;1;0;2;;
blower on a fireplace;https://fireplacesutah.com/fireplace-blowers-basics-and-how-they-work/;0;1;0;68;;
blower on fireplace;https://fireplacesutah.com/fireplace-blowers-basics-and-how-they-work/;0;1;0;1;;
blower on wood burning fireplace;https://fireplacesutah.com/fireplace-blowers-answering-common-questions/;0;1;0;65;;
blower on wood burning fireplace;https://fireplacesutah.com/fireplace-blowers-basics-and-how-they-work/;0;3;0;62;;
blower wood burning fireplace;https://fireplacesutah.com/fireplace-blowers-answering-common-questions/;0;4;0;46.5;;
blower/fan;https://fireplacesutah.com/fireplace-blowers-basics-and-how-they-work/;0;1;0;1;;
blowers for fireplace;https://fireplacesutah.com/fireplace-blowers-answering-common-questions/;0;8;0;39.5;;
blowers for fireplace;https://fireplacesutah.com/fireplace-blowers-basics-and-how-they-work/;0;8;0;66.375;;
blowers for fireplace inserts;https://fireplacesutah.com/fireplace-blowers-answering-common-questions/;0;1;0;50;;
blowers for fireplace inserts;https://fireplacesutah.com/fireplace-blowers-basics-and-how-they-work/;0;1;0;56;;
blowers for fireplaces;https://fireplacesutah.com/fireplace-blowers-answering-common-questions/;0;8;0;36;;
blowers for fireplaces;https://fireplacesutah.com/fireplace-blowers-basics-and-how-they-work/;0;3;0;44.666.666.666.666.600;;
blowers for gas fireplaces;https://fireplacesutah.com/fireplace-blowers-answering-common-questions/;0;1;0;1;;
blowers for wood burning fireplaces;https://fireplacesutah.com/fireplace-blowers-answering-common-questions/;0;2;0;18.5;;
blowers for wood burning fireplaces;https://fireplacesutah.com/fireplace-blowers-basics-and-how-they-work/;0;2;0;40;;
blowers for wood stoves;https://fireplacesutah.com/fireplace-blowers-basics-and-how-they-work/;0;1;0;5;;
blowers how to;https://fireplacesutah.com/fireplace-blowers-basics-and-how-they-work/;0;4;0;27.75;;
boiler installation layton;https://fireplacesutah.com/layton-utah-fireplace-contractor/;0;2;0;85.5;;
boiler repair bountiful;https://fireplacesutah.com/fireplace-services-in-bountiful-utah/;0;11;0;7.881.818.181.818.180;;
boiler repair bountiful ut;https://fireplacesutah.com/fireplace-services-in-bountiful-utah/;0;4;0;67.75;;
boiler repair services bluffdale;https://fireplacesutah.com/fireplace-services-in-bluffdale-utah/;0;11;0;6.281.818.181.818.180;;
boiler repair services bountiful;https://fireplacesutah.com/fireplace-services-in-bountiful-utah/;0;4;0;81.75;;
boiler repair services kaysville;https://fireplacesutah.com/fireplace-services-in-kaysville-utah/;0;1;0;68;;
boiler repair west valley city ut;https://fireplacesutah.com/fireplace-services-in-west-valley-city-utah/;0;2;0;42.5;;
boiler service bountiful;https://fireplacesutah.com/fireplace-services-in-bountiful-utah/;0;3;0;71;;
bountiful business coverage;https://fireplacesutah.com/fireplace-services-in-bountiful-utah/;0;1;0;47;;
bountiful fire restoration;https://fireplacesutah.com/fireplace-services-in-bountiful-utah/;0;2;0;32;;
bountiful home repairs;https://fireplacesutah.com/fireplace-services-in-bountiful-utah/;0;8;0;90.75;;
bowden's fireside fireplace sales and service;https://fireplacesutah.com/fireplace-design-installation-in-ogden-utah/;0;1;0;48;;
bowl of vinegar for odors;https://fireplacesutah.com/avoiding-fireplace-odors-vinegar-charcoal-inspection/;0;2;0;68;;
bradford white pilot assembly replacement;https://fireplacesutah.com/gas-fireplace-lifespan-factors-blower-pilot-maintenance/;0;1;0;9;;
brick cleaner fireplace;https://fireplacesutah.com/how-to-clean-fireplace-brick-completing-the-job/;0;7;0;7.028.571.428.571.420;;
brick cleaner fireplace;https://fireplacesutah.com/how-to-clean-fireplace-brick-initial-steps/;0;8;0;63.25;;
brick cleaner for fireplace;https://fireplacesutah.com/how-to-clean-fireplace-brick-completing-the-job/;0;4;0;51.25;;
brick cleaner for fireplace;https://fireplacesutah.com/how-to-clean-fireplace-brick-initial-steps/;0;5;0;66.4;;
brick fireplace baby proof;https://fireplacesutah.com/basic-tips-on-how-to-baby-proof-your-fireplace-area/;0;1;0;2;;
brick fireplace blower;https://fireplacesutah.com/fireplace-blowers-answering-common-questions/;0;22;0;1;;
brick fireplace cleaner;https://fireplacesutah.com/how-to-clean-fireplace-brick-completing-the-job/;0;5;0;71;;
brick fireplace cleaner;https://fireplacesutah.com/how-to-clean-fireplace-brick-initial-steps/;0;11;0;5.772.727.272.727.270;;
brick fireplace cleaning;https://fireplacesutah.com/how-to-clean-fireplace-brick-completing-the-job/;0;1;0;36;;
brick fireplace cleaning;https://fireplacesutah.com/how-to-clean-fireplace-brick-initial-steps/;0;4;0;80.5;;
brick fireplace fan;https://fireplacesutah.com/fireplace-blowers-answering-common-questions/;0;2;0;1;;
brick fireplace protector baby;https://fireplacesutah.com/basic-tips-on-how-to-baby-proof-your-fireplace-area/;0;1;0;1;;
btu fireplace;https://fireplacesutah.com/understanding-meaning-and-importance-of-fireplace-btus/;0;61;0;5.180.327.868.852.450;;
btu for fireplace;https://fireplacesutah.com/understanding-meaning-and-importance-of-fireplace-btus/;0;25;0;8.4;;
btu for gas fireplace;https://fireplacesutah.com/understanding-meaning-and-importance-of-fireplace-btus/;0;43;0;9.906.976.744.186.040;;
btu gas fireplace;https://fireplacesutah.com/understanding-meaning-and-importance-of-fireplace-btus/;0;41;0;10.853.658.536.585.300;;
btu meaning;https://fireplacesutah.com/understanding-meaning-and-importance-of-fireplace-btus/;0;4;0;44.75;;
btu meaning gas;https://fireplacesutah.com/understanding-meaning-and-importance-of-fireplace-btus/;0;5;0;35.2;;
btu of gas fireplace;https://fireplacesutah.com/understanding-meaning-and-importance-of-fireplace-btus/;0;43;0;8.906.976.744.186.040;;
btus;https://fireplacesutah.com/understanding-meaning-and-importance-of-fireplace-btus/;0;2;0;88.5;;
btus definition;https://fireplacesutah.com/understanding-meaning-and-importance-of-fireplace-btus/;0;2;0;98;;
btus meaning;https://fireplacesutah.com/understanding-meaning-and-importance-of-fireplace-btus/;0;13;0;3.330.769.230.769.230;;
building a fireplace chase;https://fireplacesutah.com/fireplace-installation-terms-chase-clearances-cool-wall/;0;2;0;1;;
burning smell from electric fireplace;https://fireplacesutah.com/five-signs-fireplace-needs-professional-service/;0;19;0;1;;
burning twigs meaning;https://fireplacesutah.com/fire-pit-use-tips-igniting-and-putting-out-wood-fires/;0;1;0;1;;
burning wood in a fire pit;https://fireplacesutah.com/fire-pit-use-tips-igniting-and-putting-out-wood-fires/;0;1;0;74;;
campbell stone and fireplace;https://fireplacesutah.com/;0;1;0;14;;
can a gas fireplace be converted to wood burning;https://fireplacesutah.com/convert-your-fireplace/;0;4;0;41.5;;
can a gas fireplace overheat;https://fireplacesutah.com/five-signs-fireplace-needs-professional-service/;0;9;0;1;;
can gas fireplace be converted to wood burning;https://fireplacesutah.com/convert-your-fireplace/;0;17;0;6.788.235.294.117.640;;
can gas fireplaces be converted to wood burning;https://fireplacesutah.com/convert-your-fireplace/;0;3;0;44.666.666.666.666.600;;
can i clean my gas fireplace myself;https://fireplacesutah.com/how-to-clean-your-gas-fireplace-safely-and-effectively/;0;2;0;1;;
can i clean my own gas fireplace;https://fireplacesutah.com/how-to-clean-your-gas-fireplace-safely-and-effectively/;0;8;0;1;;
can i convert a gas fireplace to wood;https://fireplacesutah.com/convert-your-fireplace/;0;1;0;46;;
can i convert a gas fireplace to wood burning;https://fireplacesutah.com/convert-your-fireplace/;0;2;0;41.5;;
can i convert gas fireplace to wood burning;https://fireplacesutah.com/convert-your-fireplace/;0;4;0;37.25;;
can you adjust the flame on a gas fireplace;https://fireplacesutah.com/gas-fireplace-lifespan-factors-blower-pilot-maintenance/;0;1;0;3;;
can you convert a gas fireplace back to wood burning;https://fireplacesutah.com/convert-your-fireplace/;0;1;0;50;;
can you convert a gas fireplace to a wood burning;https://fireplacesutah.com/convert-your-fireplace/;0;2;0;47.5;;
can you convert a gas fireplace to wood;https://fireplacesutah.com/convert-your-fireplace/;0;3;0;44;;
can you convert a gas fireplace to wood burning;https://fireplacesutah.com/convert-your-fireplace/;0;4;0;41;;
can you convert a gas fireplace to wood burning stove;https://fireplacesutah.com/convert-your-fireplace/;0;3;0;34.333.333.333.333.300;;
can you convert a wood fireplace to gas;https://fireplacesutah.com/convert-your-fireplace/;0;2;0;89;;
can you convert gas fireplace to wood;https://fireplacesutah.com/convert-your-fireplace/;0;2;0;41.5;;
can you convert gas fireplace to wood burning;https://fireplacesutah.com/convert-your-fireplace/;0;4;0;45.25;;
can you put a thermostat on a gas fireplace;https://fireplacesutah.com/benefits-of-a-thermostat-for-gas-fireplaces/;0;1;0;1;;
can you turn a gas fireplace into wood burning;https://fireplacesutah.com/convert-your-fireplace/;0;1;0;43;;
can you use charcoal in a fireplace;https://fireplacesutah.com/avoiding-fireplace-odors-vinegar-charcoal-inspection/;0;1;0;1;;
can you use dryer lint in fireplace;https://fireplacesutah.com/fire-pit-use-tips-firewood-and-tinder-considerations/;0;11;0;1;;
can you use pine as firewood;https://fireplacesutah.com/fire-pit-use-tips-firewood-and-tinder-considerations/;0;1;0;95;;
carved fireplace mantels salt lake city; utah;https://fireplacesutah.com/fireplace-mantels/;0;26;0;2.396.153.846.153.840;
carved fireplace mantels utah;https://fireplacesutah.com/fireplace-mantels/;0;26;0;17.076.923.076.923.000;;
cast iron fireplace near me;https://fireplacesutah.com/;0;1;0;7;;
ceiling fan with fireplace;https://fireplacesutah.com/fireplace-blowers-basics-and-how-they-work/;0;2;0;1;;
centerville fireplace;https://fireplacesutah.com/;0;2;0;6;;
centerville fireplace;https://fireplacesutah.com/fireplace-services-in-centerville-utah/;0;2;0;10;;
certified fireplace servicing;https://fireplacesutah.com/fireplace-repair-service/;0;1;0;6;;
certified fireplace technician near me;https://fireplacesutah.com/fireplace-design-installation-in-ogden-utah;0;1;0;6;;
certified fireplace technician near me;https://fireplacesutah.com/fireplace-repair-service/;0;1;0;5;;
certified fireplace technician near me;https://fireplacesutah.com/fireplace-services-in-bountiful-utah/;0;1;0;4;;
certified gas fireplace installer near me;https://fireplacesutah.com/fireplace-design-installation-in-ogden-utah;0;33;0;3.963.636.363.636.360;;
certified gas fireplace technician;https://fireplacesutah.com/fireplace-repair-service/;0;4;0;6.5;;
certified wood stove installers near me;https://fireplacesutah.com/;0;1;0;7;;
change gas fireplace to wood burning;https://fireplacesutah.com/convert-your-fireplace/;0;1;0;35;;
changing fireplace to wood burning stove;https://fireplacesutah.com/convert-your-fireplace/;0;1;0;41;;
changing gas fireplace to wood burning;https://fireplacesutah.com/convert-your-fireplace/;0;13;0;6.692.307.692.307.690;;
changing wood fireplace to gas cost;https://fireplacesutah.com/convert-your-fireplace/;0;6;0;7.983.333.333.333.330;;
charcoal blower;https://fireplacesutah.com/fireplace-blowers-basics-and-how-they-work/;0;1;0;3;;
charcoal fireplace;https://fireplacesutah.com/avoiding-fireplace-odors-vinegar-charcoal-inspection/;0;1;0;41;;
charcoal for fireplace;https://fireplacesutah.com/avoiding-fireplace-odors-vinegar-charcoal-inspection/;0;10;0;15.4;;
charcoal get rid of smells;https://fireplacesutah.com/avoiding-fireplace-odors-vinegar-charcoal-inspection/;0;2;0;76;;
charcoal in a fireplace;https://fireplacesutah.com/avoiding-fireplace-odors-vinegar-charcoal-inspection/;0;2;0;1;;
charcoal in fireplace;https://fireplacesutah.com/avoiding-fireplace-odors-vinegar-charcoal-inspection/;0;25;0;7.88;;
charcoal to get rid of smells;https://fireplacesutah.com/avoiding-fireplace-odors-vinegar-charcoal-inspection/;0;2;0;65.5;;
charcoal vinegar;https://fireplacesutah.com/avoiding-fireplace-odors-vinegar-charcoal-inspection/;0;147;0;31.006.802.721.088.400;;
chase;https://fireplacesutah.com/fireplace-installation-terms-chase-clearances-cool-wall/;0;1;0;4;;
chase fireplace;https://fireplacesutah.com/fireplace-installation-terms-chase-clearances-cool-wall/;0;2;0;1;;
chase vent;https://fireplacesutah.com/fireplace-installation-terms-chase-clearances-cool-wall/;0;2;0;1;;
child proof fireplace;https://fireplacesutah.com/basic-tips-on-how-to-baby-proof-your-fireplace-area/;0;1;0;3;;
child proof fireplace gate;https://fireplacesutah.com/basic-tips-on-how-to-baby-proof-your-fireplace-area/;0;1;0;30;;
child proof fireplace toddler safety cover door barrier hearth guard;https://fireplacesutah.com/basic-tips-on-how-to-baby-proof-your-fireplace-area/;0;1;0;5;;
child proof gas fireplace;https://fireplacesutah.com/basic-tips-on-how-to-baby-proof-your-fireplace-area/;0;1;0;1;;
child proofing fireplace;https://fireplacesutah.com/basic-tips-on-how-to-baby-proof-your-fireplace-area/;0;1;0;1;;
child safety for fireplace;https://fireplacesutah.com/basic-tips-on-how-to-baby-proof-your-fireplace-area/;0;1;0;1;;
childproof a fireplace;https://fireplacesutah.com/basic-tips-on-how-to-baby-proof-your-fireplace-area/;0;2;0;46;;
childproof fireguard for log burner;https://fireplacesutah.com/basic-tips-on-how-to-baby-proof-your-fireplace-area/;0;1;0;1;;
childproof fireplace gate;https://fireplacesutah.com/basic-tips-on-how-to-baby-proof-your-fireplace-area/;0;1;0;1;;
childproof fireplace hearth;https://fireplacesutah.com/basic-tips-on-how-to-baby-proof-your-fireplace-area/;0;1;0;35;;
childproofing a fireplace;https://fireplacesutah.com/basic-tips-on-how-to-baby-proof-your-fireplace-area/;0;11;0;1.790.909.090.909.090;;
childproofing fireplace;https://fireplacesutah.com/basic-tips-on-how-to-baby-proof-your-fireplace-area/;0;5;0;36.4;;
chimney for gas fireplace;https://fireplacesutah.com/gas-fireplaces-and-chimneys-basics-and-types/;0;9;0;6.077.777.777.777.770;;
chimney gas;https://fireplacesutah.com/gas-fireplaces-and-chimneys-basics-and-types/;0;4;0;52.75;;
chimney gas fire;https://fireplacesutah.com/gas-fireplaces-and-chimneys-basics-and-types/;0;1;0;1;;
chimney gas fireplace;https://fireplacesutah.com/gas-fireplaces-and-chimneys-basics-and-types/;0;13;0;8.161.538.461.538.460;;
chimney key;https://fireplacesutah.com/easy-steps-to-start-a-gas-fireplace/;0;1;0;1;;
chimney masonry repair bluffdale ut;https://fireplacesutah.com/fireplace-services-in-bluffdale-utah/;0;1;0;29;;
chimney odor removal;https://fireplacesutah.com/avoiding-fireplace-odors-vinegar-charcoal-inspection/;0;2;0;16;;
chimney requirements for gas fireplace;https://fireplacesutah.com/gas-fireplaces-and-chimneys-basics-and-types/;0;4;0;8;;
chimney sales near me;https://fireplacesutah.com/;0;1;0;10;;
chimney store;https://fireplacesutah.com/showrooms/;0;1;0;4;;
chimney supply store near me;https://fireplacesutah.com/showrooms/;0;1;0;10;;
chimney sweep;https://fireplacesutah.com/preparing-fireplaces-new-season/;0;1;0;1;;
chimney sweep bountiful utah;https://fireplacesutah.com/fireplace-services-in-bountiful-utah/;0;9;0;26.333.333.333.333.300;;
chimney sweep park city utah;https://fireplacesutah.com/fireplaces-fire-pits-wood-stoves-in-park-city-utah/;0;5;0;28.6;;
chimney sweep park city utah;https://fireplacesutah.com/five-signs-fireplace-needs-professional-service/;0;2;0;82.5;;
chimney sweeping;https://fireplacesutah.com/preparing-fireplaces-new-season/;0;1;0;1;;
chimney sweeping south branch;https://fireplacesutah.com/preparing-fireplaces-new-season/;0;1;0;57;;
chimney vs fireplace;https://fireplacesutah.com/gas-fireplaces-and-chimneys-basics-and-types/;0;1;0;87;;
chimneys and fireplaces;https://fireplacesutah.com/gas-fireplaces-and-chimneys-basics-and-types/;0;5;0;86;;
christmas tree gate for babies;https://fireplacesutah.com/basic-tips-on-how-to-baby-proof-your-fireplace-area/;0;1;0;3;;
clean a brick fireplace;https://fireplacesutah.com/how-to-clean-fireplace-brick-completing-the-job/;0;9;0;59.333.333.333.333.300;;
clean a brick fireplace;https://fireplacesutah.com/how-to-clean-fireplace-brick-initial-steps/;0;6;0;56.166.666.666.666.600;;
clean a gas fireplace;https://fireplacesutah.com/how-to-clean-your-gas-fireplace-safely-and-effectively/;0;56;0;58.392.857.142.857.100;;
clean a gas fireplace;https://fireplacesutah.com/steps-for-cleaning-and-maintaining-gas-fireplaces-part-1/;0;11;0;7.054.545.454.545.450;;
clean a gas fireplace;https://fireplacesutah.com/steps-for-cleaning-and-maintaining-gas-fireplaces-part-2/;0;1;0;75;;
clean brick fireplace;https://fireplacesutah.com/how-to-clean-fireplace-brick-completing-the-job/;0;6;0;7.433.333.333.333.330;;
clean brick fireplace;https://fireplacesutah.com/how-to-clean-fireplace-brick-initial-steps/;0;11;0;5.245.454.545.454.540;;
clean brick on fireplace;https://fireplacesutah.com/how-to-clean-fireplace-brick-initial-steps/;0;1;0;59;;
clean bricks around fireplace;https://fireplacesutah.com/how-to-clean-fireplace-brick-completing-the-job/;0;2;0;68.5;;
clean bricks around fireplace;https://fireplacesutah.com/how-to-clean-fireplace-brick-initial-steps/;0;4;0;66.25;;
clean bricks in fireplace;https://fireplacesutah.com/how-to-clean-fireplace-brick-completing-the-job/;0;4;0;85.75;;
clean bricks in fireplace;https://fireplacesutah.com/how-to-clean-fireplace-brick-initial-steps/;0;2;0;90.5;;
clean bricks on fireplace;https://fireplacesutah.com/how-to-clean-fireplace-brick-initial-steps/;0;3;0;8.866.666.666.666.660;;
clean fireplace brick;https://fireplacesutah.com/how-to-clean-fireplace-brick-completing-the-job/;0;11;0;5.609.090.909.090.900;;
clean fireplace brick;https://fireplacesutah.com/how-to-clean-fireplace-brick-initial-steps/;0;14;0;34.214.285.714.285.700;;
clean fireplace brick with dawn;https://fireplacesutah.com/how-to-clean-fireplace-brick-initial-steps/;0;8;0;15.75;;
clean fireplace bricks;https://fireplacesutah.com/how-to-clean-fireplace-brick-completing-the-job/;0;6;0;7.016.666.666.666.660;;
clean fireplace bricks;https://fireplacesutah.com/how-to-clean-fireplace-brick-initial-steps/;0;5;0;40.8;;
clean fireplace log;https://fireplacesutah.com/how-to-clean-your-gas-fireplace-safely-and-effectively/;0;1;0;93;;
clean fireplaces;https://fireplacesutah.com/how-to-clean-your-gas-fireplace-safely-and-effectively/;0;3;0;52.666.666.666.666.600;;
clean gas fireplace;https://fireplacesutah.com/how-to-clean-your-gas-fireplace-safely-and-effectively/;0;30;0;39.2;;
clean gas fireplace;https://fireplacesutah.com/steps-for-cleaning-and-maintaining-gas-fireplaces-part-1/;0;6;0;83.5;;
clean gas fireplace;https://fireplacesutah.com/steps-for-cleaning-and-maintaining-gas-fireplaces-part-2/;0;3;0;9.733.333.333.333.330;;
clean gas log fireplace;https://fireplacesutah.com/how-to-clean-your-gas-fireplace-safely-and-effectively/;0;1;0;42;;
clean inside fireplace;https://fireplacesutah.com/how-to-clean-fireplace-brick-initial-steps/;0;1;0;60;;
clean soot from brick fireplace;https://fireplacesutah.com/how-to-clean-fireplace-brick-initial-steps/;0;1;0;45;;
clean soot from bricks;https://fireplacesutah.com/how-to-clean-fireplace-brick-initial-steps/;0;1;0;65;;
clean soot from fireplace brick;https://fireplacesutah.com/how-to-clean-fireplace-brick-initial-steps/;0;1;0;67;;
clean soot off brick fireplace;https://fireplacesutah.com/how-to-clean-fireplace-brick-initial-steps/;0;1;0;67;;
cleaner for brick fireplace;https://fireplacesutah.com/how-to-clean-fireplace-brick-completing-the-job/;0;2;0;79.5;;
cleaner for brick fireplace;https://fireplacesutah.com/how-to-clean-fireplace-brick-initial-steps/;0;3;0;40.666.666.666.666.600;;
cleaner for fireplace brick;https://fireplacesutah.com/how-to-clean-fireplace-brick-completing-the-job/;0;1;0;84;;
cleaner for fireplace brick;https://fireplacesutah.com/how-to-clean-fireplace-brick-initial-steps/;0;1;0;38;;
cleaning a brick fireplace;https://fireplacesutah.com/how-to-clean-fireplace-brick-completing-the-job/;0;5;0;74.2;;
cleaning a brick fireplace;https://fireplacesutah.com/how-to-clean-fireplace-brick-initial-steps/;0;7;0;45.714.285.714.285.700;;
cleaning a fireplace brick;https://fireplacesutah.com/how-to-clean-fireplace-brick-completing-the-job/;0;1;0;71;;
cleaning a fireplace brick;https://fireplacesutah.com/how-to-clean-fireplace-brick-initial-steps/;0;1;0;75;;
cleaning a gas fireplace;https://fireplacesutah.com/how-to-clean-your-gas-fireplace-safely-and-effectively/;0;60;0;5.613.333.333.333.330;;
cleaning a gas fireplace;https://fireplacesutah.com/steps-for-cleaning-and-maintaining-gas-fireplaces-part-1/;0;15;0;5.753.333.333.333.330;;
cleaning a gas fireplace;https://fireplacesutah.com/steps-for-cleaning-and-maintaining-gas-fireplaces-part-2/;0;15;0;9.246.666.666.666.660;;
cleaning a gas fireplace insert;https://fireplacesutah.com/how-to-clean-your-gas-fireplace-safely-and-effectively/;0;1;0;40;;
cleaning a propane fireplace;https://fireplacesutah.com/how-to-clean-your-gas-fireplace-safely-and-effectively/;0;2;0;50.5;;
cleaning brick fireplace;https://fireplacesutah.com/how-to-clean-fireplace-brick-completing-the-job/;0;10;0;80.6;;
cleaning brick fireplace;https://fireplacesutah.com/how-to-clean-fireplace-brick-initial-steps/;0;11;0;5.245.454.545.454.540;;
cleaning brick fireplaces;https://fireplacesutah.com/how-to-clean-fireplace-brick-completing-the-job/;0;5;0;66;;
cleaning brick fireplaces;https://fireplacesutah.com/how-to-clean-fireplace-brick-initial-steps/;0;11;0;3.381.818.181.818.180;;
cleaning brick hearth;https://fireplacesutah.com/how-to-clean-fireplace-brick-completing-the-job/;0;1;0;91;;
cleaning brick hearth;https://fireplacesutah.com/how-to-clean-fireplace-brick-initial-steps/;0;2;0;42;;
cleaning brick on fireplace;https://fireplacesutah.com/how-to-clean-fireplace-brick-completing-the-job/;0;6;0;78;;
cleaning brick on fireplace;https://fireplacesutah.com/how-to-clean-fireplace-brick-initial-steps/;0;7;0;6.771.428.571.428.570;;
cleaning bricks around fireplace;https://fireplacesutah.com/how-to-clean-fireplace-brick-initial-steps/;0;1;0;63;;
cleaning bricks in fireplace;https://fireplacesutah.com/how-to-clean-fireplace-brick-completing-the-job/;0;6;0;70;;
cleaning bricks in fireplace;https://fireplacesutah.com/how-to-clean-fireplace-brick-initial-steps/;0;8;0;57.875;;
cleaning bricks on fireplace;https://fireplacesutah.com/how-to-clean-fireplace-brick-completing-the-job/;0;3;0;73;;
cleaning bricks on fireplace;https://fireplacesutah.com/how-to-clean-fireplace-brick-initial-steps/;0;5;0;68.6;;
cleaning brickwork fireplace;https://fireplacesutah.com/how-to-clean-fireplace-brick-initial-steps/;0;5;0;67.6;;
cleaning chimney bricks;https://fireplacesutah.com/how-to-clean-fireplace-brick-completing-the-job/;0;2;0;59.5;;
cleaning chimney bricks;https://fireplacesutah.com/how-to-clean-fireplace-brick-initial-steps/;0;2;0;63.5;;
cleaning fire brick;https://fireplacesutah.com/how-to-clean-fireplace-brick-initial-steps/;0;3;0;35.666.666.666.666.600;;
cleaning fireplace brick;https://fireplacesutah.com/how-to-clean-fireplace-brick-completing-the-job/;0;47;0;7.844.680.851.063.820;;
cleaning fireplace brick;https://fireplacesutah.com/how-to-clean-fireplace-brick-initial-steps/;0;64;0;45.203.125;;
cleaning fireplace bricks;https://fireplacesutah.com/how-to-clean-fireplace-brick-completing-the-job/;0;5;0;69;;
cleaning fireplace bricks;https://fireplacesutah.com/how-to-clean-fireplace-brick-initial-steps/;0;4;0;53.25;;
cleaning fireplace glass with wd40;https://fireplacesutah.com/steps-for-cleaning-and-maintaining-gas-fireplaces-part-1/;0;1;0;1;;
cleaning fireplace soot from brick or stone;https://fireplacesutah.com/how-to-clean-fireplace-brick-initial-steps/;0;1;0;85;;
cleaning gas fireplace;https://fireplacesutah.com/how-to-clean-your-gas-fireplace-safely-and-effectively/;0;61;0;55.721.311.475.409.800;;
cleaning gas fireplace;https://fireplacesutah.com/steps-for-cleaning-and-maintaining-gas-fireplaces-part-1/;0;17;0;6.364.705.882.352.940;;
cleaning gas fireplace;https://fireplacesutah.com/steps-for-cleaning-and-maintaining-gas-fireplaces-part-2/;0;11;0;879.090.909.090.909;;
cleaning gas fireplace burners;https://fireplacesutah.com/how-to-clean-your-gas-fireplace-safely-and-effectively/;0;5;0;50.2;;
cleaning gas fireplace burners;https://fireplacesutah.com/steps-for-cleaning-and-maintaining-gas-fireplaces-part-2/;0;8;0;25.75;;
cleaning gas fireplace chimney;https://fireplacesutah.com/how-to-clean-your-gas-fireplace-safely-and-effectively/;0;1;0;79;;
cleaning gas fireplace insert;https://fireplacesutah.com/how-to-clean-your-gas-fireplace-safely-and-effectively/;0;3;0;40.333.333.333.333.300;;
cleaning gas fireplaces;https://fireplacesutah.com/how-to-clean-your-gas-fireplace-safely-and-effectively/;0;5;0;27;;
cleaning gas fireplaces;https://fireplacesutah.com/steps-for-cleaning-and-maintaining-gas-fireplaces-part-2/;0;1;0;81;;
cleaning gas log burner;https://fireplacesutah.com/steps-for-cleaning-and-maintaining-gas-fireplaces-part-1/;0;1;0;79;;
cleaning gas log fireplace;https://fireplacesutah.com/how-to-clean-your-gas-fireplace-safely-and-effectively/;0;4;0;48.25;;
cleaning gas logs;https://fireplacesutah.com/how-to-clean-your-gas-fireplace-safely-and-effectively/;0;1;0;68;;
cleaning natural gas fireplace;https://fireplacesutah.com/how-to-clean-your-gas-fireplace-safely-and-effectively/;0;1;0;56;;
cleaning out gas fireplace;https://fireplacesutah.com/how-to-clean-your-gas-fireplace-safely-and-effectively/;0;4;0;45;;
cleaning propane fireplace;https://fireplacesutah.com/how-to-clean-your-gas-fireplace-safely-and-effectively/;0;2;0;53;;
cleaning red brick fireplace;https://fireplacesutah.com/how-to-clean-fireplace-brick-completing-the-job/;0;5;0;68;;
cleaning red brick fireplace;https://fireplacesutah.com/how-to-clean-fireplace-brick-initial-steps/;0;6;0;7.083.333.333.333.330;;
cleaning soot from brick fireplace;https://fireplacesutah.com/how-to-clean-fireplace-brick-initial-steps/;0;3;0;67;;
cleaning soot from fireplace brick;https://fireplacesutah.com/how-to-clean-fireplace-brick-initial-steps/;0;3;0;57.333.333.333.333.300;;
cleaning soot off brick fireplace;https://fireplacesutah.com/how-to-clean-fireplace-brick-initial-steps/;0;2;0;61;;
climate comfort solutions;https://fireplacesutah.com/layton-utah-fireplace-contractor/;0;1;0;91;;
coastal fireplace company;https://fireplacesutah.com/;0;1;0;59;;
comfort control heating and air;https://fireplacesutah.com/;0;1;0;1;;
comfort fireplace;https://fireplacesutah.com/;0;16;0;5;;
comfort fireplace;https://fireplacesutah.com/build-your-fireplace/;0;5;0;1;;
comfort fireplace;https://fireplacesutah.com/fireplace-services-in-bluffdale-utah/;0;1;0;10;;
comfort fireplace;https://fireplacesutah.com/indoor-outdoor-fireplaces-in-salt-lake-city-utah/;0;5;0;9.2;;
comfort fireplace;https://fireplacesutah.com/layton-utah-fireplace-contractor/;0;6;0;31.666.666.666.666.600;;
comfort fireplace;https://fireplacesutah.com/products/;0;5;0;1;;
comfort fireplace;https://fireplacesutah.com/reviews/;0;5;0;1;;
comfort fireplace;https://fireplacesutah.com/showrooms/;0;1;0;17;;
comfort fireplace;https://fireplacesutah.com/specials/;0;5;0;1;;
comfort google reviews;https://fireplacesutah.com/reviews/;0;2;0;7;;
comfort home;https://fireplacesutah.com/;0;1;0;1;;
comfort home and hearth;https://fireplacesutah.com/;0;1;0;51;;
comfort living fireplaces;https://fireplacesutah.com/;0;5;0;47.2;;
comfort solitions;https://fireplacesutah.com/;0;4;0;3;;
comfort solution;https://fireplacesutah.com/;0;1;0;1;;
comfort solutions;https://fireplacesutah.com/fireplace-design-installation-in-ogden-utah/;0;1;0;3;;
comfort solutions;https://fireplacesutah.com/fireplace-repair-service/;0;1;0;7;;
comfort solutions;https://fireplacesutah.com/gas-wood-inserts/;0;2;0;10;;
comfort solutions fireplace;http://fireplacesutah.com/modern-gas-fireplaces/;0;2;0;3;;
comfort solutions fireplace;https://fireplacesutah.com/build-your-fireplace/;0;53;0;439.622.641.509.434;;
comfort solutions fireplace;https://fireplacesutah.com/custom-fireplace-design-installation-in-west-jordan-utah/;0;13;0;17.615.384.615.384.600;;
comfort solutions fireplace;https://fireplacesutah.com/custom-fireplace/;0;2;0;39;;
comfort solutions fireplace;https://fireplacesutah.com/easy-steps-to-start-a-gas-fireplace/;0;2;0;7;;
comfort solutions fireplace;https://fireplacesutah.com/electric-fireplaces/;0;54;0;36.666.666.666.666.600;;
comfort solutions fireplace;https://fireplacesutah.com/fireplace-design-installation-in-morgan-utah/;0;29;0;7.448.275.862.068.960;;
comfort solutions fireplace;https://fireplacesutah.com/fireplace-design-installation-in-ogden-utah;0;10;0;18.5;;
comfort solutions fireplace;https://fireplacesutah.com/fireplace-design-installation-in-ogden-utah/;0;5;0;17.6;;
comfort solutions fireplace;https://fireplacesutah.com/fireplace-mantels/;0;1;0;9;;
comfort solutions fireplace;https://fireplacesutah.com/fireplace-repair-service/;0;1;0;3;;
comfort solutions fireplace;https://fireplacesutah.com/fireplace-services-in-bluffdale-utah/;0;21;0;3.661.904.761.904.760;;
comfort solutions fireplace;https://fireplacesutah.com/fireplace-services-in-bountiful-utah/;0;3;0;3;;
comfort solutions fireplace;https://fireplacesutah.com/fireplace-services-in-south-jordan-utah/;0;18;0;3.111.111.111.111.110;;
comfort solutions fireplace;https://fireplacesutah.com/fireplace-services-in-west-valley-city-utah/;0;12;0;3;;
comfort solutions fireplace;https://fireplacesutah.com/fireplaces-fire-pits-wood-stoves-in-park-city-utah/;0;14;0;3;;
comfort solutions fireplace;https://fireplacesutah.com/gas-wood-inserts/;0;1;0;3;;
comfort solutions fireplace;https://fireplacesutah.com/herriman-utah-fireplace-design-installation-repair/;0;27;0;3;;
comfort solutions fireplace;https://fireplacesutah.com/indoor-outdoor-fireplaces-in-salt-lake-city-utah/;0;42;0;15.476.190.476.190.400;;
comfort solutions fireplace;https://fireplacesutah.com/layton-utah-fireplace-contractor/;0;96;0;6.822.916.666.666.660;;
comfort solutions fireplace;https://fireplacesutah.com/log-sets/;0;1;0;3;;
comfort solutions fireplace;https://fireplacesutah.com/modern-gas-fireplaces/;0;2;0;3;;
comfort solutions fireplace;https://fireplacesutah.com/products/;0;61;0;25.081.967.213.114.700;;
comfort solutions fireplace;https://fireplacesutah.com/replace-your-fireplace/;0;43;0;14.069.767.441.860.400;;
comfort solutions fireplace;https://fireplacesutah.com/reviews/;0;47;0;13.829.787.234.042.500;;
comfort solutions fireplace;https://fireplacesutah.com/sandy-utah-fireplace-contractor/;0;78;0;8.038.461.538.461.530;;
comfort solutions fireplace;https://fireplacesutah.com/showrooms/;0;14;0;9.857.142.857.142.850;;
comfort solutions fireplace;https://fireplacesutah.com/specials/;0;46;0;12.173.913.043.478.200;;
comfort solutions fireplace;https://fireplacesutah.com/steps-for-cleaning-and-maintaining-gas-fireplaces-part-1/;0;4;0;79;;
comfort solutions fireplace;https://fireplacesutah.com/videos/;0;15;0;59.8;;
comfort solutions heating and cooling;https://fireplacesutah.com/;0;5;0;1;;
comfort solutions ogden;https://fireplacesutah.com/about-us/;0;5;0;74.6;;
comfort solutions ogden;https://fireplacesutah.com/fireplace-design-installation-in-ogden-utah;0;3;0;37;;
comfort solutions ogden;https://fireplacesutah.com/fireplace-design-installation-in-ogden-utah/;0;5;0;36;;
comfort solutions ogden;https://fireplacesutah.com/products/;0;6;0;8.383.333.333.333.330;;
comfort solutions ogden;https://fireplacesutah.com/reviews/;0;6;0;7.566.666.666.666.660;;
comfort solutions ogden;https://fireplacesutah.com/showrooms/;0;98;0;846.938.775.510.204;;
comfort solutions ogden utah;https://fireplacesutah.com/;0;30;0;5.466.666.666.666.660;;
comfort solutions ogden utah;https://fireplacesutah.com/about-us/;0;6;0;21.333.333.333.333.300;;
comfort solutions ogden utah;https://fireplacesutah.com/fireplace-design-installation-in-ogden-utah;0;1;0;7;;
comfort solutions ogden utah;https://fireplacesutah.com/fireplace-design-installation-in-ogden-utah/;0;1;0;4;;
comfort solutions ogden utah;https://fireplacesutah.com/reviews/;0;2;0;87.5;;
comfort solutions ogden utah;https://fireplacesutah.com/showrooms/;0;12;0;31.583.333.333.333.300;;
comfort solutions photos;https://fireplacesutah.com/;0;1;0;9;;
comfort solutions reviews;https://fireplacesutah.com/reviews/;0;43;0;10.790.697.674.418.600;;
comfort solutions sandy;https://fireplacesutah.com/about-us/;0;7;0;9.157.142.857.142.850;;
comfort solutions sandy;https://fireplacesutah.com/build-your-fireplace/;0;1;0;75;;
comfort solutions sandy;https://fireplacesutah.com/reviews/;0;10;0;34.4;;
comfort solutions sandy;https://fireplacesutah.com/sandy-utah-fireplace-contractor/;0;6;0;48.833.333.333.333.300;;
comfort solutions sandy;https://fireplacesutah.com/showrooms/;0;29;0;2.024.137.931.034.480;;
comfort solutions sandy utah;https://fireplacesutah.com/;0;46;0;5.521.739.130.434.780;;
comfort solutions sandy utah;https://fireplacesutah.com/about-us/;0;3;0;23.666.666.666.666.600;;
comfort solutions sandy utah;https://fireplacesutah.com/basics-electric-fireplace-logs/;0;2;0;89.5;;
comfort solutions sandy utah;https://fireplacesutah.com/reviews/;0;3;0;7.166.666.666.666.660;;
comfort solutions sandy utah;https://fireplacesutah.com/sandy-utah-fireplace-contractor/;0;12;0;10.25;;
comfort solutions sandy utah;https://fireplacesutah.com/showrooms/;0;2;0;24.5;;
comfort solutions utah;https://fireplacesutah.com/about-us/;0;16;0;368.125;;
comfort solutions utah;https://fireplacesutah.com/reviews/;0;1;0;27;;
comfort solutions utah;https://fireplacesutah.com/showrooms/;0;1;0;20;;
comfort solutions west haven;https://fireplacesutah.com/about-us/;0;4;0;29.5;;
comfort solutions west haven;https://fireplacesutah.com/reviews/;0;2;0;22.5;;
comfort solutions west haven;https://fireplacesutah.com/showrooms/;0;2;0;41.5;;
comfort solutions west haven reviews;https://fireplacesutah.com/reviews/;0;6;0;5.166.666.666.666.660;;
comfort stoves;https://fireplacesutah.com/gas-wood-stoves/;0;4;0;41.75;;
comfort systems utah;https://fireplacesutah.com/;0;1;0;100;;
comfort tech fireplace;https://fireplacesutah.com/;0;1;0;1;;
comfort tech fireplace;https://fireplacesutah.com/layton-utah-fireplace-contractor/;0;1;0;1;;
comforts by design;https://fireplacesutah.com/;0;1;0;64;;
comfortsolutions;https://fireplacesutah.com/;0;2;0;89.5;;
comfrt warehouse;https://fireplacesutah.com/;0;1;0;5;;
comment fonctionne un ventilateur de cheminée;https://fireplacesutah.com/fireplace-blowers-answering-common-questions/;0;1;0;2;;
commercial property maintenance riverton; utah;https://fireplacesutah.com/fireplace-services-in-riverton-utah/;0;4;0;86.5;
como funcionan los ventiladores de chimenea;https://fireplacesutah.com/fireplace-blowers-answering-common-questions/;0;1;0;2;;
companies that convert wood burning fireplace to gas;https://fireplacesutah.com/convert-your-fireplace/;0;8;0;40.5;;
companies that convert wood-burning fireplace to gas;https://fireplacesutah.com/convert-your-fireplace/;0;6;0;42.333.333.333.333.300;;
companies that fix gas fireplaces;https://fireplacesutah.com/fireplace-repair-service/;0;1;0;9;;
companies that repair gas fireplaces;https://fireplacesutah.com/fireplace-services-in-riverton-utah/;0;1;0;4;;
companies that service gas fireplaces near me;https://fireplacesutah.com/sandy-utah-fireplace-contractor/;0;1;0;12;;
contemporary gas fireplace logs;https://fireplacesutah.com/log-sets/;0;2;0;90;;
contemporary gas fireplace near me;https://fireplacesutah.com/;0;1;0;7;;
continental fireplace dealer near me;https://fireplacesutah.com/showrooms/;0;1;0;7;;
convection blower;https://fireplacesutah.com/fireplace-blowers-basics-and-how-they-work/;0;1;0;1;;
conversion to gas fireplace cost;https://fireplacesutah.com/convert-your-fireplace/;0;23;0;7.934.782.608.695.650;;
convert a gas fireplace to wood;https://fireplacesutah.com/convert-your-fireplace/;0;5;0;38.8;;
convert a gas fireplace to wood burning;https://fireplacesutah.com/convert-your-fireplace/;0;1;0;48;;
convert chimney to gas;https://fireplacesutah.com/convert-your-fireplace/;0;4;0;92.25;;
convert fireplace;https://fireplacesutah.com/convert-your-fireplace/;0;14;0;27.571.428.571.428.500;;
convert fireplace from gas to wood burning;https://fireplacesutah.com/convert-your-fireplace/;0;1;0;35;;
convert gas fireplace;https://fireplacesutah.com/convert-your-fireplace/;0;6;0;66.5;;
convert gas fireplace back to wood;https://fireplacesutah.com/convert-your-fireplace/;0;1;0;45;;
convert gas fireplace to wood;https://fireplacesutah.com/convert-your-fireplace/;0;8;0;39.25;;
convert gas fireplace to wood burning;https://fireplacesutah.com/convert-your-fireplace/;0;8;0;37;;
convert gas fireplace to wood burning cost;https://fireplacesutah.com/convert-your-fireplace/;0;3;0;8.933.333.333.333.330;;
convert gas fireplace to wood burning stove;https://fireplacesutah.com/convert-your-fireplace/;0;18;0;28.444.444.444.444.400;;
convert gas fireplace to wood cost;https://fireplacesutah.com/convert-your-fireplace/;0;15;0;7.193.333.333.333.330;;
convert gas fireplace to wood fireplace;https://fireplacesutah.com/convert-your-fireplace/;0;4;0;43.25;;
convert gas fireplace to wood stove;https://fireplacesutah.com/convert-your-fireplace/;0;22;0;29.181.818.181.818.100;;
convert gas stove to wood burning;https://fireplacesutah.com/convert-your-fireplace/;0;2;0;34.5;;
convert gas to wood burning fireplace;https://fireplacesutah.com/convert-your-fireplace/;0;7;0;37.714.285.714.285.700;;
convert gas to wood fireplace;https://fireplacesutah.com/convert-your-fireplace/;0;11;0;3.663.636.363.636.360;;
convert indoor fireplace to outdoor;https://fireplacesutah.com/convert-your-fireplace/;0;2;0;17.5;;
convert propane fireplace to pellet stove;https://fireplacesutah.com/convert-your-fireplace/;0;1;0;58;;
convert wood burning fireplace;https://fireplacesutah.com/convert-your-fireplace/;0;6;0;41.5;;
convert wood burning fireplace to gas;https://fireplacesutah.com/convert-your-fireplace/;0;1;0;68;;
convert wood burning fireplace to gas cost;https://fireplacesutah.com/convert-your-fireplace/;0;1;0;69;;
convert wood burning stove to propane;https://fireplacesutah.com/convert-your-fireplace/;0;1;0;64;;
convert wood fireplace to electric;https://fireplacesutah.com/convert-your-fireplace/;0;3;0;7.966.666.666.666.660;;
convert wood fireplace to gas;https://fireplacesutah.com/convert-your-fireplace/;0;3;0;6.933.333.333.333.330;;
convert wood fireplace to gas near me;https://fireplacesutah.com/convert-your-fireplace/;0;1;0;7;;
convert wood to electric fireplace;https://fireplacesutah.com/convert-your-fireplace/;0;1;0;47;;
converted fireplace;https://fireplacesutah.com/convert-your-fireplace/;0;2;0;59.5;;
converting a fireplace to a wood stove;https://fireplacesutah.com/convert-your-fireplace/;0;1;0;35;;
converting a fireplace to gas;https://fireplacesutah.com/convert-your-fireplace/;0;3;0;8.433.333.333.333.330;;
converting a fireplace to wood stove;https://fireplacesutah.com/convert-your-fireplace/;0;2;0;28.5;;
converting a gas fireplace back to wood;https://fireplacesutah.com/convert-your-fireplace/;0;1;0;35;;
converting a gas fireplace to a wood burning;https://fireplacesutah.com/convert-your-fireplace/;0;4;0;63.5;;
converting a gas fireplace to wood;https://fireplacesutah.com/convert-your-fireplace/;0;4;0;42.5;;
converting a gas fireplace to wood burning;https://fireplacesutah.com/convert-your-fireplace/;0;2;0;45.5;;
converting a gas fireplace to wood burning stove;https://fireplacesutah.com/convert-your-fireplace/;0;16;0;331.875;;
converting fireplace;https://fireplacesutah.com/convert-your-fireplace/;0;9;0;18.555.555.555.555.500;;
converting fireplace from gas to wood;https://fireplacesutah.com/convert-your-fireplace/;0;1;0;36;;
converting fireplace to wood stove;https://fireplacesutah.com/convert-your-fireplace/;0;2;0;27.5;;
converting gas fireplace;https://fireplacesutah.com/convert-your-fireplace/;0;6;0;81.5;;
converting gas fireplace back to wood;https://fireplacesutah.com/convert-your-fireplace/;0;2;0;34;;
converting gas fireplace to wood;https://fireplacesutah.com/convert-your-fireplace/;0;11;0;4.336.363.636.363.630;;
converting gas fireplace to wood burning;https://fireplacesutah.com/convert-your-fireplace/;0;5;0;35.2;;
converting gas fireplace to wood burning stove;https://fireplacesutah.com/convert-your-fireplace/;0;15;0;3.313.333.333.333.330;;
converting gas fireplace to wood stove;https://fireplacesutah.com/convert-your-fireplace/;0;7;0;27.714.285.714.285.700;;
converting gas to wood fireplace;https://fireplacesutah.com/convert-your-fireplace/;0;2;0;32;;
converting to a gas fireplace;https://fireplacesutah.com/convert-your-fireplace/;0;1;0;70;;
converting to gas fireplace cost;https://fireplacesutah.com/convert-your-fireplace/;0;1;0;76;;
converting wood burning stove to fireplace;https://fireplacesutah.com/convert-your-fireplace/;0;3;0;24.333.333.333.333.300;;
converting wood fireplace to gas;https://fireplacesutah.com/convert-your-fireplace/;0;4;0;66.25;;
cooking fire logs delivery near me;https://fireplacesutah.com/log-sets/;0;1;0;35;;
cooking with firewood;https://fireplacesutah.com/fire-pit-use-tips-igniting-and-putting-out-wood-fires/;0;1;0;1;;
cooktop installation park city;https://fireplacesutah.com/fireplaces-fire-pits-wood-stoves-in-park-city-utah/;0;5;0;17;;
cool dry place in house;https://fireplacesutah.com/signs-causes-remedies-low-humidity/;0;1;0;1;;
cost of converting a gas fireplace to wood burning;https://fireplacesutah.com/convert-your-fireplace/;0;1;0;53;;
cost of converting gas fireplace to wood burning;https://fireplacesutah.com/convert-your-fireplace/;0;17;0;6.464.705.882.352.940;;
cost to convert existing fireplace to gas;https://fireplacesutah.com/convert-your-fireplace/;0;1;0;48;;
cost to convert fireplace from wood to gas;https://fireplacesutah.com/convert-your-fireplace/;0;1;0;74;;
cost to convert gas fireplace to wood;https://fireplacesutah.com/convert-your-fireplace/;0;3;0;51;;
cost to convert gas to wood fireplace;https://fireplacesutah.com/convert-your-fireplace/;0;1;0;37;;
cost to convert wood burning fireplace to gas;https://fireplacesutah.com/convert-your-fireplace/;0;2;0;44.5;;
cost to convert wood fireplace to gas;https://fireplacesutah.com/convert-your-fireplace/;0;4;0;55;;
cost to convert wood fireplace to gas fireplace;https://fireplacesutah.com/convert-your-fireplace/;0;1;0;97;;
cost to put in a gas fireplace;https://fireplacesutah.com/gas-fireplace-lifespan-factors-blower-pilot-maintenance/;0;1;0;3;;
cozy fireplaces;https://fireplacesutah.com/;0;1;0;16;;
cozy home fireplace;https://fireplacesutah.com/;0;2;0;5;;
creating a fireplace on a flat wall;https://fireplacesutah.com/fireplace-installation-guide/;0;1;0;1;;
croft fireplace bountiful;https://fireplacesutah.com/;0;1;0;53;;
croft fireplace bountiful;https://fireplacesutah.com/fireplace-services-in-bountiful-utah/;0;1;0;42;;
croft fireplaces;https://fireplacesutah.com/;0;1;0;98;;
cross fireplace centre;https://fireplacesutah.com/;0;1;0;9;;
curtains next to fireplace;https://fireplacesutah.com/safety-precautions-for-gas-fireplace-use/;0;1;0;54;;
custom comfort solutions;https://fireplacesutah.com/indoor-outdoor-fireplaces-in-salt-lake-city-utah/;0;1;0;1;;
custom fire pits draper;https://fireplacesutah.com/fireplace-services-in-draper-utah/;0;3;0;17.333.333.333.333.300;;
custom fire pits mapleton utah;https://fireplacesutah.com/custom-fireplace-design-installation-in-west-jordan-utah/;0;19;0;1.168.421.052.631.570;;
custom fire pits mapleton utah;https://fireplacesutah.com/fireplaces-fire-pits-wood-stoves-in-park-city-utah/;0;2;0;2;;
custom fire pits mona utah;https://fireplacesutah.com/;0;1;0;5;;
custom fire pits mona utah;https://fireplacesutah.com/custom-fireplace-design-installation-in-west-jordan-utah/;0;18;0;37.777.777.777.777.700;;
custom fire pits mona utah;https://fireplacesutah.com/fireplace-design-installation-in-morgan-utah/;0;23;0;5.608.695.652.173.910;;
custom fire pits park city utah;https://fireplacesutah.com/fireplaces-fire-pits-wood-stoves-in-park-city-utah/;0;65;0;5.507.692.307.692.300;;
custom fire pits salem utah;https://fireplacesutah.com/;0;2;0;16.5;;
custom fire pits salt lake city;https://fireplacesutah.com/custom-fireplace-design-installation-in-west-jordan-utah/;0;11;0;15.272.727.272.727.200;;
custom fire pits salt lake city;https://fireplacesutah.com/indoor-outdoor-fireplaces-in-salt-lake-city-utah/;0;3;0;14.666.666.666.666.600;;
custom fire pits utah;https://fireplacesutah.com/custom-fireplace-design-installation-in-west-jordan-utah/;0;20;0;29.45;;
custom fire pits utah;https://fireplacesutah.com/fireplaces-fire-pits-wood-stoves-in-park-city-utah/;0;6;0;45.666.666.666.666.600;;
custom fire pits utah;https://fireplacesutah.com/indoor-outdoor-fireplaces-in-salt-lake-city-utah/;0;9;0;6.511.111.111.111.110;;
custom fireplace;https://fireplacesutah.com/;0;97;0;1.043.298.969.072.160;;
custom fireplace;https://fireplacesutah.com/custom-fireplace/;0;9;0;39.888.888.888.888.800;;
custom fireplace;https://fireplacesutah.com/indoor-outdoor-fireplaces-in-salt-lake-city-utah/;0;2;0;24;;
custom fireplace bountiful;https://fireplacesutah.com/;0;9;0;8.222.222.222.222.220;;
custom fireplace bountiful;https://fireplacesutah.com/custom-fireplace/;0;3;0;28.333.333.333.333.300;;
custom fireplace bountiful;https://fireplacesutah.com/fireplace-design-installation-in-ogden-utah;0;6;0;58.333.333.333.333.300;;
custom fireplace bountiful;https://fireplacesutah.com/fireplace-design-installation-in-ogden-utah/;0;2;0;99.5;;
custom fireplace bountiful;https://fireplacesutah.com/fireplace-services-in-bountiful-utah/;0;8;0;18.625;;
custom fireplace bountiful;https://fireplacesutah.com/indoor-outdoor-fireplaces-in-salt-lake-city-utah/;0;3;0;9.466.666.666.666.660;;
custom fireplace builder;https://fireplacesutah.com/;0;1;0;7;;
custom fireplace design;https://fireplacesutah.com/;0;30;0;40.733.333.333.333.300;;
custom fireplace design services;https://fireplacesutah.com/custom-fireplace/;0;2;0;96.5;;
custom fireplace design utah;https://fireplacesutah.com/;0;8;0;19.625;;
custom fireplace design utah;https://fireplacesutah.com/build-your-fireplace/;0;2;0;10;;
custom fireplace design utah;https://fireplacesutah.com/custom-fireplace-design-installation-in-west-jordan-utah/;0;7;0;1.642.857.142.857.140;;
custom fireplace design utah;https://fireplacesutah.com/custom-fireplace/;0;4;0;85;;
custom fireplace design utah;https://fireplacesutah.com/fireplace-design-installation-in-morgan-utah/;0;6;0;35.5;;
custom fireplace design utah;https://fireplacesutah.com/indoor-outdoor-fireplaces-in-salt-lake-city-utah/;0;6;0;46.166.666.666.666.600;;
custom fireplace design utah;https://fireplacesutah.com/products/;0;2;0;10;;
custom fireplace design utah;https://fireplacesutah.com/reviews/;0;2;0;10;;
custom fireplace design utah;https://fireplacesutah.com/specials/;0;2;0;10;;
custom fireplace doors near me;https://fireplacesutah.com/;0;1;0;9;;
custom fireplace draper;https://fireplacesutah.com/;0;9;0;9.555.555.555.555.550;;
custom fireplace draper;https://fireplacesutah.com/custom-fireplace/;0;4;0;27.5;;
custom fireplace draper;https://fireplacesutah.com/fireplace-services-in-draper-utah/;0;9;0;13.555.555.555.555.500;;
custom fireplace draper;https://fireplacesutah.com/indoor-outdoor-fireplaces-in-salt-lake-city-utah/;0;3;0;7.933.333.333.333.330;;
custom fireplace draper;https://fireplacesutah.com/showrooms/;0;1;0;83;;
custom fireplace herriman ut;https://fireplacesutah.com/;0;93;0;8.795.698.924.731.180;;
custom fireplace herriman ut;https://fireplacesutah.com/custom-fireplace-design-installation-in-west-jordan-utah/;0;46;0;18;;
custom fireplace herriman ut;https://fireplacesutah.com/custom-fireplace/;0;14;0;19.071.428.571.428.500;;
custom fireplace herriman ut;https://fireplacesutah.com/herriman-utah-fireplace-design-installation-repair/;0;98;0;286.734.693.877.551;;
custom fireplace insert utah;https://fireplacesutah.com/;0;7;0;6.571.428.571.428.570;;
custom fireplace insert utah;https://fireplacesutah.com/build-your-fireplace/;0;7;0;6.571.428.571.428.570;;
custom fireplace insert utah;https://fireplacesutah.com/differences-between-utah-fireplaces-and-fireplace-inserts/;0;1;0;23;;
custom fireplace insert utah;https://fireplacesutah.com/fireplace-design-installation-in-morgan-utah/;0;7;0;59.285.714.285.714.200;;
custom fireplace insert utah;https://fireplacesutah.com/fireplace-design-installation-in-ogden-utah;0;3;0;23.666.666.666.666.600;;
custom fireplace insert utah;https://fireplacesutah.com/fireplace-design-installation-in-ogden-utah/;0;2;0;35.5;;
custom fireplace insert utah;https://fireplacesutah.com/indoor-outdoor-fireplaces-in-salt-lake-city-utah/;0;7;0;6.771.428.571.428.570;;
custom fireplace insert utah;https://fireplacesutah.com/layton-utah-fireplace-contractor/;0;6;0;28.5;;
custom fireplace insert utah;https://fireplacesutah.com/products/;0;7;0;6.571.428.571.428.570;;
custom fireplace insert utah;https://fireplacesutah.com/reviews/;0;7;0;6.571.428.571.428.570;;
custom fireplace insert utah;https://fireplacesutah.com/specials/;0;7;0;6.571.428.571.428.570;;
custom fireplace installation;https://fireplacesutah.com/;0;1;0;86;;
custom fireplace installation;https://fireplacesutah.com/fireplace-installation-guide/;0;1;0;98;;
custom fireplace mantels near me;https://fireplacesutah.com/fireplace-mantels/;0;2;0;9.5;;
custom fireplace near me;https://fireplacesutah.com/;0;4;0;15.5;;
custom fireplace near me;https://fireplacesutah.com/fireplace-design-installation-in-ogden-utah;0;2;0;66;;
custom fireplace near me;https://fireplacesutah.com/fireplace-design-installation-in-ogden-utah/;0;1;0;84;;
custom fireplace near me;https://fireplacesutah.com/fireplaces-fire-pits-wood-stoves-in-park-city-utah/;0;1;0;9;;
custom fireplace near me;https://fireplacesutah.com/indoor-outdoor-fireplaces-in-salt-lake-city-utah/;0;1;0;12;;
custom fireplace near me;https://fireplacesutah.com/layton-utah-fireplace-contractor/;0;3;0;16;;
custom fireplace park city;https://fireplacesutah.com/;0;7;0;21.714.285.714.285.700;;
custom fireplace park city;https://fireplacesutah.com/custom-fireplace/;0;1;0;100;;
custom fireplace park city;https://fireplacesutah.com/fireplace-design-installation-in-morgan-utah/;0;3;0;53.333.333.333.333.300;;
custom fireplace park city;https://fireplacesutah.com/fireplaces-fire-pits-wood-stoves-in-park-city-utah/;0;11;0;6;;
custom fireplace park city;https://fireplacesutah.com/indoor-outdoor-fireplaces-in-salt-lake-city-utah/;0;7;0;39;;
custom fireplace salt lake county;https://fireplacesutah.com/;0;4;0;11;;
custom fireplace salt lake county;https://fireplacesutah.com/custom-fireplace-design-installation-in-west-jordan-utah/;0;5;0;36.8;;
custom fireplace salt lake county;https://fireplacesutah.com/custom-fireplace/;0;1;0;37;;
custom fireplace salt lake county;https://fireplacesutah.com/indoor-outdoor-fireplaces-in-salt-lake-city-utah/;0;4;0;22.75;;
custom fireplace solutions;https://fireplacesutah.com/;0;2;0;28.5;;
custom fireplace surround near me;https://fireplacesutah.com/;0;3;0;8;;
custom fireplace utah;https://fireplacesutah.com/;0;12;0;7.416.666.666.666.660;;
custom fireplace utah;https://fireplacesutah.com/build-your-fireplace/;0;8;0;8.5;;
custom fireplace utah;https://fireplacesutah.com/custom-fireplace-design-installation-in-west-jordan-utah/;0;8;0;24;;
custom fireplace utah;https://fireplacesutah.com/custom-fireplace/;0;2;0;65.5;;
custom fireplace utah;https://fireplacesutah.com/fireplace-design-installation-in-morgan-utah/;0;5;0;38.4;;
custom fireplace utah;https://fireplacesutah.com/gallery/;0;1;0;7;;
custom fireplace utah;https://fireplacesutah.com/indoor-outdoor-fireplaces-in-salt-lake-city-utah/;0;7;0;37.857.142.857.142.800;;
custom fireplace utah;https://fireplacesutah.com/products/;0;8;0;8.5;;
custom fireplace utah;https://fireplacesutah.com/reviews/;0;8;0;8.5;;
custom fireplace utah;https://fireplacesutah.com/showrooms/;0;1;0;7;;
custom fireplace utah;https://fireplacesutah.com/specials/;0;8;0;8.5;;
custom fireplace utah;https://fireplacesutah.com/videos/;0;1;0;7;;
custom fireplace wasatch county;https://fireplacesutah.com/;0;11;0;44;;
custom fireplace wasatch county;https://fireplacesutah.com/custom-fireplace-design-installation-in-west-jordan-utah/;0;8;0;10.375;;
custom fireplace wasatch county;https://fireplacesutah.com/fireplace-design-installation-in-morgan-utah/;0;9;0;30.333.333.333.333.300;;
custom fireplace wasatch county;https://fireplacesutah.com/fireplace-design-installation-in-ogden-utah;0;7;0;38.142.857.142.857.100;;
custom fireplace wasatch county;https://fireplacesutah.com/fireplaces-fire-pits-wood-stoves-in-park-city-utah/;0;8;0;21.875;;
custom fireplace wasatch county;https://fireplacesutah.com/heber-city-utahs-fireplace-experts/;0;1;0;20;;
custom fireplace wasatch county;https://fireplacesutah.com/indoor-outdoor-fireplaces-in-salt-lake-city-utah/;0;9;0;43.111.111.111.111.100;;
custom fireplace wasatch county;https://fireplacesutah.com/layton-utah-fireplace-contractor/;0;4;0;44.5;;
custom fireplace west jordan;https://fireplacesutah.com/;0;8;0;11.375;;
custom fireplace west jordan;https://fireplacesutah.com/custom-fireplace-design-installation-in-west-jordan-utah/;0;9;0;33.333.333.333.333.300;;
custom fireplace west jordan;https://fireplacesutah.com/custom-fireplace/;0;5;0;39.2;;
custom fireplace west jordan;https://fireplacesutah.com/fireplace-design-installation-in-morgan-utah/;0;2;0;54;;
custom fireplace west jordan;https://fireplacesutah.com/fireplace-services-in-bluffdale-utah/;0;2;0;59;;
custom fireplace west jordan;https://fireplacesutah.com/fireplace-services-in-south-jordan-utah/;0;4;0;97.75;;
custom fireplace west jordan;https://fireplacesutah.com/indoor-outdoor-fireplaces-in-salt-lake-city-utah/;0;8;0;27.875;;
custom fireplace west jordan;https://fireplacesutah.com/layton-utah-fireplace-contractor/;0;1;0;85;;
custom fireplace west jordan;https://fireplacesutah.com/sandy-utah-fireplace-contractor/;0;3;0;28;;
custom fireplace west valley city;https://fireplacesutah.com/;0;2;0;4;;
custom fireplace west valley city;https://fireplacesutah.com/custom-fireplace-design-installation-in-west-jordan-utah/;0;3;0;43.333.333.333.333.300;;
custom fireplace west valley city;https://fireplacesutah.com/custom-fireplace/;0;1;0;17;;
custom fireplace west valley city;https://fireplacesutah.com/fireplace-services-in-west-valley-city-utah/;0;4;0;6.75;;
custom fireplace west valley city;https://fireplacesutah.com/indoor-outdoor-fireplaces-in-salt-lake-city-utah/;0;2;0;26.5;;
custom fireplaces;https://fireplacesutah.com/;0;4;0;7.75;;
custom fireplaces & more;https://fireplacesutah.com/indoor-outdoor-fireplaces-in-salt-lake-city-utah/;0;15;0;6.306.666.666.666.660;;
custom made fireplaces;https://fireplacesutah.com/;0;1;0;5;;
custom mantel fabrication 84116;https://fireplacesutah.com/fireplace-mantels/;0;13;0;1.023.076.923.076.920;;
custom mantel fabrication salt lake city ut;https://fireplacesutah.com/;0;7;0;18.714.285.714.285.700;;
custom mantel fabrication salt lake city ut;https://fireplacesutah.com/custom-fireplace/;0;3;0;48;;
custom mantel fabrication salt lake city ut;https://fireplacesutah.com/fireplace-mantels/;0;13;0;20.153.846.153.846.100;;
custom mantel fabrication salt lake city ut;https://fireplacesutah.com/indoor-outdoor-fireplaces-in-salt-lake-city-utah/;0;5;0;38;;
custom mantels near me;https://fireplacesutah.com/fireplace-mantels/;0;9;0;9.777.777.777.777.770;;
custom mantle near me;https://fireplacesutah.com/fireplace-mantels/;0;1;0;6;;
custom outdoor fireplace near me;https://fireplacesutah.com/fireplaces-fire-pits-wood-stoves-in-park-city-utah/;0;1;0;10;;
custom outdoor fireplace utah;https://fireplacesutah.com/;0;7;0;33.285.714.285.714.200;;
custom outdoor fireplace utah;https://fireplacesutah.com/build-your-fireplace/;0;2;0;11;;
custom outdoor fireplace utah;https://fireplacesutah.com/custom-fireplace-design-installation-in-west-jordan-utah/;0;6;0;19.666.666.666.666.600;;
custom outdoor fireplace utah;https://fireplacesutah.com/fireplace-design-installation-in-morgan-utah/;0;6;0;35;;
custom outdoor fireplace utah;https://fireplacesutah.com/fireplace-design-installation-in-ogden-utah;0;3;0;43.666.666.666.666.600;;
custom outdoor fireplace utah;https://fireplacesutah.com/fireplace-design-installation-in-ogden-utah/;0;2;0;60;;
custom outdoor fireplace utah;https://fireplacesutah.com/indoor-outdoor-fireplaces-in-salt-lake-city-utah/;0;3;0;7.133.333.333.333.330;;
custom outdoor fireplace utah;https://fireplacesutah.com/products/;0;2;0;11;;
custom outdoor fireplace utah;https://fireplacesutah.com/reviews/;0;2;0;11;;
custom outdoor fireplace utah;https://fireplacesutah.com/sandy-utah-fireplace-contractor/;0;2;0;35;;
custom outdoor fireplace utah;https://fireplacesutah.com/specials/;0;2;0;11;;
custom outdoor fireplaces utah;https://fireplacesutah.com/;0;6;0;48.166.666.666.666.600;;
custom outdoor fireplaces utah;https://fireplacesutah.com/custom-fireplace-design-installation-in-west-jordan-utah/;0;13;0;13.692.307.692.307.600;;
custom outdoor fireplaces utah;https://fireplacesutah.com/fireplace-design-installation-in-morgan-utah/;0;13;0;4.976.923.076.923.070;;
custom outdoor fireplaces utah;https://fireplacesutah.com/fireplace-design-installation-in-ogden-utah;0;3;0;37;;
custom outdoor fireplaces utah;https://fireplacesutah.com/fireplace-design-installation-in-ogden-utah/;0;8;0;47.125;;
custom outdoor fireplaces utah;https://fireplacesutah.com/indoor-outdoor-fireplaces-in-salt-lake-city-utah/;0;10;0;42.5;;
custom outdoor fireplaces utah;https://fireplacesutah.com/sandy-utah-fireplace-contractor/;0;7;0;6.342.857.142.857.140;;
custom wood fireplace mantels bluffdale; utah;https://fireplacesutah.com/;0;37;0;8.783.783.783.783.780;
custom wood fireplace mantels bluffdale; utah;https://fireplacesutah.com/custom-fireplace-design-installation-in-west-jordan-utah/;0;9;0;5.455.555.555.555.550;
custom wood fireplace mantels bluffdale; utah;https://fireplacesutah.com/custom-fireplace/;0;22;0;3.722.727.272.727.270;
custom wood fireplace mantels bluffdale; utah;https://fireplacesutah.com/fireplace-mantels/;0;38;0;4.710.526.315.789.470;
custom wood fireplace mantels bluffdale; utah;https://fireplacesutah.com/fireplace-services-in-bluffdale-utah/;0;29;0;31.586.206.896.551.700;
custom wood fireplace mantels bluffdale; utah;https://fireplacesutah.com/herriman-utah-fireplace-design-installation-repair/;0;1;0;45;
custom wood fireplace mantels jeremy ranch; utah;https://fireplacesutah.com/;0;2;0;35.5;
custom wood fireplace mantels jeremy ranch; utah;https://fireplacesutah.com/fireplace-mantels/;0;28;0;16.642.857.142.857.100;
custom wood fireplace mantels jeremy ranch; utah;https://fireplacesutah.com/fireplaces-fire-pits-wood-stoves-in-park-city-utah/;0;18;0;43.611.111.111.111.100;
custom wood fireplace mantels park city; utah;https://fireplacesutah.com/;0;23;0;3.191.304.347.826.080;
custom wood fireplace mantels park city; utah;https://fireplacesutah.com/add-a-new-fireplace/;0;1;0;66;
custom wood fireplace mantels park city; utah;https://fireplacesutah.com/custom-fireplace/;0;1;0;110;
custom wood fireplace mantels park city; utah;https://fireplacesutah.com/fireplace-mantels/;0;42;0;5.214.285.714.285.710;
custom wood fireplace mantels park city; utah;https://fireplacesutah.com/fireplaces-fire-pits-wood-stoves-in-park-city-utah/;0;24;0;22.375;
custom wood fireplace mantels salt lake city; utah;https://fireplacesutah.com/;0;29;0;25.689.655.172.413.700;
custom wood fireplace mantels salt lake city; utah;https://fireplacesutah.com/fireplace-mantels/;0;27;0;34.851.851.851.851.800;
custom wood fireplace mantels salt lake city; utah;https://fireplacesutah.com/indoor-outdoor-fireplaces-in-salt-lake-city-utah/;0;28;0;27.714.285.714.285.700;
custom wood fireplace mantels salt lake county; utah;https://fireplacesutah.com/;0;28;0;43.107.142.857.142.800;
custom wood fireplace mantels salt lake county; utah;https://fireplacesutah.com/fireplace-mantels/;0;25;0;21.72;
custom wood fireplace mantels salt lake county; utah;https://fireplacesutah.com/fireplace-services-in-kaysville-utah/;0;1;0;209;
custom wood fireplace mantels salt lake county; utah;https://fireplacesutah.com/fireplaces-fire-pits-wood-stoves-in-park-city-utah/;0;1;0;204;
custom wood fireplace mantels salt lake county; utah;https://fireplacesutah.com/indoor-outdoor-fireplaces-in-salt-lake-city-utah/;0;26;0;25.923.076.923.076.900;
custom wood fireplace mantels salt lake county; utah;https://fireplacesutah.com/replace-your-fireplace/;0;2;0;206;
custom wood fireplace mantels south salt lake; utah;https://fireplacesutah.com/;0;30;0;35.1;
custom wood fireplace mantels south salt lake; utah;https://fireplacesutah.com/custom-fireplace/;0;3;0;88;
custom wood fireplace mantels south salt lake; utah;https://fireplacesutah.com/fireplace-mantels/;0;36;0;18.583.333.333.333.300;
custom wood fireplace mantels south salt lake; utah;https://fireplacesutah.com/indoor-outdoor-fireplaces-in-salt-lake-city-utah/;0;30;0;26.033.333.333.333.300;
custom wood fireplace mantels summit county; utah;https://fireplacesutah.com/;0;14;0;38.5;
custom wood fireplace mantels summit county; utah;https://fireplacesutah.com/fireplace-mantels/;0;25;0;21.04;
custom wood fireplace mantels summit park; utah;https://fireplacesutah.com/;0;20;0;35.75;
custom wood fireplace mantels summit park; utah;https://fireplacesutah.com/fireplace-mantels/;0;29;0;20.379.310.344.827.500;
custom wood fireplace mantels summit park; utah;https://fireplacesutah.com/fireplaces-fire-pits-wood-stoves-in-park-city-utah/;0;13;0;5.392.307.692.307.690;
custom wood fireplace mantels utah;https://fireplacesutah.com/;0;26;0;4.126.923.076.923.070;;
custom wood fireplace mantels utah;https://fireplacesutah.com/fireplace-mantels/;0;28;0;28.678.571.428.571.400;;
custom wood mantels near me;https://fireplacesutah.com/fireplace-mantels/;0;2;0;10.5;;
cylinder stove utah;https://fireplacesutah.com/gas-wood-stoves/;0;1;0;50;;
cylinder stoves in utah;https://fireplacesutah.com/gas-wood-stoves/;0;1;0;72;;
damper knob;https://fireplacesutah.com/basics-electric-fireplace-logs/;0;1;0;3;;
data protection solutions salt lake city ut;https://fireplacesutah.com/privacy-policy/;0;1;0;96;;
davinci;https://fireplacesutah.com/fireplace-installation-guide/;0;1;0;7;;
define btus;https://fireplacesutah.com/understanding-meaning-and-importance-of-fireplace-btus/;0;1;0;99;;
definition of fireplace;https://fireplacesutah.com/understanding-meaning-and-importance-of-fireplace-btus/;0;69;0;8.623.188.405.797.100;;
degrees above fireplaces;https://fireplacesutah.com/;0;1;0;76;;
design comfort utah;https://fireplacesutah.com/;0;433;0;5.952.193.995.381.060;;
design comfort utah;https://fireplacesutah.com/add-a-new-fireplace/;0;78;0;4.888.461.538.461.530;;
design comfort utah;https://fireplacesutah.com/custom-fireplace/;0;1;0;41;;
design comfort utah;https://fireplacesutah.com/free-estimate/;0;85;0;48.023.529.411.764.700;;
design comfort utah;https://fireplacesutah.com/layton-utah-fireplace-contractor/;0;7;0;6.485.714.285.714.280;;
design comfort utah;https://fireplacesutah.com/products/;0;47;0;6.736.170.212.765.950;;
design comfort utah;https://fireplacesutah.com/videos/;0;27;0;58;;
difference between electric and gas fireplace;https://fireplacesutah.com/breaking-gas-vs-electric-fireplaces/;0;19;0;2.431.578.947.368.420;;
difference between gas and electric fireplace;https://fireplacesutah.com/breaking-gas-vs-electric-fireplaces/;0;22;0;8.563.636.363.636.360;;
difference between vented and ventless fireplace;https://fireplacesutah.com/differences-vented-vent-free-fireplaces/;0;1;0;76;;
difference between vented and ventless gas fireplace;https://fireplacesutah.com/differences-vented-vent-free-fireplaces/;0;8;0;81.375;;
different types of gas fireplaces;https://fireplacesutah.com/gas-fireplaces-and-chimneys-basics-and-types/;0;8;0;93.25;;
digital thermostat for gas fireplace;https://fireplacesutah.com/benefits-of-a-thermostat-for-gas-fireplaces/;0;1;0;97;;
direct vent fireplace blower;https://fireplacesutah.com/fireplace-blowers-answering-common-questions/;0;1;0;1;;
direct vent fireplace insert;https://fireplacesutah.com/differences-vented-vent-free-fireplaces/;0;1;0;17;;
direct vent fireplace vs ventless;https://fireplacesutah.com/differences-vented-vent-free-fireplaces/;0;1;0;66;;
direct vent gas fireplace vs ventless;https://fireplacesutah.com/differences-vented-vent-free-fireplaces/;0;2;0;74;;
direct vent vs vent free;https://fireplacesutah.com/differences-vented-vent-free-fireplaces/;0;8;0;35.875;;
direct vent vs vent free fireplace;https://fireplacesutah.com/differences-vented-vent-free-fireplaces/;0;3;0;12.666.666.666.666.600;;
direct vent vs vent free gas fireplace;https://fireplacesutah.com/differences-vented-vent-free-fireplaces/;0;6;0;1;;
direct vent vs vented gas fireplace;https://fireplacesutah.com/differences-vented-vent-free-fireplaces/;0;3;0;68;;
direct vent vs ventless;https://fireplacesutah.com/differences-vented-vent-free-fireplaces/;0;4;0;74.25;;
dirty or faulty flame sensor;https://fireplacesutah.com/five-signs-fireplace-needs-professional-service/;0;1;0;1;;
diy baby proof fireplace;https://fireplacesutah.com/basic-tips-on-how-to-baby-proof-your-fireplace-area/;0;6;0;10.666.666.666.666.600;;
diy baby proof fireplace hearth;https://fireplacesutah.com/basic-tips-on-how-to-baby-proof-your-fireplace-area/;0;1;0;1;;
diy fireplace baby gate;https://fireplacesutah.com/basic-tips-on-how-to-baby-proof-your-fireplace-area/;0;1;0;52;;
diy fireplace baby proofing;https://fireplacesutah.com/basic-tips-on-how-to-baby-proof-your-fireplace-area/;0;2;0;2;;
diy fireplace gate;https://fireplacesutah.com/basic-tips-on-how-to-baby-proof-your-fireplace-area/;0;1;0;3;;
diy fireplace install;https://fireplacesutah.com/fireplace-installation-guide/;0;2;0;1;;
diy wood stove gate;https://fireplacesutah.com/basic-tips-on-how-to-baby-proof-your-fireplace-area/;0;1;0;2;;
do all fireplaces have a blower;https://fireplacesutah.com/fireplace-blowers-answering-common-questions/;0;14;0;1.5;;
do all fireplaces have a blower;https://fireplacesutah.com/fireplace-blowers-basics-and-how-they-work/;0;2;0;1;;
do all fireplaces need a chimney;https://fireplacesutah.com/gas-fireplaces-and-chimneys-basics-and-types/;0;7;0;1;;
do all gas fireplaces have a blower;https://fireplacesutah.com/fireplace-blowers-answering-common-questions/;0;4;0;7.5;;
do all gas fireplaces have blowers;https://fireplacesutah.com/fireplace-blowers-answering-common-questions/;0;3;0;6.666.666.666.666.660;;
do all gas fireplaces have blowers;https://fireplacesutah.com/fireplace-blowers-basics-and-how-they-work/;0;2;0;17;;
do all gas fireplaces need to be vented;https://fireplacesutah.com/gas-fireplaces-and-chimneys-basics-and-types/;0;1;0;100;;
do fireplace blowers really work;https://fireplacesutah.com/fireplace-blowers-answering-common-questions/;0;16;0;78.125;;
do fireplace blowers really work;https://fireplacesutah.com/fireplace-blowers-basics-and-how-they-work/;0;3;0;22;;
do fireplace blowers work;https://fireplacesutah.com/fireplace-blowers-answering-common-questions/;0;9;0;9.777.777.777.777.770;;
do fireplace blowers work;https://fireplacesutah.com/fireplace-blowers-basics-and-how-they-work/;0;10;0;4.1;;
do fireplace fans work;https://fireplacesutah.com/fireplace-blowers-answering-common-questions/;0;1;0;3;;
do fireplaces have fans;https://fireplacesutah.com/fireplace-blowers-answering-common-questions/;0;3;0;11;;
do fireplaces have fans;https://fireplacesutah.com/fireplace-blowers-basics-and-how-they-work/;0;1;0;1;;
do gas fireplace need chimney;https://fireplacesutah.com/gas-fireplaces-and-chimneys-basics-and-types/;0;20;0;15.3;;
do gas fireplaces have a chimney;https://fireplacesutah.com/gas-fireplaces-and-chimneys-basics-and-types/;0;69;0;31.884.057.971.014.400;;
do gas fireplaces have a thermostat;https://fireplacesutah.com/benefits-of-a-thermostat-for-gas-fireplaces/;0;19;0;1.526.315.789.473.680;;
do gas fireplaces have blowers;https://fireplacesutah.com/fireplace-blowers-answering-common-questions/;0;5;0;5;;
do gas fireplaces have thermostats;https://fireplacesutah.com/benefits-of-a-thermostat-for-gas-fireplaces/;0;36;0;13.055.555.555.555.500;;
do gas fireplaces need a chimney;https://fireplacesutah.com/gas-fireplaces-and-chimneys-basics-and-types/;0;156;0;10.929.487.179.487.100;;
do gas fireplaces need a vent;https://fireplacesutah.com/gas-fireplaces-and-chimneys-basics-and-types/;0;5;0;94.6;;
do gas fireplaces need chimneys;https://fireplacesutah.com/gas-fireplaces-and-chimneys-basics-and-types/;0;54;0;11.407.407.407.407.400;;
do gas fireplaces need cleaning;https://fireplacesutah.com/how-to-clean-your-gas-fireplace-safely-and-effectively/;0;2;0;37;;
do gas fireplaces need maintenance;https://fireplacesutah.com/steps-for-cleaning-and-maintaining-gas-fireplaces-part-1/;0;2;0;91.5;;
do gas fireplaces need to be cleaned;https://fireplacesutah.com/how-to-clean-your-gas-fireplace-safely-and-effectively/;0;12;0;60.416.666.666.666.600;;
do gas fireplaces need to be cleaned;https://fireplacesutah.com/steps-for-cleaning-and-maintaining-gas-fireplaces-part-1/;0;2;0;61.5;;
do gas fireplaces need to be vented;https://fireplacesutah.com/gas-fireplaces-and-chimneys-basics-and-types/;0;3;0;8.933.333.333.333.330;;
do gas fireplaces require a chimney;https://fireplacesutah.com/gas-fireplaces-and-chimneys-basics-and-types/;0;71;0;2.676.056.338.028.160;;
do gas fires need a chimney;https://fireplacesutah.com/gas-fireplaces-and-chimneys-basics-and-types/;0;3;0;1;;
do gas logs need a chimney;https://fireplacesutah.com/gas-fireplaces-and-chimneys-basics-and-types/;0;32;0;38.125;;
do gas pipes make noise;https://fireplacesutah.com/five-signs-fireplace-needs-professional-service/;0;8;0;1;;
do i need a blower for my gas fireplace;https://fireplacesutah.com/fireplace-blowers-answering-common-questions/;0;8;0;1;;
do i need a chimney for a gas fireplace;https://fireplacesutah.com/gas-fireplaces-and-chimneys-basics-and-types/;0;7;0;7.285.714.285.714.280;;
do modern fireplaces need a chimney;https://fireplacesutah.com/gas-fireplaces-and-chimneys-basics-and-types/;0;3;0;1;;
do natural gas fireplaces need a chimney;https://fireplacesutah.com/gas-fireplaces-and-chimneys-basics-and-types/;0;1;0;32;;
do pinecones burn;https://fireplacesutah.com/fire-pit-use-tips-igniting-and-putting-out-wood-fires/;0;3;0;1;;
do plumbers service gas fireplaces;https://fireplacesutah.com/five-signs-fireplace-needs-professional-service/;0;1;0;1;;
do propane fireplaces need a chimney;https://fireplacesutah.com/gas-fireplaces-and-chimneys-basics-and-types/;0;2;0;46.5;;
do wood burning fireplaces have blowers;https://fireplacesutah.com/fireplace-blowers-answering-common-questions/;0;10;0;9.5;;
do you need a blower on a gas fireplace;https://fireplacesutah.com/fireplace-blowers-answering-common-questions/;0;3;0;12.333.333.333.333.300;;
do you need a chimney for a gas fireplace;https://fireplacesutah.com/gas-fireplaces-and-chimneys-basics-and-types/;0;13;0;5.623.076.923.076.920;;
do you need a chimney for gas fireplace;https://fireplacesutah.com/gas-fireplaces-and-chimneys-basics-and-types/;0;1;0;81;;
do you need a chimney with a gas fireplace;https://fireplacesutah.com/gas-fireplaces-and-chimneys-basics-and-types/;0;4;0;75.5;;
do you need a fireplace screen for gas logs;https://fireplacesutah.com/basics-electric-fireplace-logs/;0;1;0;71;;
do you need a permit to replace a gas stove;https://fireplacesutah.com/fireplace-installation-guide/;0;1;0;1;;
do you need chimney for gas fireplace;https://fireplacesutah.com/gas-fireplaces-and-chimneys-basics-and-types/;0;2;0;39;;
does a fireplace add value to a home;https://fireplacesutah.com/connection-between-fireplaces-and-home-value/;0;1;0;100;;
does a fireplace add value to your house;https://fireplacesutah.com/connection-between-fireplaces-and-home-value/;0;1;0;97;;
does a fireplace need a chimney;https://fireplacesutah.com/gas-fireplaces-and-chimneys-basics-and-types/;0;9;0;1;;
does a gas fireplace have a chimney;https://fireplacesutah.com/gas-fireplaces-and-chimneys-basics-and-types/;0;86;0;42.441.860.465.116.200;;
does a gas fireplace need a blower;https://fireplacesutah.com/fireplace-blowers-answering-common-questions/;0;1;0;1;;
does a gas fireplace need a chimney;https://fireplacesutah.com/gas-fireplaces-and-chimneys-basics-and-types/;0;604;0;5.985.099.337.748.340;;
does a gas fireplace need a chimney?;https://fireplacesutah.com/gas-fireplaces-and-chimneys-basics-and-types/;0;4;0;1;;
does a gas fireplace need a fan;https://fireplacesutah.com/fireplace-blowers-answering-common-questions/;0;1;0;1;;
does a gas fireplace need a flue;https://fireplacesutah.com/gas-fireplaces-and-chimneys-basics-and-types/;0;2;0;40;;
does a gas fireplace need a vent;https://fireplacesutah.com/gas-fireplaces-and-chimneys-basics-and-types/;0;3;0;7.066.666.666.666.660;;
does a gas fireplace need to be cleaned;https://fireplacesutah.com/how-to-clean-your-gas-fireplace-safely-and-effectively/;0;4;0;65.5;;
does a gas fireplace require a chimney;https://fireplacesutah.com/gas-fireplaces-and-chimneys-basics-and-types/;0;25;0;5.24;;
does a gas fireplace use a lot of gas;https://fireplacesutah.com/benefits-of-a-thermostat-for-gas-fireplaces/;0;2;0;1;;
does a gas log fireplace need a chimney;https://fireplacesutah.com/gas-fireplaces-and-chimneys-basics-and-types/;0;18;0;20.555.555.555.555.500;;
does adding a fireplace increase home value;https://fireplacesutah.com/connection-between-fireplaces-and-home-value/;0;3;0;97;;
does charcoal get rid of bad smells;https://fireplacesutah.com/avoiding-fireplace-odors-vinegar-charcoal-inspection/;0;5;0;66;;
does charcoal get rid of smells;https://fireplacesutah.com/avoiding-fireplace-odors-vinegar-charcoal-inspection/;0;4;0;61;;
does fire stone fix heating and air conditioning;https://fireplacesutah.com/;0;40;0;27.075;;
does fire stone fix heating and air conditioning;https://fireplacesutah.com/indoor-outdoor-fireplaces-in-salt-lake-city-utah/;0;1;0;34;;
does fireplace fan need to be on;https://fireplacesutah.com/fireplace-blowers-answering-common-questions/;0;26;0;6.538.461.538.461.530;;
does fireplace fan need to be on;https://fireplacesutah.com/fireplace-blowers-basics-and-how-they-work/;0;2;0;47;;
does gas fireplace have chimney;https://fireplacesutah.com/gas-fireplaces-and-chimneys-basics-and-types/;0;1;0;1;;
does gas fireplace need a chimney;https://fireplacesutah.com/gas-fireplaces-and-chimneys-basics-and-types/;0;11;0;17.545.454.545.454.500;;
does gas fireplace need chimney;https://fireplacesutah.com/gas-fireplaces-and-chimneys-basics-and-types/;0;14;0;44.357.142.857.142.800;;
does gas fireplace need cleaning;https://fireplacesutah.com/how-to-clean-your-gas-fireplace-safely-and-effectively/;0;2;0;78;;
does gas fireplace need to be cleaned;https://fireplacesutah.com/how-to-clean-your-gas-fireplace-safely-and-effectively/;0;3;0;61.333.333.333.333.300;;
does gas fireplace need to be cleaned;https://fireplacesutah.com/steps-for-cleaning-and-maintaining-gas-fireplaces-part-1/;0;1;0;98;;
does propane fireplace need chimney;https://fireplacesutah.com/gas-fireplaces-and-chimneys-basics-and-types/;0;23;0;1;;
door next to fireplace;https://fireplacesutah.com/basic-tips-on-how-to-baby-proof-your-fireplace-area/;0;1;0;72;;
dry air in house remedies;https://fireplacesutah.com/signs-causes-remedies-low-humidity/;0;4;0;36.25;;
ductwork installation layton ut;https://fireplacesutah.com/layton-utah-fireplace-contractor/;0;7;0;50.714.285.714.285.700;;
duravent stove pipe near me;https://fireplacesutah.com/;0;1;0;1;;
dust in gas fireplace;https://fireplacesutah.com/how-to-clean-your-gas-fireplace-safely-and-effectively/;0;1;0;1;;
efficient fireplace;https://fireplacesutah.com/fireplace-size-variables-prior-space-btus-room-size/;0;1;0;1;;
efireplaces;https://fireplacesutah.com/;0;2;0;10.5;;
electric;https://fireplacesutah.com/basics-electric-fireplace-logs/;0;1;0;22;;
electric blower for fireplace;https://fireplacesutah.com/fireplace-blowers-answering-common-questions/;0;3;0;1;;
electric fan fire;https://fireplacesutah.com/five-signs-fireplace-needs-professional-service/;0;1;0;1;;
electric fan for gas fireplace;https://fireplacesutah.com/fireplace-blowers-answering-common-questions/;0;1;0;1;;
electric fire logs;https://fireplacesutah.com/basics-electric-fireplace-logs/;0;23;0;27.956.521.739.130.400;;
electric fire place repair;https://fireplacesutah.com/fireplace-repair-service/;0;1;0;4;;
electric fire repair;https://fireplacesutah.com/five-signs-fireplace-needs-professional-service/;0;1;0;1;;
electric fire vs gas fire;https://fireplacesutah.com/breaking-gas-vs-electric-fireplaces/;0;2;0;12.5;;
electric firelogs;https://fireplacesutah.com/basics-electric-fireplace-logs/;0;2;0;55;;
electric fireplace blowers;https://fireplacesutah.com/fireplace-blowers-answering-common-questions/;0;2;0;44;;
electric fireplace blowers;https://fireplacesutah.com/fireplace-blowers-basics-and-how-they-work/;0;2;0;68;;
electric fireplace burning smell;https://fireplacesutah.com/five-signs-fireplace-needs-professional-service/;0;32;0;1;;
electric fireplace clicking but not lighting;https://fireplacesutah.com/five-signs-fireplace-needs-professional-service/;0;8;0;1;;
electric fireplace companies;https://fireplacesutah.com/electric-fireplaces/;0;1;0;80;;
electric fireplace dealers near me;https://fireplacesutah.com/;0;1;0;7;;
electric fireplace fan;https://fireplacesutah.com/fireplace-blowers-basics-and-how-they-work/;0;1;0;2;;
electric fireplace heater logs;https://fireplacesutah.com/basics-electric-fireplace-logs/;0;2;0;41;;
electric fireplace heater smells like burning;https://fireplacesutah.com/five-signs-fireplace-needs-professional-service/;0;18;0;1;;
electric fireplace holladay ut;https://fireplacesutah.com/;0;3;0;5;;
electric fireplace holladay ut;https://fireplacesutah.com/electric-fireplaces/;0;3;0;14.333.333.333.333.300;;
electric fireplace holladay ut;https://fireplacesutah.com/fireplace-repair-service/;0;1;0;32;;
electric fireplace holladay ut;https://fireplacesutah.com/fireplace-services-in-bluffdale-utah/;0;1;0;24;;
electric fireplace insert logs;https://fireplacesutah.com/basics-electric-fireplace-logs/;0;3;0;50.333.333.333.333.300;;
electric fireplace insert near me;https://fireplacesutah.com/;0;7;0;12.571.428.571.428.500;;
electric fireplace insert near me;https://fireplacesutah.com/fireplace-design-installation-in-ogden-utah;0;1;0;14;;
electric fireplace insert repair;https://fireplacesutah.com/fireplace-repair-service/;0;1;0;72;;
electric fireplace insert repair near me;https://fireplacesutah.com/;0;3;0;12;;
electric fireplace insert repair near me;https://fireplacesutah.com/fireplace-services-in-draper-utah/;0;3;0;5.333.333.333.333.330;;
electric fireplace insert utah;https://fireplacesutah.com/;0;10;0;11.5;;
electric fireplace insert utah;https://fireplacesutah.com/basics-electric-fireplace-logs/;0;4;0;46.5;;
electric fireplace insert utah;https://fireplacesutah.com/build-your-fireplace/;0;4;0;12.25;;
electric fireplace insert utah;https://fireplacesutah.com/electric-fireplaces/;0;9;0;34.888.888.888.888.800;;
electric fireplace insert utah;https://fireplacesutah.com/fireplace-services-in-bluffdale-utah/;0;1;0;39;;
electric fireplace insert utah;https://fireplacesutah.com/fireplace-services-in-farmington-utah/;0;7;0;6.657.142.857.142.850;;
electric fireplace insert utah;https://fireplacesutah.com/gallery/;0;1;0;13;;
electric fireplace insert utah;https://fireplacesutah.com/products/;0;4;0;12.25;;
electric fireplace insert utah;https://fireplacesutah.com/reviews/;0;4;0;12.25;;
electric fireplace insert utah;https://fireplacesutah.com/showrooms/;0;1;0;13;;
electric fireplace insert utah;https://fireplacesutah.com/specials/;0;4;0;12.25;;
electric fireplace insert utah;https://fireplacesutah.com/videos/;0;1;0;13;;
electric fireplace insert vs electric logs;https://fireplacesutah.com/basics-electric-fireplace-logs/;0;2;0;2.5;;
electric fireplace insert vs gas;https://fireplacesutah.com/breaking-gas-vs-electric-fireplaces/;0;1;0;100;;
electric fireplace inserts near me;https://fireplacesutah.com/;0;3;0;14;;
electric fireplace inserts near me;https://fireplacesutah.com/fireplace-design-installation-in-ogden-utah;0;1;0;10;;
electric fireplace inspection;https://fireplacesutah.com/five-signs-fireplace-needs-professional-service/;0;1;0;12;;
electric fireplace install near me;https://fireplacesutah.com/;0;1;0;10;;
electric fireplace install near me;https://fireplacesutah.com/electric-fireplaces/;0;1;0;1;;
electric fireplace installation (stand alone) by porch home services;https://fireplacesutah.com/electric-fireplaces/;0;4;0;93.25;;
electric fireplace installation near me;https://fireplacesutah.com/;0;3;0;9;;
electric fireplace installation near me;https://fireplacesutah.com/fireplace-design-installation-in-ogden-utah;0;2;0;31.5;;
electric fireplace installation near me;https://fireplacesutah.com/layton-utah-fireplace-contractor/;0;3;0;8;;
electric fireplace installation utah;https://fireplacesutah.com/;0;4;0;4.5;;
electric fireplace installation utah;https://fireplacesutah.com/build-your-fireplace/;0;2;0;4;;
electric fireplace installation utah;https://fireplacesutah.com/electric-fireplaces/;0;3;0;44;;
electric fireplace installation utah;https://fireplacesutah.com/fireplace-repair-service/;0;1;0;85;;
electric fireplace installation utah;https://fireplacesutah.com/fireplace-services-in-bluffdale-utah/;0;3;0;25;;
electric fireplace installation utah;https://fireplacesutah.com/fireplace-services-in-farmington-utah/;0;3;0;48.333.333.333.333.300;;
electric fireplace installation utah;https://fireplacesutah.com/layton-utah-fireplace-contractor/;0;1;0;21;;
electric fireplace installation utah;https://fireplacesutah.com/products/;0;2;0;4;;
electric fireplace installation utah;https://fireplacesutah.com/reviews/;0;2;0;4;;
electric fireplace installation utah;https://fireplacesutah.com/specials/;0;2;0;4;;
electric fireplace installations;https://fireplacesutah.com/electric-fireplaces/;0;1;0;84;;
electric fireplace installer;https://fireplacesutah.com/electric-fireplaces/;0;1;0;70;;
electric fireplace installer near me;https://fireplacesutah.com/fireplace-design-installation-in-ogden-utah;0;4;0;38.25;;
electric fireplace installers;https://fireplacesutah.com/electric-fireplaces/;0;4;0;71.75;;
electric fireplace installers near me;https://fireplacesutah.com/layton-utah-fireplace-contractor/;0;1;0;4;;
electric fireplace logs;https://fireplacesutah.com/basics-electric-fireplace-logs/;0;107;0;3.234.579.439.252.330;;
electric fireplace logs without heat;https://fireplacesutah.com/basics-electric-fireplace-logs/;0;1;0;55;;
electric fireplace maintenance;https://fireplacesutah.com/fireplace-repair-service/;0;3;0;78;;
electric fireplace maintenance near me;https://fireplacesutah.com/;0;1;0;11;;
electric fireplace maintenance near me;https://fireplacesutah.com/fireplace-repair-service/;0;1;0;4;;
electric fireplace maintenance near me;https://fireplacesutah.com/fireplace-services-in-bluffdale-utah/;0;2;0;22.5;;
electric fireplace maintenance near me;https://fireplacesutah.com/layton-utah-fireplace-contractor/;0;1;0;6;;
electric fireplace making noise;https://fireplacesutah.com/five-signs-fireplace-needs-professional-service/;0;3;0;1;;
electric fireplace manual;https://fireplacesutah.com/five-signs-fireplace-needs-professional-service/;0;1;0;3;;
electric fireplace murray ut;https://fireplacesutah.com/;0;7;0;4.571.428.571.428.570;;
electric fireplace murray ut;https://fireplacesutah.com/electric-fireplaces/;0;8;0;18.875;;
electric fireplace murray ut;https://fireplacesutah.com/fireplace-repair-service/;0;2;0;34;;
electric fireplace murray ut;https://fireplacesutah.com/fireplace-services-in-bluffdale-utah/;0;1;0;50;;
electric fireplace murray ut;https://fireplacesutah.com/murray-utah-fireplaces-fire-pits-wood-stoves/;0;6;0;13.166.666.666.666.600;;
electric fireplace murray ut;https://fireplacesutah.com/showrooms/;0;1;0;45;;
electric fireplace noise when running;https://fireplacesutah.com/five-signs-fireplace-needs-professional-service/;0;1;0;1;;
electric fireplace not blowing heat;https://fireplacesutah.com/five-signs-fireplace-needs-professional-service/;0;1;0;1;;
electric fireplace not lighting;https://fireplacesutah.com/five-signs-fireplace-needs-professional-service/;0;1;0;1;;
electric fireplace parts near me;https://fireplacesutah.com/;0;1;0;1;;
electric fireplace parts replacement;https://fireplacesutah.com/five-signs-fireplace-needs-professional-service/;0;1;0;1;;
electric fireplace rattling noise;https://fireplacesutah.com/five-signs-fireplace-needs-professional-service/;0;2;0;1;;
electric fireplace repair;https://fireplacesutah.com/fireplace-services-in-bluffdale-utah/;0;1;0;9;;
electric fireplace repair near me;https://fireplacesutah.com/;0;13;0;8.846.153.846.153.840;;
electric fireplace repair near me;https://fireplacesutah.com/fireplace-design-installation-in-ogden-utah;0;3;0;6.666.666.666.666.660;;
electric fireplace repair near me;https://fireplacesutah.com/fireplace-repair-service/;0;23;0;2.626.086.956.521.730;;
electric fireplace repair near me;https://fireplacesutah.com/fireplace-services-in-bluffdale-utah/;0;45;0;4.548.888.888.888.880;;
electric fireplace repair near me;https://fireplacesutah.com/fireplace-services-in-bountiful-utah/;0;2;0;5;;
electric fireplace repair near me;https://fireplacesutah.com/fireplace-services-in-draper-utah/;0;2;0;4.5;;
electric fireplace repair near me;https://fireplacesutah.com/fireplace-services-in-roy-utah/;0;1;0;6;;
electric fireplace repair near me;https://fireplacesutah.com/fireplace-services-in-west-valley-city-utah/;0;1;0;5;;
electric fireplace repair service;https://fireplacesutah.com/fireplace-repair-service/;0;6;0;6.483.333.333.333.330;;
electric fireplace repair service near me;https://fireplacesutah.com/fireplace-repair-service/;0;6;0;16;;
electric fireplace repair service near me;https://fireplacesutah.com/fireplace-services-in-bluffdale-utah/;0;2;0;19;;
electric fireplace repair service near me;https://fireplacesutah.com/fireplace-services-in-roy-utah/;0;3;0;4;;
electric fireplace repair service near me;https://fireplacesutah.com/fireplace-services-in-south-jordan-utah/;0;1;0;6;;
electric fireplace repairman;https://fireplacesutah.com/fireplace-repair-service/;0;6;0;9.216.666.666.666.660;;
electric fireplace repairs;https://fireplacesutah.com/fireplace-repair-service/;0;5;0;64.8;;
electric fireplace repairs near me;https://fireplacesutah.com/fireplace-services-in-bluffdale-utah/;0;2;0;14.5;;
electric fireplace sales near me;https://fireplacesutah.com/;0;3;0;10.333.333.333.333.300;;
electric fireplace sandy;https://fireplacesutah.com/;0;25;0;5.16;;
electric fireplace sandy;https://fireplacesutah.com/electric-fireplaces/;0;1;0;19;;
electric fireplace sandy;https://fireplacesutah.com/sandy-utah-fireplace-contractor/;0;17;0;14.470.588.235.294.100;;
electric fireplace service;https://fireplacesutah.com/fireplace-repair-service/;0;6;0;35.5;;
electric fireplace service;https://fireplacesutah.com/fireplace-services-in-bluffdale-utah/;0;1;0;45;;
electric fireplace service;https://fireplacesutah.com/fireplace-services-in-south-jordan-utah/;0;1;0;10;;
electric fireplace service near me;https://fireplacesutah.com/fireplace-services-in-bluffdale-utah/;0;1;0;20;;
electric fireplace services;https://fireplacesutah.com/fireplace-services-in-bluffdale-utah/;0;1;0;57;;
electric fireplace services;https://fireplacesutah.com/fireplace-services-in-bountiful-utah/;0;1;0;60;;
electric fireplace services;https://fireplacesutah.com/fireplace-services-in-farmington-utah/;0;1;0;56;;
electric fireplace services;https://fireplacesutah.com/fireplace-services-in-south-jordan-utah/;0;1;0;65;;
electric fireplace servicing;https://fireplacesutah.com/fireplace-repair-service/;0;1;0;12;;
electric fireplace showroom near me;https://fireplacesutah.com/;0;1;0;10;;
electric fireplace smell;https://fireplacesutah.com/five-signs-fireplace-needs-professional-service/;0;21;0;17.619.047.619.047.600;;
electric fireplace smells;https://fireplacesutah.com/five-signs-fireplace-needs-professional-service/;0;13;0;11.538.461.538.461.500;;
electric fireplace smells like burning;https://fireplacesutah.com/five-signs-fireplace-needs-professional-service/;0;41;0;1;;
electric fireplace smells like burning dust;https://fireplacesutah.com/five-signs-fireplace-needs-professional-service/;0;51;0;2;;
electric fireplace smells like gas;https://fireplacesutah.com/five-signs-fireplace-needs-professional-service/;0;7;0;27.142.857.142.857.100;;
electric fireplace south salt lake city;https://fireplacesutah.com/;0;2;0;19.5;;
electric fireplace south salt lake city;https://fireplacesutah.com/electric-fireplaces/;0;9;0;10.555.555.555.555.500;;
electric fireplace south salt lake city ut;https://fireplacesutah.com/;0;9;0;12.222.222.222.222.200;;
electric fireplace south salt lake city ut;https://fireplacesutah.com/electric-fireplaces/;0;9;0;9.555.555.555.555.550;;
electric fireplace south salt lake city ut;https://fireplacesutah.com/fireplace-repair-service/;0;2;0;33;;
electric fireplace south salt lake city ut;https://fireplacesutah.com/indoor-outdoor-fireplaces-in-salt-lake-city-utah/;0;5;0;29.6;;
electric fireplace south salt lake city ut;https://fireplacesutah.com/showrooms/;0;2;0;45;;
electric fireplace store;https://fireplacesutah.com/;0;1;0;12;;
electric fireplace store near me;https://fireplacesutah.com/;0;3;0;10;;
electric fireplace stores;https://fireplacesutah.com/;0;3;0;4.333.333.333.333.330;;
electric fireplace stores in my area;https://fireplacesutah.com/;0;1;0;9;;
electric fireplace stores near me;https://fireplacesutah.com/;0;9;0;1.111.111.111.111.110;;
electric fireplace stores near me within 20 mi;https://fireplacesutah.com/;0;2;0;11;;
electric fireplace technician;https://fireplacesutah.com/fireplace-repair-service/;0;4;0;42.5;;
electric fireplace technician near me;https://fireplacesutah.com/fireplace-services-in-bluffdale-utah/;0;1;0;15;;
electric fireplace that makes crackling sound;https://fireplacesutah.com/five-signs-fireplace-needs-professional-service/;0;1;0;2;;
electric fireplace turns off by itself;https://fireplacesutah.com/five-signs-fireplace-needs-professional-service/;0;1;0;1;;
electric fireplace utah;https://fireplacesutah.com/;0;18;0;9.555.555.555.555.550;;
electric fireplace utah;https://fireplacesutah.com/basics-electric-fireplace-logs/;0;8;0;30.375;;
electric fireplace utah;https://fireplacesutah.com/build-your-fireplace/;0;14;0;10.142.857.142.857.100;;
electric fireplace utah;https://fireplacesutah.com/electric-fireplaces/;0;11;0;3.972.727.272.727.270;;
electric fireplace utah;https://fireplacesutah.com/fireplace-repair-service/;0;1;0;58;;
electric fireplace utah;https://fireplacesutah.com/fireplace-services-in-farmington-utah/;0;7;0;7.385.714.285.714.280;;
electric fireplace utah;https://fireplacesutah.com/gallery/;0;4;0;12;;
electric fireplace utah;https://fireplacesutah.com/products/;0;14;0;10.142.857.142.857.100;;
electric fireplace utah;https://fireplacesutah.com/reviews/;0;14;0;10.142.857.142.857.100;;
electric fireplace utah;https://fireplacesutah.com/showrooms/;0;4;0;12;;
electric fireplace utah;https://fireplacesutah.com/specials/;0;14;0;10.142.857.142.857.100;;
electric fireplace utah;https://fireplacesutah.com/videos/;0;4;0;12;;
electric fireplace vs gas;https://fireplacesutah.com/breaking-gas-vs-electric-fireplaces/;0;1;0;97;;
electric fireplace vs gas fireplace;https://fireplacesutah.com/breaking-gas-vs-electric-fireplaces/;0;12;0;63.916.666.666.666.600;;
electric fireplace vs gas fireplace cost;https://fireplacesutah.com/breaking-gas-vs-electric-fireplaces/;0;1;0;1;;
electric fireplace vs propane;https://fireplacesutah.com/breaking-gas-vs-electric-fireplaces/;0;10;0;15.1;;
electric fireplace vs wood;https://fireplacesutah.com/breaking-gas-vs-electric-fireplaces/;0;39;0;38.974.358.974.358.900;;
electric fireplace vs wood fireplace;https://fireplacesutah.com/breaking-gas-vs-electric-fireplaces/;0;8;0;24.625;;
electric fireplace with crackling sound;https://fireplacesutah.com/five-signs-fireplace-needs-professional-service/;0;1;0;1;;
electric fireplace wood logs;https://fireplacesutah.com/basics-electric-fireplace-logs/;0;1;0;33;;
electric fireplaces bountiful;https://fireplacesutah.com/;0;14;0;6.285.714.285.714.280;;
electric fireplaces bountiful;https://fireplacesutah.com/electric-fireplaces/;0;12;0;19.666.666.666.666.600;;
electric fireplaces bountiful;https://fireplacesutah.com/fireplace-services-in-bountiful-utah/;0;14;0;18.214.285.714.285.700;;
electric fireplaces bountiful;https://fireplacesutah.com/layton-utah-fireplace-contractor/;0;7;0;34;;
electric fireplaces for apartments;https://fireplacesutah.com/fireplace-installation-guide/;0;2;0;2;;
electric fireplaces near me;https://fireplacesutah.com/;0;1;0;10;;
electric fireplaces vs gas;https://fireplacesutah.com/breaking-gas-vs-electric-fireplaces/;0;3;0;57.333.333.333.333.300;;
electric fireplaces with logs;https://fireplacesutah.com/basics-electric-fireplace-logs/;0;2;0;70.5;;
electric fires log effect;https://fireplacesutah.com/basics-electric-fireplace-logs/;0;1;0;3;;
electric gas fireplace repair;https://fireplacesutah.com/fireplace-repair-service/;0;1;0;70;;
electric gas fireplace repair near me;https://fireplacesutah.com/fireplace-repair-service/;0;3;0;16.666.666.666.666.600;;
electric gas fireplace repair near me;https://fireplacesutah.com/fireplace-services-in-bluffdale-utah/;0;3;0;15.333.333.333.333.300;;
electric gas fireplace repair near me;https://fireplacesutah.com/fireplace-services-in-draper-utah/;0;1;0;4;;
electric gas fireplace repair near me;https://fireplacesutah.com/fireplace-services-in-riverton-utah/;0;1;0;4;;
electric heat logs;https://fireplacesutah.com/basics-electric-fireplace-logs/;0;1;0;46;;
electric heater fireplace logs;https://fireplacesutah.com/basics-electric-fireplace-logs/;0;1;0;75;;
electric heater logs for fireplace;https://fireplacesutah.com/basics-electric-fireplace-logs/;0;2;0;42.5;;
electric heating logs for fireplace;https://fireplacesutah.com/basics-electric-fireplace-logs/;0;3;0;38.666.666.666.666.600;;
electric log;https://fireplacesutah.com/basics-electric-fireplace-logs/;0;1;0;1;;
electric log for fireplace;https://fireplacesutah.com/basics-electric-fireplace-logs/;0;1;0;34;;
electric log inserts;https://fireplacesutah.com/basics-electric-fireplace-logs/;0;1;0;74;;
electric log sets for fireplaces;https://fireplacesutah.com/basics-electric-fireplace-logs/;0;9;0;4.677.777.777.777.770;;
electric logs;https://fireplacesutah.com/basics-electric-fireplace-logs/;0;283;0;28.137.809.187.279.100;;
electric logs fireplace;https://fireplacesutah.com/basics-electric-fireplace-logs/;0;1;0;45;;
electric logs fireplace insert;https://fireplacesutah.com/basics-electric-fireplace-logs/;0;2;0;85;;
electric logs for a fireplace;https://fireplacesutah.com/basics-electric-fireplace-logs/;0;4;0;47.75;;
electric logs for fireplace;https://fireplacesutah.com/basics-electric-fireplace-logs/;0;7;0;15.285.714.285.714.200;;
electric logs for fireplace insert;https://fireplacesutah.com/basics-electric-fireplace-logs/;0;1;0;41;;
electric logs for fireplace with heat;https://fireplacesutah.com/basics-electric-fireplace-logs/;0;3;0;33;;
electric logs for fireplaces;https://fireplacesutah.com/basics-electric-fireplace-logs/;0;1;0;38;;
electric logs for the fireplace;https://fireplacesutah.com/basics-electric-fireplace-logs/;0;1;0;30;;
electric logs no heat;https://fireplacesutah.com/basics-electric-fireplace-logs/;0;2;0;30;;
electric logs to put in fireplace;https://fireplacesutah.com/basics-electric-fireplace-logs/;0;1;0;37;;
electric or gas fireplace;https://fireplacesutah.com/breaking-gas-vs-electric-fireplaces/;0;4;0;73.75;;
electric versus gas fireplace;https://fireplacesutah.com/breaking-gas-vs-electric-fireplaces/;0;1;0;86;;
electric vs gas fireplace;https://fireplacesutah.com/breaking-gas-vs-electric-fireplaces/;0;98;0;6.422.448.979.591.830;;
electric vs gas fireplace insert;https://fireplacesutah.com/breaking-gas-vs-electric-fireplaces/;0;11;0;3.509.090.909.090.900;;
electric vs gas fireplaces;https://fireplacesutah.com/breaking-gas-vs-electric-fireplaces/;0;15;0;8.313.333.333.333.330;;
electric vs gas vs wood fireplace;https://fireplacesutah.com/breaking-gas-vs-electric-fireplaces/;0;2;0;1;;
electric vs propane fireplace;https://fireplacesutah.com/breaking-gas-vs-electric-fireplaces/;0;13;0;19.846.153.846.153.800;;
electric vs wood fireplace;https://fireplacesutah.com/breaking-gas-vs-electric-fireplaces/;0;13;0;1;;
electrical fireplace repair;https://fireplacesutah.com/fireplace-repair-service/;0;3;0;51.333.333.333.333.300;;
electrical logs;https://fireplacesutah.com/basics-electric-fireplace-logs/;0;6;0;21;;
electrical repair in riverton ut;https://fireplacesutah.com/fireplace-services-in-riverton-utah/;0;3;0;6.533.333.333.333.330;;
eletric fireplace logs;https://fireplacesutah.com/basics-electric-fireplace-logs/;0;1;0;3;;
empire gas fireplaces;https://fireplacesutah.com/gas-fireplace-lifespan-factors-blower-pilot-maintenance/;0;1;0;5;;
entertainment centre with fireplace;https://fireplacesutah.com/fireplace-installation-guide/;0;1;0;1;;
environmentally friendly fireplace;http://fireplacesutah.com/tips-for-an-environmentally-friendly-fireplace/;0;2;0;20;;
environmentally friendly fireplace;https://fireplacesutah.com/tips-for-an-environmentally-friendly-fireplace/;0;3;0;6.866.666.666.666.660;;
examples of non combustible materials;https://fireplacesutah.com/non-combustible-utah-fireplace-materials-basics-and-necessity/;0;5;0;27.6;;
excalibur gas fireplace;https://fireplacesutah.com/gas-fireplace-lifespan-factors-blower-pilot-maintenance/;0;1;0;8;;
expect fireplace;https://fireplacesutah.com/fireplace-installation-guide/;0;2;0;43.5;;
expert gas fireplace service & repair;https://fireplacesutah.com/fireplace-repair-service/;0;3;0;8.533.333.333.333.330;;
exterior design contractor west valley city ut;https://fireplacesutah.com/fireplace-services-in-west-valley-city-utah/;0;3;0;43.666.666.666.666.600;;
exterior maintenance west valley city ut;https://fireplacesutah.com/fireplace-services-in-west-valley-city-utah/;0;4;0;27.75;;
external fireplace blower;https://fireplacesutah.com/fireplace-blowers-answering-common-questions/;0;35;0;53.428.571.428.571.400;;
f 500 v3 oslo;https://fireplacesutah.com/product/jotul-f-500-v3-oslo/;0;13;0;14;;
f 500 v3 oslo price;https://fireplacesutah.com/product/jotul-f-500-v3-oslo/;0;1;0;67;;
fan blower for fireplace;https://fireplacesutah.com/fireplace-blowers-answering-common-questions/;0;14;0;1;;
fan for above fireplace;https://fireplacesutah.com/fireplace-blowers-answering-common-questions/;0;1;0;1;;
fan for built in fireplace;https://fireplacesutah.com/fireplace-blowers-answering-common-questions/;0;1;0;1;;
fan for fireplace;https://fireplacesutah.com/fireplace-blowers-answering-common-questions/;0;1;0;1;;
fan for fireplace hearth;https://fireplacesutah.com/fireplace-blowers-basics-and-how-they-work/;0;1;0;3;;
fan for fireplace insert;https://fireplacesutah.com/fireplace-blowers-answering-common-questions/;0;1;0;1;;
fan for fireplace insert;https://fireplacesutah.com/fireplace-blowers-basics-and-how-they-work/;0;2;0;1;;
fan for in front of fireplace;https://fireplacesutah.com/fireplace-blowers-basics-and-how-they-work/;0;1;0;5;;
fan on fireplace purpose;https://fireplacesutah.com/fireplace-blowers-basics-and-how-they-work/;0;4;0;1;;
farmington fireplace;https://fireplacesutah.com/fireplace-services-in-farmington-utah/;0;9;0;35.888.888.888.888.800;;
ff-80;https://fireplacesutah.com/wp-content/uploads/2019/10/specs-FF80.pdf;0;1;0;10;;
fire air blower;https://fireplacesutah.com/fireplace-blowers-answering-common-questions/;0;1;0;1;;
fire and hearth store near me;https://fireplacesutah.com/showrooms/;0;1;0;5;;
fire baby reviews;https://fireplacesutah.com/basic-tips-on-how-to-baby-proof-your-fireplace-area/;0;1;0;9;;
fire blower;https://fireplacesutah.com/fireplace-blowers-answering-common-questions/;0;10;0;1.2;;
fire blower;https://fireplacesutah.com/fireplace-blowers-basics-and-how-they-work/;0;1;0;1;;
fire blower fan;https://fireplacesutah.com/fireplace-blowers-answering-common-questions/;0;1;0;1;;
fire blower thing;https://fireplacesutah.com/fireplace-blowers-answering-common-questions/;0;24;0;1.25;;
fire box;https://fireplacesutah.com/slc-gas-fireplace-lifespan-factors-firebox-size-liner/;0;1;0;4;;
fire damage restoration service cottonwood heights city ut;https://fireplacesutah.com/fireplace-services-in-cottonwood-heights-utah/;0;4;0;50;;
fire door company near me;https://fireplacesutah.com/fireplace-design-installation-in-ogden-utah;0;5;0;37.4;;
fire door company near me;https://fireplacesutah.com/fireplace-design-installation-in-ogden-utah/;0;6;0;35.5;;
fire door installation companies near me;https://fireplacesutah.com/fireplace-design-installation-in-ogden-utah;0;6;0;28.166.666.666.666.600;;
fire door installation companies near me;https://fireplacesutah.com/fireplace-design-installation-in-ogden-utah/;0;6;0;33;;
fire door installation near me;https://fireplacesutah.com/fireplace-design-installation-in-ogden-utah;0;9;0;30.666.666.666.666.600;;
fire door installation near me;https://fireplacesutah.com/fireplace-design-installation-in-ogden-utah/;0;9;0;34;;
fire door installers near me;https://fireplacesutah.com/fireplace-design-installation-in-ogden-utah;0;7;0;31;;
fire door installers near me;https://fireplacesutah.com/fireplace-design-installation-in-ogden-utah/;0;7;0;31.714.285.714.285.700;;
fire gate safety;https://fireplacesutah.com/basic-tips-on-how-to-baby-proof-your-fireplace-area/;0;1;0;2;;
fire guard baby proof;https://fireplacesutah.com/basic-tips-on-how-to-baby-proof-your-fireplace-area/;0;6;0;4.666.666.666.666.660;;
fire hearth baby proofing;https://fireplacesutah.com/basic-tips-on-how-to-baby-proof-your-fireplace-area/;0;4;0;2.75;;
fire installation;https://fireplacesutah.com/;0;3;0;36.666.666.666.666.600;;
fire installation;https://fireplacesutah.com/fireplace-installation-guide/;0;6;0;17.166.666.666.666.600;;
fire key;https://fireplacesutah.com/easy-steps-to-start-a-gas-fireplace/;0;1;0;1;;
fire logs electric;https://fireplacesutah.com/basics-electric-fireplace-logs/;0;2;0;32.5;;
fire logs nearby;https://fireplacesutah.com/log-sets/;0;1;0;39;;
fire pit companies near me;https://fireplacesutah.com/herriman-utah-fireplace-design-installation-repair/;0;1;0;8;;
fire pit contractors herriman ut;https://fireplacesutah.com/custom-fireplace-design-installation-in-west-jordan-utah/;0;5;0;17.4;;
fire pit contractors herriman ut;https://fireplacesutah.com/fireplaces-fire-pits-wood-stoves-in-park-city-utah/;0;2;0;64.5;;
fire pit contractors herriman ut;https://fireplacesutah.com/herriman-utah-fireplace-design-installation-repair/;0;7;0;3.142.857.142.857.140;;
fire pit contractors herriman ut;https://fireplacesutah.com/sandy-utah-fireplace-contractor/;0;2;0;25;;
fire pit firewood;https://fireplacesutah.com/fire-pit-use-tips-firewood-and-tinder-considerations/;0;1;0;60;;
fire pit installation morgan hill;https://fireplacesutah.com/fireplace-design-installation-in-morgan-utah/;0;3;0;92;;
fire pit installation near me;https://fireplacesutah.com/sandy-utah-fireplace-contractor/;0;1;0;7;;
fire pit installation utah;https://fireplacesutah.com/custom-fireplace-design-installation-in-west-jordan-utah/;0;102;0;2.434.313.725.490.190;;
fire pit installation utah;https://fireplacesutah.com/fireplace-design-installation-in-morgan-utah/;0;55;0;5.427.272.727.272.720;;
fire pit installation utah;https://fireplacesutah.com/fireplaces-fire-pits-wood-stoves-in-park-city-utah/;0;84;0;6.745.238.095.238.090;;
fire pit installation utah;https://fireplacesutah.com/indoor-outdoor-fireplaces-in-salt-lake-city-utah/;0;12;0;7.308.333.333.333.330;;
fire pit installation utah;https://fireplacesutah.com/sandy-utah-fireplace-contractor/;0;99;0;4.062.626.262.626.260;;
fire pit park city ut;https://fireplacesutah.com/fireplaces-fire-pits-wood-stoves-in-park-city-utah/;0;129;0;112.015.503.875.969;;
fire pit places near me;https://fireplacesutah.com/murray-utah-fireplaces-fire-pits-wood-stoves/;0;1;0;2;;
fire pit repair near me;https://fireplacesutah.com/fireplace-services-in-bluffdale-utah/;0;1;0;24;;
fire pit repairs near me;https://fireplacesutah.com/sandy-utah-fireplace-contractor/;0;2;0;7;;
fire pit store near me;https://fireplacesutah.com/custom-fireplace-design-installation-in-west-jordan-utah/;0;1;0;7;;
fire pit tips;https://fireplacesutah.com/fire-pit-use-tips-igniting-and-putting-out-wood-fires/;0;57;0;8.324.561.403.508.770;;
fire pits utah;https://fireplacesutah.com/indoor-outdoor-fireplaces-in-salt-lake-city-utah/;0;6;0;91.5;;
fire pkaces;https://fireplacesutah.com/;0;1;0;6;;
fire place;https://fireplacesutah.com/;0;1;0;8;;
fire place;https://fireplacesutah.com/understanding-meaning-and-importance-of-fireplace-btus/;0;1;0;5;;
fire place blower;https://fireplacesutah.com/fireplace-blowers-answering-common-questions/;0;107;0;1;;
fire place blower;https://fireplacesutah.com/fireplace-blowers-basics-and-how-they-work/;0;3;0;6.333.333.333.333.330;;
fire place blower fan;https://fireplacesutah.com/fireplace-blowers-answering-common-questions/;0;4;0;1;;
fire place blower motor;https://fireplacesutah.com/fireplace-blowers-answering-common-questions/;0;2;0;1;;
fire place bricks;https://fireplacesutah.com/how-to-clean-fireplace-brick-initial-steps/;0;1;0;1;;
fire place btu;https://fireplacesutah.com/understanding-meaning-and-importance-of-fireplace-btus/;0;26;0;3.423.076.923.076.920;;
fire place companies;https://fireplacesutah.com/layton-utah-fireplace-contractor/;0;1;0;10;;
fire place companies near me;https://fireplacesutah.com/;0;1;0;1;;
fire place experts;https://fireplacesutah.com/;0;1;0;2;;
fire place experts;https://fireplacesutah.com/fireplace-repair-service/;0;1;0;1;;
fire place fan;https://fireplacesutah.com/fireplace-blowers-answering-common-questions/;0;2;0;1;;
fire place fix;https://fireplacesutah.com/;0;1;0;8;;
fire place fix;https://fireplacesutah.com/fireplaces-fire-pits-wood-stoves-in-park-city-utah/;0;1;0;5;;
fire place frame;https://fireplacesutah.com/fireplace-installation-terms-finishing-flue-hearth-mantel/;0;1;0;4;;
fire place guy;https://fireplacesutah.com/fireplace-blowers-answering-common-questions/;0;1;0;1;;
fire place install;https://fireplacesutah.com/fireplace-installation-guide/;0;2;0;9;;
fire place installation;https://fireplacesutah.com/;0;2;0;8;;
fire place installation;https://fireplacesutah.com/electric-fireplaces/;0;1;0;7;;
fire place installation;https://fireplacesutah.com/fireplace-installation-guide/;0;1;0;92;;
fire place installation;https://fireplacesutah.com/fireplace-installation-terms-chase-clearances-cool-wall/;0;2;0;40;;
fire place installer;https://fireplacesutah.com/;0;1;0;8;;
fire place installers;https://fireplacesutah.com/fireplace-design-installation-in-ogden-utah/;0;1;0;5;;
fire place meaning;https://fireplacesutah.com/understanding-meaning-and-importance-of-fireplace-btus/;0;184;0;5.760.869.565.217.390;;
fire place repair;https://fireplacesutah.com/fireplace-repair-service/;0;16;0;8.375;;
fire place repair;https://fireplacesutah.com/fireplace-services-in-bluffdale-utah/;0;1;0;2;;
fire place repair;https://fireplacesutah.com/fireplace-services-in-south-jordan-utah/;0;2;0;2;;
fire place repair;https://fireplacesutah.com/fireplace-services-in-west-valley-city-utah/;0;1;0;2;;
fire place repair near me;https://fireplacesutah.com/;0;1;0;10;;
fire place repair near me;https://fireplacesutah.com/fireplace-repair-service/;0;1;0;6;;
fire place repairs;https://fireplacesutah.com/fireplace-repair-service/;0;2;0;5.5;;
fire place service;https://fireplacesutah.com/;0;1;0;6;;
fire place service;https://fireplacesutah.com/fireplace-repair-service/;0;1;0;13;;
fire place service;https://fireplacesutah.com/fireplace-services-in-bountiful-utah/;0;1;0;4;;
fire place store;https://fireplacesutah.com/;0;1;0;11;;
fire place store;https://fireplacesutah.com/showrooms/;0;1;0;6;;
fire place store near me;https://fireplacesutah.com/;0;1;0;9;;
fire place store near me;https://fireplacesutah.com/herriman-utah-fireplace-design-installation-repair/;0;1;0;8;;
fire place stores;https://fireplacesutah.com/;0;3;0;10.333.333.333.333.300;;
fire place stores near me;https://fireplacesutah.com/;0;2;0;8;;
fire place tech;https://fireplacesutah.com/;0;1;0;1;;
fire places;https://fireplacesutah.com/fireplace-blowers-basics-and-how-they-work/;0;1;0;1;;
fire protection solutions ogden ut;https://fireplacesutah.com/fireplace-design-installation-in-ogden-utah/;0;3;0;18.333.333.333.333.300;;
fire repair near me;https://fireplacesutah.com/fireplace-design-installation-in-ogden-utah/;0;1;0;7;;
fire safe drywall;https://fireplacesutah.com/non-combustible-utah-fireplace-materials-basics-and-necessity/;0;1;0;16;;
fire shops;https://fireplacesutah.com/;0;1;0;6;;
fire starter;https://fireplacesutah.com/fire-pit-use-tips-igniting-and-putting-out-wood-fires/;0;2;0;1;;
fire stores near me;https://fireplacesutah.com/fireplace-design-installation-in-ogden-utah;0;2;0;12;;
fire stove fan;https://fireplacesutah.com/fireplace-blowers-basics-and-how-they-work/;0;1;0;2;;
fire stove vs electric;https://fireplacesutah.com/breaking-gas-vs-electric-fireplaces/;0;2;0;1;;
firebox blower;https://fireplacesutah.com/fireplace-blowers-answering-common-questions/;0;5;0;1;;
firepit installation herriman ut;https://fireplacesutah.com/custom-fireplace-design-installation-in-west-jordan-utah/;0;3;0;20;;
firepit installation herriman ut;https://fireplacesutah.com/fireplace-design-installation-in-morgan-utah/;0;1;0;49;;
firepit installation herriman ut;https://fireplacesutah.com/fireplace-services-in-bluffdale-utah/;0;1;0;29;;
firepit installation herriman ut;https://fireplacesutah.com/fireplaces-fire-pits-wood-stoves-in-park-city-utah/;0;1;0;76;;
firepit installation herriman ut;https://fireplacesutah.com/herriman-utah-fireplace-design-installation-repair/;0;5;0;3.6;;
firepit installation herriman ut;https://fireplacesutah.com/sandy-utah-fireplace-contractor/;0;1;0;36;;
firepits near me;https://fireplacesutah.com/layton-utah-fireplace-contractor/;0;1;0;2;;
firepits park city ut;https://fireplacesutah.com/fireplaces-fire-pits-wood-stoves-in-park-city-utah/;0;85;0;11.152.941.176.470.500;;
fireplace;https://fireplacesutah.com/;0;1;0;2;;
fireplace;https://fireplacesutah.com/fireplace-installation-guide/;0;3;0;33.333.333.333.333.300;;
fireplace;https://fireplacesutah.com/understanding-meaning-and-importance-of-fireplace-btus/;0;66;0;4.045.454.545.454.540;;
fireplace accessories store near me;https://fireplacesutah.com/layton-utah-fireplace-contractor/;0;1;0;9;;
fireplace accordion blower;https://fireplacesutah.com/fireplace-blowers-answering-common-questions/;0;2;0;1;;
fireplace air blower;https://fireplacesutah.com/fireplace-blowers-basics-and-how-they-work/;0;2;0;2.5;;
fireplace air blower name;https://fireplacesutah.com/fireplace-blowers-answering-common-questions/;0;1;0;14;;
fireplace air blower name;https://fireplacesutah.com/fireplace-blowers-basics-and-how-they-work/;0;22;0;8.318.181.818.181.810;;
fireplace air pump;https://fireplacesutah.com/fireplace-blowers-answering-common-questions/;0;1;0;4;;
fireplace air purifier;https://fireplacesutah.com/avoiding-fireplace-odors-vinegar-charcoal-inspection/;0;1;0;74;;
fireplace and babies;https://fireplacesutah.com/basic-tips-on-how-to-baby-proof-your-fireplace-area/;0;6;0;8.5;;
fireplace and bbq stores near me;https://fireplacesutah.com/showrooms/;0;1;0;6;;
fireplace and furnace service;https://fireplacesutah.com/;0;1;0;13;;
fireplace and furnace service;https://fireplacesutah.com/fireplace-repair-service/;0;3;0;4.666.666.666.666.660;;
fireplace and patio;https://fireplacesutah.com/;0;2;0;15.5;;
fireplace and patio store near me;https://fireplacesutah.com/;0;1;0;9;;
fireplace and stove showroom;https://fireplacesutah.com/;0;110;0;13.581.818.181.818.100;;
fireplace and stoves;https://fireplacesutah.com/;0;1;0;36;;
fireplace baby;https://fireplacesutah.com/basic-tips-on-how-to-baby-proof-your-fireplace-area/;0;6;0;28.333.333.333.333.300;;
fireplace baby proof;https://fireplacesutah.com/basic-tips-on-how-to-baby-proof-your-fireplace-area/;0;6;0;21.5;;
fireplace baby proofing;https://fireplacesutah.com/basic-tips-on-how-to-baby-proof-your-fireplace-area/;0;4;0;23.5;;
fireplace baby safety;https://fireplacesutah.com/basic-tips-on-how-to-baby-proof-your-fireplace-area/;0;5;0;13.2;;
fireplace baby safety gate;https://fireplacesutah.com/basic-tips-on-how-to-baby-proof-your-fireplace-area/;0;2;0;33.5;;
fireplace babyproofing;https://fireplacesutah.com/basic-tips-on-how-to-baby-proof-your-fireplace-area/;0;3;0;29.666.666.666.666.600;;
fireplace backsplash installation near me;https://fireplacesutah.com/;0;1;0;44;;
fireplace backsplash installation near me;https://fireplacesutah.com/fireplace-design-installation-in-ogden-utah;0;9;0;6.888.888.888.888.880;;
fireplace backsplash installation near me;https://fireplacesutah.com/fireplace-design-installation-in-ogden-utah/;0;2;0;8.5;;
fireplace backsplash installation near me;https://fireplacesutah.com/layton-utah-fireplace-contractor/;0;15;0;17.4;;
fireplace bellows;https://fireplacesutah.com/fireplace-blowers-basics-and-how-they-work/;0;1;0;14;;
fireplace blower;https://fireplacesutah.com/fireplace-blowers-answering-common-questions/;0;1334;0;10.014.992.503.748.100;;
fireplace blower;https://fireplacesutah.com/fireplace-blowers-basics-and-how-they-work/;0;9;0;4.444.444.444.444.440;;
fireplace blower amazon;https://fireplacesutah.com/fireplace-blowers-basics-and-how-they-work/;0;1;0;4;;
fireplace blower fan;https://fireplacesutah.com/fireplace-blowers-answering-common-questions/;0;493;0;1;;
fireplace blower fan;https://fireplacesutah.com/fireplace-blowers-basics-and-how-they-work/;0;4;0;3;;
fireplace blower fans;https://fireplacesutah.com/fireplace-blowers-answering-common-questions/;0;4;0;1;;
fireplace blower for wood burning;https://fireplacesutah.com/fireplace-blowers-answering-common-questions/;0;1;0;1;;
fireplace blower for wood burning fireplace;https://fireplacesutah.com/fireplace-blowers-answering-common-questions/;0;66;0;1;;
fireplace blower for wood burning fireplace;https://fireplacesutah.com/fireplace-blowers-basics-and-how-they-work/;0;1;0;3;;
fireplace blower for wood fireplace;https://fireplacesutah.com/fireplace-blowers-answering-common-questions/;0;1;0;1;;
fireplace blower installation cost;https://fireplacesutah.com/fireplace-blowers-answering-common-questions/;0;1;0;1;;
fireplace blower installation near me;https://fireplacesutah.com/;0;2;0;8;;
fireplace blower installation near me;https://fireplacesutah.com/differences-vented-vent-free-fireplaces/;0;1;0;2;;
fireplace blower installation near me;https://fireplacesutah.com/fireplace-blowers-answering-common-questions/;0;1;0;2;;
fireplace blower installation near me;https://fireplacesutah.com/fireplace-blowers-basics-and-how-they-work/;0;1;0;2;;
fireplace blower maintenance;https://fireplacesutah.com/gas-fireplace-lifespan-factors-blower-pilot-maintenance/;0;6;0;5.166.666.666.666.660;;
fireplace blower motor;https://fireplacesutah.com/fireplace-blowers-answering-common-questions/;0;52;0;1;;
fireplace blower motors;https://fireplacesutah.com/fireplace-blowers-answering-common-questions/;0;11;0;1;;
fireplace blower outlet reviews;https://fireplacesutah.com/fireplace-blowers-answering-common-questions/;0;9;0;17.777.777.777.777.700;;
fireplace blower quiet;https://fireplacesutah.com/fireplace-blowers-answering-common-questions/;0;2;0;1.5;;
fireplace blower rack;https://fireplacesutah.com/fireplace-blowers-answering-common-questions/;0;1;0;3;;
fireplace blower system;https://fireplacesutah.com/fireplace-blowers-answering-common-questions/;0;1;0;1;;
fireplace blower thing;https://fireplacesutah.com/fireplace-blowers-basics-and-how-they-work/;0;2;0;2;;
fireplace blower tubes;https://fireplacesutah.com/fireplace-blowers-answering-common-questions/;0;1;0;1;;
fireplace blower wood burning;https://fireplacesutah.com/fireplace-blowers-answering-common-questions/;0;1;0;46;;
fireplace blowers;https://fireplacesutah.com/fireplace-blowers-answering-common-questions/;0;4;0;33.75;;
fireplace blowers;https://fireplacesutah.com/fireplace-blowers-basics-and-how-they-work/;0;5;0;31.4;;
fireplace blowers for gas logs;https://fireplacesutah.com/fireplace-blowers-answering-common-questions/;0;1;0;49;;
fireplace blowers for gas logs;https://fireplacesutah.com/fireplace-blowers-basics-and-how-they-work/;0;1;0;22;;
fireplace blowers for wood burning fireplaces;https://fireplacesutah.com/fireplace-blowers-answering-common-questions/;0;3;0;1;;
fireplace blowers for wood burning fireplaces;https://fireplacesutah.com/fireplace-blowers-basics-and-how-they-work/;0;3;0;49;;
fireplace blowers online reviews;https://fireplacesutah.com/fireplace-blowers-answering-common-questions/;0;12;0;1;;
fireplace blowers.com;https://fireplacesutah.com/fireplace-blowers-answering-common-questions/;0;3;0;13.666.666.666.666.600;;
fireplace blowers.com;https://fireplacesutah.com/fireplace-blowers-basics-and-how-they-work/;0;1;0;51;;
fireplace booster fan;https://fireplacesutah.com/fireplace-blowers-answering-common-questions/;0;1;0;2;;
fireplace bountiful;https://fireplacesutah.com/;0;14;0;8.428.571.428.571.420;;
fireplace bountiful;https://fireplacesutah.com/fireplace-services-in-bountiful-utah/;0;16;0;10.875;;
fireplace bountiful;https://fireplacesutah.com/layton-utah-fireplace-contractor/;0;9;0;3.122.222.222.222.220;;
fireplace box sizes;https://fireplacesutah.com/slc-gas-fireplace-lifespan-factors-firebox-size-liner/;0;1;0;100;;
fireplace brick cleaner;https://fireplacesutah.com/how-to-clean-fireplace-brick-completing-the-job/;0;20;0;66.15;;
fireplace brick cleaner;https://fireplacesutah.com/how-to-clean-fireplace-brick-initial-steps/;0;31;0;5.274.193.548.387.090;;
fireplace brick cleaning;https://fireplacesutah.com/how-to-clean-fireplace-brick-completing-the-job/;0;7;0;8.042.857.142.857.140;;
fireplace brick cleaning;https://fireplacesutah.com/how-to-clean-fireplace-brick-initial-steps/;0;7;0;51;;
fireplace brick cleaning services;https://fireplacesutah.com/how-to-clean-fireplace-brick-completing-the-job/;0;1;0;34;;
fireplace brick cleaning services;https://fireplacesutah.com/how-to-clean-fireplace-brick-initial-steps/;0;1;0;45;;
fireplace brick cover baby;https://fireplacesutah.com/basic-tips-on-how-to-baby-proof-your-fireplace-area/;0;2;0;2;;
fireplace btu;https://fireplacesutah.com/understanding-meaning-and-importance-of-fireplace-btus/;0;126;0;5.007.936.507.936.500;;
fireplace btu calculator;https://fireplacesutah.com/understanding-meaning-and-importance-of-fireplace-btus/;0;3;0;27.666.666.666.666.600;;
fireplace btu load;https://fireplacesutah.com/understanding-meaning-and-importance-of-fireplace-btus/;0;3;0;10;;
fireplace btu output;https://fireplacesutah.com/understanding-meaning-and-importance-of-fireplace-btus/;0;1;0;1;;
fireplace btu rating;https://fireplacesutah.com/understanding-meaning-and-importance-of-fireplace-btus/;0;65;0;9.723.076.923.076.920;;
fireplace btus;https://fireplacesutah.com/fireplace-size-variables-prior-space-btus-room-size/;0;2;0;36.5;;
fireplace btus;https://fireplacesutah.com/understanding-meaning-and-importance-of-fireplace-btus/;0;47;0;6.574.468.085.106.380;;
fireplace builder;https://fireplacesutah.com/indoor-outdoor-fireplaces-in-salt-lake-city-utah/;0;2;0;4;;
fireplace builder near me;https://fireplacesutah.com/fireplace-design-installation-in-ogden-utah;0;2;0;58;;
fireplace builder near me;https://fireplacesutah.com/fireplace-design-installation-in-ogden-utah/;0;1;0;99;;
fireplace builders near me;https://fireplacesutah.com/fireplace-design-installation-in-ogden-utah;0;1;0;92;;
fireplace business near me;https://fireplacesutah.com/fireplace-services-in-south-jordan-utah/;0;1;0;7;;
fireplace chase;https://fireplacesutah.com/fireplace-installation-terms-chase-clearances-cool-wall/;0;10;0;3.7;;
fireplace chase framing;https://fireplacesutah.com/fireplace-installation-terms-chase-clearances-cool-wall/;0;5;0;1;;
fireplace chase ideas;https://fireplacesutah.com/fireplace-installation-terms-chase-clearances-cool-wall/;0;27;0;16.296.296.296.296.200;;
fireplace check up;https://fireplacesutah.com/five-signs-fireplace-needs-professional-service/;0;1;0;1;;
fireplace child proof;https://fireplacesutah.com/basic-tips-on-how-to-baby-proof-your-fireplace-area/;0;4;0;28.75;;
fireplace childproofing;https://fireplacesutah.com/basic-tips-on-how-to-baby-proof-your-fireplace-area/;0;7;0;27.142.857.142.857.100;;
fireplace cleaning battery park city;https://fireplacesutah.com/fireplace-blowers-answering-common-questions/;0;18;0;3.233.333.333.333.330;;
fireplace cleaning five points;https://fireplacesutah.com/five-signs-fireplace-needs-professional-service/;0;15;0;4.793.333.333.333.330;;
fireplace clearances;https://fireplacesutah.com/fireplace-installation-terms-chase-clearances-cool-wall/;0;2;0;30.5;;
fireplace companies;https://fireplacesutah.com/;0;2;0;9;;
fireplace companies;https://fireplacesutah.com/fireplace-services-in-bountiful-utah/;0;2;0;8.5;;
fireplace companies near me;https://fireplacesutah.com/;0;1;0;11;;
fireplace companies near me;https://fireplacesutah.com/fireplace-services-in-bluffdale-utah/;0;1;0;9;;
fireplace companies near me;https://fireplacesutah.com/fireplace-services-in-south-jordan-utah/;0;1;0;7;;
fireplace companies near me;https://fireplacesutah.com/layton-utah-fireplace-contractor/;0;7;0;8.714.285.714.285.710;;
fireplace company;https://fireplacesutah.com/;0;3;0;15.666.666.666.666.600;;
fireplace company;https://fireplacesutah.com/fireplace-design-installation-in-ogden-utah;0;5;0;19.2;;
fireplace company;https://fireplacesutah.com/fireplace-design-installation-in-ogden-utah/;0;5;0;23;;
fireplace company;https://fireplacesutah.com/layton-utah-fireplace-contractor/;0;7;0;25;;
fireplace company near me;https://fireplacesutah.com/;0;1;0;1;;
fireplace company near me;https://fireplacesutah.com/custom-fireplace-design-installation-in-west-jordan-utah/;0;2;0;8;;
fireplace company near me;https://fireplacesutah.com/layton-utah-fireplace-contractor/;0;1;0;6;;
fireplace company repair;https://fireplacesutah.com/fireplace-services-in-south-jordan-utah/;0;1;0;2;;
fireplace construction materials;https://fireplacesutah.com/non-combustible-utah-fireplace-materials-basics-and-necessity/;0;24;0;34.625;;
fireplace consultation;https://fireplacesutah.com/;0;1;0;7;;
fireplace contractor & repairs;https://fireplacesutah.com/;0;1;0;6;;
fireplace contractors;https://fireplacesutah.com/;0;1;0;11;;
fireplace contractors near me;https://fireplacesutah.com/;0;3;0;11.333.333.333.333.300;;
fireplace contractors near me;https://fireplacesutah.com/fireplace-services-in-south-jordan-utah/;0;1;0;11;;
fireplace contractors near me;https://fireplacesutah.com/indoor-outdoor-fireplaces-in-salt-lake-city-utah/;0;1;0;12;;
fireplace contractors near me;https://fireplacesutah.com/layton-utah-fireplace-contractor/;0;8;0;9.25;;
fireplace contractors near me;https://fireplacesutah.com/sandy-utah-fireplace-contractor/;0;1;0;7;;
fireplace contractors service;https://fireplacesutah.com/fireplace-repair-service/;0;2;0;78;;
fireplace conversion;https://fireplacesutah.com/convert-your-fireplace/;0;407;0;3.891.891.891.891.890;;
fireplace conversion from gas to wood;https://fireplacesutah.com/convert-your-fireplace/;0;2;0;44.5;;
fireplace conversion gas to wood;https://fireplacesutah.com/convert-your-fireplace/;0;2;0;45;;
fireplace conversion to gas;https://fireplacesutah.com/;0;1;0;10;;
fireplace conversion to gas near me;https://fireplacesutah.com/;0;1;0;5;;
fireplace conversion to gas near me;https://fireplacesutah.com/convert-your-fireplace/;0;4;0;9.25;;
fireplace conversion to gas near me;https://fireplacesutah.com/fireplace-services-in-bluffdale-utah/;0;1;0;2;;
fireplace conversion to gas near me;https://fireplacesutah.com/layton-utah-fireplace-contractor/;0;1;0;7;;
fireplace conversions;https://fireplacesutah.com/convert-your-fireplace/;0;16;0;443.125;;
fireplace conversions to gas;https://fireplacesutah.com/convert-your-fireplace/;0;27;0;6.766.666.666.666.660;;
fireplace converted to gas;https://fireplacesutah.com/convert-your-fireplace/;0;6;0;1;;
fireplace cover baby;https://fireplacesutah.com/basic-tips-on-how-to-baby-proof-your-fireplace-area/;0;1;0;45;;
fireplace cover baby proof;https://fireplacesutah.com/basic-tips-on-how-to-baby-proof-your-fireplace-area/;0;3;0;11;;
fireplace cover for kids;https://fireplacesutah.com/basic-tips-on-how-to-baby-proof-your-fireplace-area/;0;2;0;5;;
fireplace damper repair near me;https://fireplacesutah.com/fireplace-repair-service/;0;1;0;10;;
fireplace dealers;https://fireplacesutah.com/;0;2;0;5;;
fireplace dealers in my area;https://fireplacesutah.com/;0;1;0;12;;
fireplace dealers near me;https://fireplacesutah.com/layton-utah-fireplace-contractor/;0;4;0;9;;
fireplace def;https://fireplacesutah.com/understanding-meaning-and-importance-of-fireplace-btus/;0;9;0;1.088.888.888.888.880;;
fireplace definition;https://fireplacesutah.com/understanding-meaning-and-importance-of-fireplace-btus/;0;86;0;7.953.488.372.093.020;;
fireplace deodorant spray;https://fireplacesutah.com/avoiding-fireplace-odors-vinegar-charcoal-inspection/;0;1;0;2;;
fireplace design center utah;https://fireplacesutah.com/;0;10;0;16;;
fireplace design center utah;https://fireplacesutah.com/custom-fireplace/;0;9;0;22.333.333.333.333.300;;
fireplace design near me;https://fireplacesutah.com/;0;1;0;12;;
fireplace design salt lake;https://fireplacesutah.com/;0;16;0;90.625;;
fireplace design salt lake;https://fireplacesutah.com/custom-fireplace/;0;15;0;47.8;;
fireplace design salt lake;https://fireplacesutah.com/herriman-utah-fireplace-design-installation-repair/;0;1;0;85;;
fireplace design salt lake;https://fireplacesutah.com/indoor-outdoor-fireplaces-in-salt-lake-city-utah/;0;15;0;19.133.333.333.333.300;;
fireplace design salt lake;https://fireplacesutah.com/traditional-gas-fireplaces/;0;12;0;6.508.333.333.333.330;;
fireplace design salt lake city;https://fireplacesutah.com/;0;10;0;9.6;;
fireplace design salt lake city;https://fireplacesutah.com/custom-fireplace/;0;12;0;43.75;;
fireplace design salt lake city;https://fireplacesutah.com/indoor-outdoor-fireplaces-in-salt-lake-city-utah/;0;11;0;19.363.636.363.636.300;;
fireplace design salt lake city;https://fireplacesutah.com/traditional-gas-fireplaces/;0;7;0;7.914.285.714.285.710;;
fireplace designers;https://fireplacesutah.com/;0;1;0;14;;
fireplace door installation near me;https://fireplacesutah.com/;0;3;0;5;;
fireplace door installers;https://fireplacesutah.com/;0;1;0;11;;
fireplace door lock;https://fireplacesutah.com/basic-tips-on-how-to-baby-proof-your-fireplace-area/;0;5;0;6.2;;
fireplace door repair near me;https://fireplacesutah.com/fireplace-services-in-roy-utah/;0;1;0;3;;
fireplace door with fan;https://fireplacesutah.com/fireplace-blowers-basics-and-how-they-work/;0;6;0;1;;
fireplace doors;https://fireplacesutah.com/basic-tips-on-how-to-baby-proof-your-fireplace-area/;0;1;0;1;;
fireplace doors with blower;https://fireplacesutah.com/fireplace-blowers-basics-and-how-they-work/;0;1;0;3;;
fireplace electrician;https://fireplacesutah.com/electric-fireplaces/;0;1;0;7;;
fireplace estimate utah;https://fireplacesutah.com/;0;9;0;14.222.222.222.222.200;;
fireplace estimate utah;https://fireplacesutah.com/fireplace-design-installation-in-ogden-utah;0;3;0;60.666.666.666.666.600;;
fireplace estimate utah;https://fireplacesutah.com/fireplace-design-installation-in-ogden-utah/;0;1;0;90;;
fireplace estimate utah;https://fireplacesutah.com/fireplace-installation-guide/;0;1;0;33;;
fireplace estimate utah;https://fireplacesutah.com/fireplace-services-in-bluffdale-utah/;0;6;0;6.666.666.666.666.660;;
fireplace estimate utah;https://fireplacesutah.com/free-estimate/;0;9;0;4.555.555.555.555.550;;
fireplace estimate utah;https://fireplacesutah.com/layton-utah-fireplace-contractor/;0;7;0;30.428.571.428.571.400;;
fireplace estimate utah;https://fireplacesutah.com/replace-your-fireplace/;0;8;0;39.75;;
fireplace estimate utah;https://fireplacesutah.com/sandy-utah-fireplace-contractor/;0;4;0;56;;
fireplace exhaust fan;https://fireplacesutah.com/fireplace-blowers-basics-and-how-they-work/;0;1;0;1;;
fireplace expert;https://fireplacesutah.com/;0;1;0;4;;
fireplace expert;https://fireplacesutah.com/fireplace-repair-service/;0;2;0;83.5;;
fireplace experts;https://fireplacesutah.com/;0;6;0;5.666.666.666.666.660;;
fireplace experts;https://fireplacesutah.com/fireplace-design-installation-in-ogden-utah/;0;1;0;4;;
fireplace experts;https://fireplacesutah.com/layton-utah-fireplace-contractor/;0;1;0;7;;
fireplace experts near me;https://fireplacesutah.com/fireplaces-fire-pits-wood-stoves-in-park-city-utah/;0;1;0;10;;
fireplace experts reviews;https://fireplacesutah.com/reviews/;0;1;0;12;;
fireplace fan;https://fireplacesutah.com/fireplace-blowers-answering-common-questions/;0;38;0;11.052.631.578.947.300;;
fireplace fan;https://fireplacesutah.com/fireplace-blowers-basics-and-how-they-work/;0;5;0;3.8;;
fireplace fan blower;https://fireplacesutah.com/fireplace-blowers-answering-common-questions/;0;360;0;10.361.111.111.111.100;;
fireplace fan blower;https://fireplacesutah.com/fireplace-blowers-basics-and-how-they-work/;0;4;0;3;;
fireplace fan blower how does it work;https://fireplacesutah.com/fireplace-blowers-answering-common-questions/;0;4;0;6;;
fireplace fan blower how does it work;https://fireplacesutah.com/fireplace-blowers-basics-and-how-they-work/;0;34;0;1;;
fireplace fan blower kit;https://fireplacesutah.com/fireplace-blowers-basics-and-how-they-work/;0;1;0;2;;
fireplace fan heater;https://fireplacesutah.com/fireplace-blowers-basics-and-how-they-work/;0;1;0;1;;
fireplace fan how does it work;https://fireplacesutah.com/fireplace-blowers-basics-and-how-they-work/;0;10;0;40.1;;
fireplace fan motors;https://fireplacesutah.com/fireplace-blowers-answering-common-questions/;0;1;0;1;;
fireplace fan noise;https://fireplacesutah.com/fireplace-blowers-answering-common-questions/;0;5;0;33.4;;
fireplace fan purpose;https://fireplacesutah.com/fireplace-blowers-basics-and-how-they-work/;0;20;0;1;;
fireplace fan replacement;https://fireplacesutah.com/fireplace-blowers-basics-and-how-they-work/;0;1;0;1;;
fireplace fan wood burning;https://fireplacesutah.com/fireplace-blowers-answering-common-questions/;0;2;0;1;;
fireplace fans;https://fireplacesutah.com/fireplace-blowers-answering-common-questions/;0;2;0;1.5;;
fireplace fans;https://fireplacesutah.com/fireplace-blowers-basics-and-how-they-work/;0;7;0;3.142.857.142.857.140;;
fireplace fans and blowers;https://fireplacesutah.com/fireplace-blowers-answering-common-questions/;0;1;0;1;;
fireplace fans for wood burning fireplaces;https://fireplacesutah.com/fireplace-blowers-answering-common-questions/;0;1;0;1;;
fireplace fence baby;https://fireplacesutah.com/basic-tips-on-how-to-baby-proof-your-fireplace-area/;0;1;0;1;;
fireplace fix near me;https://fireplacesutah.com/;0;2;0;5.5;;
fireplace fix near me;https://fireplacesutah.com/fireplace-repair-service/;0;4;0;11;;
fireplace fix near me;https://fireplacesutah.com/layton-utah-fireplace-contractor/;0;1;0;6;;
fireplace fixer near me;https://fireplacesutah.com/fireplace-repair-service/;0;1;0;10;;
fireplace fixer near me;https://fireplacesutah.com/fireplace-services-in-bountiful-utah/;0;1;0;6;;
fireplace fixer near me;https://fireplacesutah.com/fireplace-services-in-roy-utah/;0;2;0;3;;
fireplace fixers;https://fireplacesutah.com/fireplace-repair-service/;0;1;0;5;;
fireplace fixes;https://fireplacesutah.com/fireplace-repair-service/;0;6;0;86.5;;
fireplace fixing;https://fireplacesutah.com/fireplace-repair-service/;0;2;0;72.5;;
fireplace fixing;https://fireplacesutah.com/herriman-utah-fireplace-design-installation-repair/;0;1;0;3;;
fireplace fixing near me;https://fireplacesutah.com/fireplace-design-installation-in-ogden-utah;0;1;0;11;;
fireplace for sale near me;https://fireplacesutah.com/fireplace-design-installation-in-ogden-utah/;0;2;0;7;;
fireplace framing dimensions;https://fireplacesutah.com/wp-content/uploads/2019/10/framing-FF-H-wood.pdf;0;2;0;56.5;;
fireplace function;https://fireplacesutah.com/preparing-fireplaces-new-season/;0;1;0;1;;
fireplace furniture near me;https://fireplacesutah.com/layton-utah-fireplace-contractor/;0;1;0;6;;
fireplace gas conversion;https://fireplacesutah.com/convert-your-fireplace/;0;3;0;41.666.666.666.666.600;;
fireplace gas insert installers near me;https://fireplacesutah.com/fireplace-design-installation-in-ogden-utah/;0;3;0;19.666.666.666.666.600;;
fireplace gas insert repair near me;https://fireplacesutah.com/;0;2;0;9;;
fireplace gas insert repair near me;https://fireplacesutah.com/fireplace-repair-service/;0;2;0;9;;
fireplace gas inserts;https://fireplacesutah.com/;0;2;0;1;;
fireplace gas inserts near me;https://fireplacesutah.com/;0;1;0;11;;
fireplace gas inserts near me;https://fireplacesutah.com/fireplace-services-in-bountiful-utah/;0;1;0;8;;
fireplace gas inserts near me;https://fireplacesutah.com/layton-utah-fireplace-contractor/;0;1;0;6;;
fireplace gas log installation near me;https://fireplacesutah.com/fireplace-design-installation-in-ogden-utah/;0;1;0;20;;
fireplace gas logs installation near me;https://fireplacesutah.com/fireplace-design-installation-in-ogden-utah;0;2;0;17;;
fireplace gas logs installation near me;https://fireplacesutah.com/fireplace-design-installation-in-ogden-utah/;0;2;0;19.5;;
fireplace gas maintenance near me;https://fireplacesutah.com/;0;1;0;4;;
fireplace gas repair;https://fireplacesutah.com/fireplace-repair-service/;0;35;0;6.277.142.857.142.850;;
fireplace gas repair;https://fireplacesutah.com/fireplace-services-in-south-jordan-utah/;0;1;0;4;;
fireplace gas repair near me;https://fireplacesutah.com/;0;1;0;1;;
fireplace gas repair near me;https://fireplacesutah.com/fireplace-repair-service/;0;1;0;7;;
fireplace gas repair near me;https://fireplacesutah.com/fireplace-services-in-west-valley-city-utah/;0;1;0;12;;
fireplace gas repair service near me;https://fireplacesutah.com/fireplace-services-in-west-valley-city-utah/;0;1;0;3;;
fireplace gas service;https://fireplacesutah.com/fireplace-repair-service/;0;22;0;7.845.454.545.454.540;;
fireplace gas service near me;https://fireplacesutah.com/fireplace-design-installation-in-ogden-utah;0;2;0;9;;
fireplace gas service near me;https://fireplacesutah.com/fireplace-services-in-bluffdale-utah/;0;7;0;94;;
fireplace gas service near me;https://fireplacesutah.com/fireplace-services-in-south-jordan-utah/;0;2;0;5;;
fireplace gas shut off valve location;https://fireplacesutah.com/easy-steps-to-start-a-gas-fireplace/;0;1;0;80;;
fireplace gas turn on;https://fireplacesutah.com/easy-steps-to-start-a-gas-fireplace/;0;3;0;8.933.333.333.333.330;;
fireplace gas valve installation;https://fireplacesutah.com/easy-steps-to-start-a-gas-fireplace/;0;1;0;76;;
fireplace gate baby;https://fireplacesutah.com/basic-tips-on-how-to-baby-proof-your-fireplace-area/;0;1;0;27;;
fireplace gate baby proof;https://fireplacesutah.com/basic-tips-on-how-to-baby-proof-your-fireplace-area/;0;17;0;4.352.941.176.470.580;;
fireplace gate for baby;https://fireplacesutah.com/basic-tips-on-how-to-baby-proof-your-fireplace-area/;0;2;0;25;;
fireplace gate for baby proofing;https://fireplacesutah.com/basic-tips-on-how-to-baby-proof-your-fireplace-area/;0;8;0;14.25;;
fireplace gate safety;https://fireplacesutah.com/basic-tips-on-how-to-baby-proof-your-fireplace-area/;0;3;0;42.333.333.333.333.300;;
fireplace glass doors near me;https://fireplacesutah.com/;0;1;0;12;;
fireplace glass near me;https://fireplacesutah.com/;0;6;0;10.333.333.333.333.300;;
fireplace glass replacement;https://fireplacesutah.com/;0;1;0;2;;
fireplace glass replacement near me;https://fireplacesutah.com/;0;6;0;8.166.666.666.666.660;;
fireplace grate with blower;https://fireplacesutah.com/fireplace-blowers-basics-and-how-they-work/;0;1;0;2;;
fireplace guard baby;https://fireplacesutah.com/basic-tips-on-how-to-baby-proof-your-fireplace-area/;0;4;0;3.5;;
fireplace guard for baby;https://fireplacesutah.com/basic-tips-on-how-to-baby-proof-your-fireplace-area/;0;1;0;1;;
fireplace guy;https://fireplacesutah.com/;0;1;0;4;;
fireplace guy near me;https://fireplacesutah.com/fireplace-repair-service/;0;1;0;1;;
fireplace guys;https://fireplacesutah.com/fireplace-services-in-farmington-utah/;0;1;0;9;;
fireplace handyman near me;https://fireplacesutah.com/fireplace-repair-service/;0;1;0;5;;
fireplace hearth baby proof;https://fireplacesutah.com/basic-tips-on-how-to-baby-proof-your-fireplace-area/;0;1;0;3;;
fireplace hearth definition;https://fireplacesutah.com/understanding-meaning-and-importance-of-fireplace-btus/;0;2;0;1;;
fireplace hearths near me;https://fireplacesutah.com/;0;1;0;12;;
fireplace heat blower;https://fireplacesutah.com/fireplace-blowers-answering-common-questions/;0;3;0;1;;
fireplace heat exchanger;https://fireplacesutah.com/fireplace-blowers-basics-and-how-they-work/;0;1;0;3;;
fireplace heater blower;https://fireplacesutah.com/fireplace-blowers-answering-common-questions/;0;10;0;1;;
fireplace heater repair;https://fireplacesutah.com/fireplace-repair-service/;0;5;0;63.4;;
fireplace in;https://fireplacesutah.com/;0;1;0;12;;
fireplace insert blower;https://fireplacesutah.com/fireplace-blowers-answering-common-questions/;0;1;0;3;;
fireplace insert blower motor;https://fireplacesutah.com/fireplace-blowers-answering-common-questions/;0;1;0;1;;
fireplace insert companies near me;https://fireplacesutah.com/fireplace-services-in-bountiful-utah/;0;1;0;12;;
fireplace insert electric logs;https://fireplacesutah.com/basics-electric-fireplace-logs/;0;1;0;47;;
fireplace insert installation near me;https://fireplacesutah.com/;0;3;0;15.666.666.666.666.600;;
fireplace insert installation near me;https://fireplacesutah.com/basic-tips-on-how-to-baby-proof-your-fireplace-area/;0;1;0;9;;
fireplace insert installation near me;https://fireplacesutah.com/fireplace-design-installation-in-ogden-utah;0;16;0;38.25;;
fireplace insert installation near me;https://fireplacesutah.com/fireplace-design-installation-in-ogden-utah/;0;1;0;26;;
fireplace insert installation near me;https://fireplacesutah.com/layton-utah-fireplace-contractor/;0;2;0;9;;
fireplace insert installer;https://fireplacesutah.com/;0;2;0;6;;
fireplace insert installers near me;https://fireplacesutah.com/fireplace-design-installation-in-ogden-utah;0;18;0;44.611.111.111.111.100;;
fireplace insert maintenance;https://fireplacesutah.com/steps-for-cleaning-and-maintaining-gas-fireplaces-part-1/;0;2;0;49;;
fireplace insert maintenance near me;https://fireplacesutah.com/fireplace-repair-service/;0;1;0;6;;
fireplace insert near me;https://fireplacesutah.com/;0;1;0;1;;
fireplace insert near me;https://fireplacesutah.com/layton-utah-fireplace-contractor/;0;2;0;11;;
fireplace insert repair;https://fireplacesutah.com/;0;1;0;1;;
fireplace insert repair;https://fireplacesutah.com/fireplace-repair-service/;0;13;0;6.607.692.307.692.300;;
fireplace insert repair near me;https://fireplacesutah.com/;0;4;0;9;;
fireplace insert repair near me;https://fireplacesutah.com/fireplace-repair-service/;0;4;0;6;;
fireplace insert repair near me;https://fireplacesutah.com/fireplace-services-in-bountiful-utah/;0;1;0;6;;
fireplace insert repair near me;https://fireplacesutah.com/fireplace-services-in-farmington-utah/;0;1;0;6;;
fireplace insert repair near me;https://fireplacesutah.com/fireplace-services-in-kaysville-utah/;0;3;0;3;;
fireplace insert repair near me;https://fireplacesutah.com/fireplace-services-in-south-jordan-utah/;0;1;0;1;;
fireplace insert repair service;https://fireplacesutah.com/fireplace-repair-service/;0;1;0;6;;
fireplace insert repair service near me;https://fireplacesutah.com/;0;1;0;10;;
fireplace insert repair service near me;https://fireplacesutah.com/fireplace-repair-service/;0;1;0;9;;
fireplace insert repairs;https://fireplacesutah.com/fireplace-repair-service/;0;5;0;33.8;;
fireplace insert sales near me;https://fireplacesutah.com/;0;1;0;9;;
fireplace insert stores;https://fireplacesutah.com/;0;3;0;12;;
fireplace insert stores near me;https://fireplacesutah.com/;0;1;0;1;;
fireplace insert thermostat;https://fireplacesutah.com/benefits-of-a-thermostat-for-gas-fireplaces/;0;1;0;46;;
fireplace insert with blower;https://fireplacesutah.com/fireplace-blowers-answering-common-questions/;0;2;0;2.5;;
fireplace inserts;https://fireplacesutah.com/;0;7;0;12.857.142.857.142.800;;
fireplace inserts bountiful;https://fireplacesutah.com/;0;9;0;8.666.666.666.666.660;;
fireplace inserts bountiful;https://fireplacesutah.com/fireplace-design-installation-in-ogden-utah;0;3;0;57.333.333.333.333.300;;
fireplace inserts bountiful;https://fireplacesutah.com/fireplace-design-installation-in-ogden-utah/;0;3;0;65;;
fireplace inserts bountiful;https://fireplacesutah.com/fireplace-services-in-bountiful-utah/;0;9;0;18.333.333.333.333.300;;
fireplace inserts bountiful;https://fireplacesutah.com/layton-utah-fireplace-contractor/;0;3;0;39.333.333.333.333.300;;
fireplace inserts davis county;https://fireplacesutah.com/;0;6;0;46.333.333.333.333.300;;
fireplace inserts davis county;https://fireplacesutah.com/fireplace-design-installation-in-ogden-utah;0;2;0;67;;
fireplace inserts davis county;https://fireplacesutah.com/fireplace-design-installation-in-ogden-utah/;0;2;0;78.5;;
fireplace inserts davis county;https://fireplacesutah.com/fireplace-services-in-kaysville-utah/;0;1;0;87;;
fireplace inserts davis county;https://fireplacesutah.com/fireplace-services-in-woods-cross-utah/;0;1;0;100;;
fireplace inserts davis county;https://fireplacesutah.com/layton-utah-fireplace-contractor/;0;5;0;43.6;;
fireplace inserts draper;https://fireplacesutah.com/;0;10;0;6.3;;
fireplace inserts draper;https://fireplacesutah.com/fireplace-installation-terms-chase-clearances-cool-wall/;0;1;0;90;;
fireplace inserts draper;https://fireplacesutah.com/fireplace-services-in-draper-utah/;0;8;0;11.5;;
fireplace inserts draper;https://fireplacesutah.com/gas-wood-inserts/;0;6;0;21.333.333.333.333.300;;
fireplace inserts electric near me;https://fireplacesutah.com/;0;3;0;11.333.333.333.333.300;;
fireplace inserts gas;https://fireplacesutah.com/;0;2;0;1;;
fireplace inserts gas near me;https://fireplacesutah.com/;0;1;0;12;;
fireplace inserts installers near me;https://fireplacesutah.com/fireplace-design-installation-in-ogden-utah;0;2;0;52.5;;
fireplace inserts millcreek ut;https://fireplacesutah.com/indoor-outdoor-fireplaces-in-salt-lake-city-utah/;0;7;0;4.342.857.142.857.140;;
fireplace inserts near me;https://fireplacesutah.com/fireplace-design-installation-in-ogden-utah;0;2;0;9;;
fireplace inserts near me;https://fireplacesutah.com/layton-utah-fireplace-contractor/;0;5;0;9.2;;
fireplace inserts near me gas;https://fireplacesutah.com/fireplace-design-installation-in-ogden-utah/;0;1;0;5;;
fireplace inserts nearby;https://fireplacesutah.com/;0;1;0;1;;
fireplace inserts ogden utah;https://fireplacesutah.com/;0;30;0;5.633.333.333.333.330;;
fireplace inserts ogden utah;https://fireplacesutah.com/build-your-fireplace/;0;30;0;5.633.333.333.333.330;;
fireplace inserts ogden utah;https://fireplacesutah.com/fireplace-design-installation-in-ogden-utah/;0;20;0;13;;
fireplace inserts ogden utah;https://fireplacesutah.com/products/;0;30;0;5.633.333.333.333.330;;
fireplace inserts ogden utah;https://fireplacesutah.com/showrooms/;0;31;0;6.354.838.709.677.410;;
fireplace inserts ogden utah;https://fireplacesutah.com/specials/;0;30;0;5.633.333.333.333.330;;
fireplace inserts park city;https://fireplacesutah.com/;0;11;0;17.272.727.272.727.200;;
fireplace inserts park city;https://fireplacesutah.com/fireplace-design-installation-in-ogden-utah;0;1;0;75;;
fireplace inserts park city;https://fireplacesutah.com/fireplace-repair-service/;0;3;0;47.333.333.333.333.300;;
fireplace inserts park city;https://fireplacesutah.com/fireplaces-fire-pits-wood-stoves-in-park-city-utah/;0;11;0;9.636.363.636.363.630;;
fireplace inserts repair;https://fireplacesutah.com/fireplace-repair-service/;0;1;0;77;;
fireplace inserts repair near me;https://fireplacesutah.com/;0;2;0;10.5;;
fireplace inserts salt lake city;https://fireplacesutah.com/build-your-fireplace/;0;25;0;6.4;;
fireplace inserts salt lake city;https://fireplacesutah.com/fireplace-design-installation-in-ogden-utah;0;1;0;47;;
fireplace inserts salt lake city;https://fireplacesutah.com/gallery/;0;4;0;5.75;;
fireplace inserts salt lake city;https://fireplacesutah.com/gas-wood-inserts/;0;1;0;38;;
fireplace inserts salt lake city;https://fireplacesutah.com/indoor-outdoor-fireplaces-in-salt-lake-city-utah/;0;13;0;2.176.923.076.923.070;;
fireplace inserts salt lake city;https://fireplacesutah.com/layton-utah-fireplace-contractor/;0;8;0;64.5;;
fireplace inserts salt lake city;https://fireplacesutah.com/products/;0;25;0;6.4;;
fireplace inserts salt lake city;https://fireplacesutah.com/reviews/;0;4;0;5.75;;
fireplace inserts salt lake city;https://fireplacesutah.com/showrooms/;0;27;0;8.666.666.666.666.660;;
fireplace inserts salt lake city;https://fireplacesutah.com/specials/;0;25;0;6.4;;
fireplace inserts salt lake city;https://fireplacesutah.com/videos/;0;4;0;5.75;;
fireplace inserts salt lake county;https://fireplacesutah.com/;0;17;0;7.176.470.588.235.290;;
fireplace inserts salt lake county;https://fireplacesutah.com/build-your-fireplace/;0;2;0;8;;
fireplace inserts salt lake county;https://fireplacesutah.com/indoor-outdoor-fireplaces-in-salt-lake-city-utah/;0;15;0;27.6;;
fireplace inserts salt lake county;https://fireplacesutah.com/layton-utah-fireplace-contractor/;0;9;0;76;;
fireplace inserts salt lake county;https://fireplacesutah.com/products/;0;2;0;8;;
fireplace inserts salt lake county;https://fireplacesutah.com/reviews/;0;2;0;8;;
fireplace inserts salt lake county;https://fireplacesutah.com/specials/;0;2;0;8;;
fireplace inserts sandy;https://fireplacesutah.com/;0;14;0;5.785.714.285.714.280;;
fireplace inserts sandy;https://fireplacesutah.com/fireplace-services-in-bountiful-utah/;0;3;0;59;;
fireplace inserts sandy;https://fireplacesutah.com/fireplace-services-in-kaysville-utah/;0;1;0;34;;
fireplace inserts sandy;https://fireplacesutah.com/fireplace-services-in-woods-cross-utah/;0;6;0;61.166.666.666.666.600;;
fireplace inserts sandy;https://fireplacesutah.com/gas-wood-inserts/;0;10;0;31.5;;
fireplace inserts sandy;https://fireplacesutah.com/sandy-utah-fireplace-contractor/;0;14;0;13.5;;
fireplace inserts sandy;https://fireplacesutah.com/showrooms/;0;5;0;31.2;;
fireplace inserts store near me;https://fireplacesutah.com/;0;2;0;8;;
fireplace inserts utah;https://fireplacesutah.com/build-your-fireplace/;0;13;0;6.076.923.076.923.070;;
fireplace inserts utah;https://fireplacesutah.com/fireplace-design-installation-in-ogden-utah;0;6;0;35;;
fireplace inserts utah;https://fireplacesutah.com/fireplace-design-installation-in-ogden-utah/;0;2;0;79;;
fireplace inserts utah;https://fireplacesutah.com/gallery/;0;1;0;8;;
fireplace inserts utah;https://fireplacesutah.com/gas-wood-inserts/;0;1;0;42;;
fireplace inserts utah;https://fireplacesutah.com/indoor-outdoor-fireplaces-in-salt-lake-city-utah/;0;4;0;74.5;;
fireplace inserts utah;https://fireplacesutah.com/layton-utah-fireplace-contractor/;0;8;0;63.5;;
fireplace inserts utah;https://fireplacesutah.com/products/;0;13;0;6.076.923.076.923.070;;
fireplace inserts utah;https://fireplacesutah.com/reviews/;0;13;0;6.076.923.076.923.070;;
fireplace inserts utah;https://fireplacesutah.com/showrooms/;0;1;0;8;;
fireplace inserts utah;https://fireplacesutah.com/specials/;0;13;0;6.076.923.076.923.070;;
fireplace inserts utah;https://fireplacesutah.com/videos/;0;1;0;8;;
fireplace inserts utah county;https://fireplacesutah.com/;0;75;0;8.013.333.333.333.330;;
fireplace inserts utah county;https://fireplacesutah.com/build-your-fireplace/;0;61;0;8.344.262.295.081.960;;
fireplace inserts utah county;https://fireplacesutah.com/indoor-outdoor-fireplaces-in-salt-lake-city-utah/;0;1;0;20;;
fireplace inserts utah county;https://fireplacesutah.com/products/;0;61;0;8.344.262.295.081.960;;
fireplace inserts utah county;https://fireplacesutah.com/reviews/;0;61;0;8.344.262.295.081.960;;
fireplace inserts utah county;https://fireplacesutah.com/specials/;0;61;0;8.344.262.295.081.960;;
fireplace inserts weber county;https://fireplacesutah.com/fireplace-design-installation-in-ogden-utah;0;3;0;72;;
fireplace inserts weber county;https://fireplacesutah.com/fireplace-design-installation-in-ogden-utah/;0;1;0;66;;
fireplace inserts weber county;https://fireplacesutah.com/showrooms/;0;6;0;17;;
fireplace inserts west valley city;https://fireplacesutah.com/;0;8;0;6.625;;
fireplace inserts west valley city;https://fireplacesutah.com/fireplace-services-in-west-valley-city-utah/;0;7;0;11;;
fireplace inserts west valley city;https://fireplacesutah.com/gas-wood-inserts/;0;8;0;41.375;;
fireplace inserts west valley city;https://fireplacesutah.com/showrooms/;0;1;0;89;;
fireplace inserts with fans;https://fireplacesutah.com/fireplace-blowers-basics-and-how-they-work/;0;1;0;2;;
fireplace instalation;https://fireplacesutah.com/fireplace-installation-terms-chase-clearances-cool-wall/;0;1;0;28;;
fireplace install;https://fireplacesutah.com/;0;8;0;3.375;;
fireplace install companies near me;https://fireplacesutah.com/fireplace-design-installation-in-ogden-utah;0;1;0;93;;
fireplace install near me;https://fireplacesutah.com/fireplace-design-installation-in-ogden-utah/;0;1;0;45;;
fireplace install near me;https://fireplacesutah.com/fireplace-services-in-cottonwood-heights-utah/;0;1;0;8;;
fireplace install near me;https://fireplacesutah.com/fireplace-services-in-south-jordan-utah/;0;1;0;10;;
fireplace install near me;https://fireplacesutah.com/layton-utah-fireplace-contractor/;0;1;0;9;;
fireplace installation;https://fireplacesutah.com/;0;109;0;15.321.100.917.431.100;;
fireplace installation;https://fireplacesutah.com/add-a-new-fireplace/;0;27;0;35.925.925.925.925.900;;
fireplace installation;https://fireplacesutah.com/build-your-fireplace/;0;1;0;9;;
fireplace installation;https://fireplacesutah.com/electric-fireplaces/;0;6;0;15.166.666.666.666.600;;
fireplace installation;https://fireplacesutah.com/fireplace-design-installation-in-ogden-utah;0;1;0;3;;
fireplace installation;https://fireplacesutah.com/fireplace-installation-guide/;0;220;0;18.945.454.545.454.500;;
fireplace installation;https://fireplacesutah.com/fireplace-installation-terms-chase-clearances-cool-wall/;0;657;0;4.584.322.678.843.220;;
fireplace installation;https://fireplacesutah.com/products/;0;1;0;9;;
fireplace installation;https://fireplacesutah.com/reviews/;0;1;0;9;;
fireplace installation;https://fireplacesutah.com/specials/;0;1;0;9;;
fireplace installation;https://fireplacesutah.com/stages-of-fireplace-installation/;0;197;0;2.695.431.472.081.210;;
fireplace installation and repair near me;https://fireplacesutah.com/;0;3;0;7;;
fireplace installation companies;https://fireplacesutah.com/;0;2;0;7;;
fireplace installation companies;https://fireplacesutah.com/layton-utah-fireplace-contractor/;0;1;0;13;;
fireplace installation companies near me;https://fireplacesutah.com/;0;3;0;9;;
fireplace installation companies near me;https://fireplacesutah.com/fireplace-design-installation-in-ogden-utah;0;19;0;4.726.315.789.473.680;;
fireplace installation companies near me;https://fireplacesutah.com/fireplace-design-installation-in-ogden-utah/;0;2;0;45;;
fireplace installation companies near me;https://fireplacesutah.com/fireplace-services-in-bountiful-utah/;0;1;0;11;;
fireplace installation companies near me;https://fireplacesutah.com/layton-utah-fireplace-contractor/;0;1;0;5;;
fireplace installation company;https://fireplacesutah.com/fireplace-design-installation-in-ogden-utah;0;1;0;12;;
fireplace installation contractors near me;https://fireplacesutah.com/fireplace-design-installation-in-ogden-utah/;0;1;0;36;;
fireplace installation guide;https://fireplacesutah.com/fireplace-installation-guide/;0;11;0;31.727.272.727.272.700;;
fireplace installation hyrum;https://fireplacesutah.com/;0;90;0;16.477.777.777.777.700;;
fireplace installation hyrum;https://fireplacesutah.com/herriman-utah-fireplace-design-installation-repair/;0;1;0;97;;
fireplace installation near me;https://fireplacesutah.com/;0;9;0;8.555.555.555.555.550;;
fireplace installation near me;https://fireplacesutah.com/custom-fireplace-design-installation-in-west-jordan-utah/;0;1;0;9;;
fireplace installation near me;https://fireplacesutah.com/fireplace-design-installation-in-ogden-utah;0;107;0;8.114.953.271.028.030;;
fireplace installation near me;https://fireplacesutah.com/fireplace-design-installation-in-ogden-utah/;0;1;0;11;;
fireplace installation near me;https://fireplacesutah.com/fireplace-services-in-riverton-utah/;0;1;0;9;;
fireplace installation near me;https://fireplacesutah.com/fireplace-services-in-south-jordan-utah/;0;1;0;17;;
fireplace installation near me;https://fireplacesutah.com/heber-city-utahs-fireplace-experts/;0;2;0;6;;
fireplace installation near me;https://fireplacesutah.com/indoor-outdoor-fireplaces-in-salt-lake-city-utah/;0;1;0;5;;
fireplace installation near me;https://fireplacesutah.com/layton-utah-fireplace-contractor/;0;5;0;10;;
fireplace installation process;https://fireplacesutah.com/fireplace-installation-guide/;0;13;0;11.307.692.307.692.300;;
fireplace installation requirements;https://fireplacesutah.com/fireplace-installation-guide/;0;8;0;19.5;;
fireplace installation service;https://fireplacesutah.com/;0;2;0;8;;
fireplace installation services near me;https://fireplacesutah.com/fireplace-design-installation-in-ogden-utah/;0;1;0;49;;
fireplace installation services washington ut;https://fireplacesutah.com/fireplace-design-installation-in-ogden-utah;0;1;0;50;;
fireplace installation smithfield; ut;https://fireplacesutah.com/;0;47;0;15.212.765.957.446.800;
fireplace installation st. george;https://fireplacesutah.com/;0;3;0;66;;
fireplace installation st. george;https://fireplacesutah.com/fireplace-design-installation-in-ogden-utah;0;1;0;78;;
fireplace installation st. george;https://fireplacesutah.com/fireplace-design-installation-in-ogden-utah/;0;10;0;77.9;;
fireplace installation st. george;https://fireplacesutah.com/layton-utah-fireplace-contractor/;0;1;0;75;;
fireplace installation utah;https://fireplacesutah.com/build-your-fireplace/;0;109;0;7.440.366.972.477.060;;
fireplace installation utah;https://fireplacesutah.com/electric-fireplaces/;0;1;0;52;;
fireplace installation utah;https://fireplacesutah.com/fireplace-design-installation-in-ogden-utah;0;41;0;531.219.512.195.122;;
fireplace installation utah;https://fireplacesutah.com/fireplace-design-installation-in-ogden-utah/;0;32;0;530.625;;
fireplace installation utah;https://fireplacesutah.com/fireplace-installation-guide/;0;2;0;47.5;;
fireplace installation utah;https://fireplacesutah.com/fireplace-repair-service/;0;52;0;6.078.846.153.846.150;;
fireplace installation utah;https://fireplacesutah.com/fireplace-services-in-draper-utah/;0;1;0;58;;
fireplace installation utah;https://fireplacesutah.com/gallery/;0;5;0;4.6;;
fireplace installation utah;https://fireplacesutah.com/indoor-outdoor-fireplaces-in-salt-lake-city-utah/;0;6;0;7.716.666.666.666.660;;
fireplace installation utah;https://fireplacesutah.com/layton-utah-fireplace-contractor/;0;84;0;4.273.809.523.809.520;;
fireplace installation utah;https://fireplacesutah.com/products/;0;109;0;7.440.366.972.477.060;;
fireplace installation utah;https://fireplacesutah.com/reviews/;0;109;0;7.440.366.972.477.060;;
fireplace installation utah;https://fireplacesutah.com/showrooms/;0;5;0;4.6;;
fireplace installation utah;https://fireplacesutah.com/specials/;0;109;0;7.440.366.972.477.060;;
fireplace installation utah;https://fireplacesutah.com/videos/;0;5;0;4.6;;
fireplace installation utah county;https://fireplacesutah.com/;0;73;0;826.027.397.260.274;;
fireplace installation utah county;https://fireplacesutah.com/build-your-fireplace/;0;41;0;9.390.243.902.439.020;;
fireplace installation utah county;https://fireplacesutah.com/products/;0;41;0;9.390.243.902.439.020;;
fireplace installation utah county;https://fireplacesutah.com/reviews/;0;41;0;9.390.243.902.439.020;;
fireplace installation utah county;https://fireplacesutah.com/specials/;0;41;0;9.390.243.902.439.020;;
fireplace installation wellington;https://fireplacesutah.com/;0;1;0;11;;
fireplace installation wells;https://fireplacesutah.com/fireplace-design-installation-in-ogden-utah/;0;12;0;47.75;;
fireplace installation wells;https://fireplacesutah.com/fireplace-services-in-draper-utah/;0;1;0;88;;
fireplace installations;https://fireplacesutah.com/;0;1;0;8;;
fireplace installations;https://fireplacesutah.com/electric-fireplaces/;0;2;0;8.5;;
fireplace installations;https://fireplacesutah.com/fireplace-installation-guide/;0;1;0;12;;
fireplace installed;https://fireplacesutah.com/fireplace-installation-guide/;0;1;0;28;;
fireplace installer;https://fireplacesutah.com/fireplace-design-installation-in-ogden-utah/;0;1;0;4;;
fireplace installer;https://fireplacesutah.com/fireplace-installation-terms-chase-clearances-cool-wall/;0;36;0;39.666.666.666.666.600;;
fireplace installer near me;https://fireplacesutah.com/layton-utah-fireplace-contractor/;0;4;0;10;;
fireplace installers;https://fireplacesutah.com/fireplace-design-installation-in-ogden-utah;0;2;0;40;;
fireplace installers herriman ut;https://fireplacesutah.com/;0;65;0;14.584.615.384.615.300;;
fireplace installers herriman ut;https://fireplacesutah.com/fireplace-services-in-bluffdale-utah/;0;72;0;1.586.111.111.111.110;;
fireplace installers herriman ut;https://fireplacesutah.com/herriman-utah-fireplace-design-installation-repair/;0;189;0;18.253.968.253.968.200;;
fireplace installers herriman ut;https://fireplacesutah.com/layton-utah-fireplace-contractor/;0;2;0;91.5;;
fireplace installers in my area;https://fireplacesutah.com/;0;1;0;12;;
fireplace installers in my area;https://fireplacesutah.com/fireplace-design-installation-in-ogden-utah;0;43;0;40;;
fireplace installers in my area;https://fireplacesutah.com/fireplace-design-installation-in-ogden-utah/;0;1;0;46;;
fireplace installers in st. george ut;https://fireplacesutah.com/;0;1;0;73;;
fireplace installers in st. george ut;https://fireplacesutah.com/layton-utah-fireplace-contractor/;0;55;0;6.812.727.272.727.270;;
fireplace installers near me;https://fireplacesutah.com/;0;8;0;8.5;;
fireplace installers near me;https://fireplacesutah.com/fireplace-design-installation-in-ogden-utah;0;116;0;2.743.103.448.275.860;;
fireplace installers near me;https://fireplacesutah.com/fireplace-design-installation-in-ogden-utah/;0;282;0;27.411.347.517.730.400;;
fireplace installers near me;https://fireplacesutah.com/fireplace-services-in-farmington-utah/;0;1;0;5;;
fireplace installers near me;https://fireplacesutah.com/fireplace-services-in-roy-utah/;0;2;0;4;;
fireplace installers near me;https://fireplacesutah.com/indoor-outdoor-fireplaces-in-salt-lake-city-utah/;0;2;0;6;;
fireplace installers near me;https://fireplacesutah.com/layton-utah-fireplace-contractor/;0;3;0;12.333.333.333.333.300;;
fireplace installers near me;https://fireplacesutah.com/murray-utah-fireplaces-fire-pits-wood-stoves/;0;1;0;19;;
fireplace installers salt lake city;https://fireplacesutah.com/;0;75;0;6.84;;
fireplace installers salt lake city;https://fireplacesutah.com/build-your-fireplace/;0;4;0;10;;
fireplace installers salt lake city;https://fireplacesutah.com/electric-fireplaces/;0;1;0;30;;
fireplace installers salt lake city;https://fireplacesutah.com/fireplace-repair-service/;0;1;0;62;;
fireplace installers salt lake city;https://fireplacesutah.com/products/;0;4;0;10;;
fireplace installers salt lake city;https://fireplacesutah.com/reviews/;0;4;0;10;;
fireplace installers salt lake city;https://fireplacesutah.com/specials/;0;4;0;10;;
fireplace insulation insert;https://fireplacesutah.com/fireplace-installation-terms-chase-clearances-cool-wall/;0;1;0;2;;
fireplace key;https://fireplacesutah.com/easy-steps-to-start-a-gas-fireplace/;0;2;0;1;;
fireplace key how to use;https://fireplacesutah.com/easy-steps-to-start-a-gas-fireplace/;0;7;0;45.285.714.285.714.200;;
fireplace layton utah;https://fireplacesutah.com/;0;1;0;14;;
fireplace layton utah;https://fireplacesutah.com/layton-utah-fireplace-contractor/;0;21;0;5.714.285.714.285.710;;
fireplace locations;https://fireplacesutah.com/;0;1;0;10;;
fireplace lock;https://fireplacesutah.com/basic-tips-on-how-to-baby-proof-your-fireplace-area/;0;2;0;16.5;;
fireplace log cleaning;https://fireplacesutah.com/how-to-clean-your-gas-fireplace-safely-and-effectively/;0;1;0;77;;
fireplace log inserts electric;https://fireplacesutah.com/basics-electric-fireplace-logs/;0;1;0;98;;
fireplace log installation near me;https://fireplacesutah.com/fireplace-design-installation-in-ogden-utah/;0;2;0;14.5;;
fireplace logs;https://fireplacesutah.com/basics-electric-fireplace-logs/;0;1;0;118;;
fireplace logs gas;https://fireplacesutah.com/log-sets/;0;1;0;3;;
fireplace maintenance;https://fireplacesutah.com/fireplace-repair-service/;0;20;0;7.9;;
fireplace maintenance;https://fireplacesutah.com/fireplace-services-in-cottonwood-heights-utah/;0;1;0;4;;
fireplace maintenance and repair;https://fireplacesutah.com/fireplace-repair-service/;0;2;0;7.5;;
fireplace maintenance and repair near me;https://fireplacesutah.com/fireplace-repair-service/;0;1;0;11;;
fireplace maintenance companies;https://fireplacesutah.com/fireplace-repair-service/;0;4;0;65.75;;
fireplace maintenance contractors;https://fireplacesutah.com/fireplace-services-in-riverton-utah/;0;1;0;92;;
fireplace maintenance gas;https://fireplacesutah.com/fireplace-repair-service/;0;3;0;6.466.666.666.666.660;;
fireplace maintenance near me;https://fireplacesutah.com/;0;5;0;8.6;;
fireplace maintenance near me;https://fireplacesutah.com/fireplace-repair-service/;0;15;0;8.6;;
fireplace maintenance near me;https://fireplacesutah.com/fireplace-services-in-bluffdale-utah/;0;1;0;23;;
fireplace maintenance near me;https://fireplacesutah.com/fireplace-services-in-bountiful-utah/;0;1;0;5;;
fireplace maintenance near me;https://fireplacesutah.com/fireplace-services-in-midvale-utah/;0;1;0;5;;
fireplace maintenance near me;https://fireplacesutah.com/fireplace-services-in-woods-cross-utah/;0;1;0;7;;
fireplace maintenance near me;https://fireplacesutah.com/fireplaces-fire-pits-wood-stoves-in-park-city-utah/;0;1;0;10;;
fireplace maintenance near me;https://fireplacesutah.com/herriman-utah-fireplace-design-installation-repair/;0;1;0;9;;
fireplace maintenance service;https://fireplacesutah.com/fireplace-repair-service/;0;6;0;9.333.333.333.333.330;;
fireplace maintenance service;https://fireplacesutah.com/fireplace-services-in-cottonwood-heights-utah/;0;1;0;3;;
fireplace maintenance service near me;https://fireplacesutah.com/fireplace-repair-service/;0;1;0;4;;
fireplace maintenance services;https://fireplacesutah.com/fireplace-services-in-west-valley-city-utah/;0;1;0;92;;
fireplace man;https://fireplacesutah.com/;0;1;0;1;;
fireplace man;https://fireplacesutah.com/fireplace-services-in-centerville-utah/;0;1;0;11;;
fireplace mantel near me;https://fireplacesutah.com/fireplace-mantels/;0;4;0;8.5;;
fireplace mantel sandy ut;https://fireplacesutah.com/;0;6;0;11;;
fireplace mantel sandy ut;https://fireplacesutah.com/fireplace-mantels/;0;5;0;15;;
fireplace mantel sandy ut;https://fireplacesutah.com/sandy-utah-fireplace-contractor/;0;4;0;23.75;;
fireplace mantel sandy ut;https://fireplacesutah.com/showrooms/;0;5;0;35.6;;
fireplace mantel sandy ut;https://fireplacesutah.com/themes-for-spring-fireplace-mantel-design-part-1/;0;1;0;47;;
fireplace mantels ogden;https://fireplacesutah.com/;0;2;0;12.5;;
fireplace mantels ogden;https://fireplacesutah.com/fireplace-design-installation-in-ogden-utah;0;3;0;11;;
fireplace mantels ogden;https://fireplacesutah.com/fireplace-mantels/;0;1;0;12;;
fireplace mantels ogden;https://fireplacesutah.com/showrooms/;0;1;0;16;;
fireplace mantels salt lake city;https://fireplacesutah.com/;0;3;0;24.333.333.333.333.300;;
fireplace mantels salt lake city;https://fireplacesutah.com/fireplace-mantels/;0;1;0;14;;
fireplace mantels salt lake city;https://fireplacesutah.com/indoor-outdoor-fireplaces-in-salt-lake-city-utah/;0;1;0;47;;
fireplace mantels utah;https://fireplacesutah.com/;0;6;0;28.666.666.666.666.600;;
fireplace mantels utah;https://fireplacesutah.com/fireplace-mantels/;0;6;0;26;;
fireplace mantles near me;https://fireplacesutah.com/fireplace-mantels/;0;1;0;5;;
fireplace masons;https://fireplacesutah.com/indoor-outdoor-fireplaces-in-salt-lake-city-utah/;0;1;0;3;;
fireplace materials;https://fireplacesutah.com/non-combustible-utah-fireplace-materials-basics-and-necessity/;0;1;0;63;;
fireplace mean;https://fireplacesutah.com/understanding-meaning-and-importance-of-fireplace-btus/;0;34;0;7.470.588.235.294.110;;
fireplace means;https://fireplacesutah.com/understanding-meaning-and-importance-of-fireplace-btus/;0;81;0;6.888.888.888.888.880;;
fireplace near me;https://fireplacesutah.com/;0;4;0;4.5;;
fireplace near me;https://fireplacesutah.com/fireplace-services-in-roy-utah/;0;1;0;12;;
fireplace near me;https://fireplacesutah.com/layton-utah-fireplace-contractor/;0;6;0;7.833.333.333.333.330;;
fireplace nearby;https://fireplacesutah.com/;0;1;0;9;;
fireplace nomenclature;https://fireplacesutah.com/fireplace-installation-terms-finishing-flue-hearth-mantel/;0;1;0;89;;
fireplace odor eliminator;https://fireplacesutah.com/avoiding-fireplace-odors-vinegar-charcoal-inspection/;0;1;0;1;;
fireplace odor neutralizer;https://fireplacesutah.com/avoiding-fireplace-odors-vinegar-charcoal-inspection/;0;1;0;16;;
fireplace odor removal;https://fireplacesutah.com/avoiding-fireplace-odors-vinegar-charcoal-inspection/;0;20;0;11.75;;
fireplace odors;https://fireplacesutah.com/avoiding-fireplace-odors-vinegar-charcoal-inspection/;0;1;0;15;;
fireplace ogden utah;https://fireplacesutah.com/build-your-fireplace/;0;26;0;5.5;;
fireplace ogden utah;https://fireplacesutah.com/fireplace-design-installation-in-ogden-utah;0;8;0;12.125;;
fireplace ogden utah;https://fireplacesutah.com/fireplace-design-installation-in-ogden-utah/;0;7;0;13.285.714.285.714.200;;
fireplace ogden utah;https://fireplacesutah.com/gallery/;0;16;0;6.25;;
fireplace ogden utah;https://fireplacesutah.com/products/;0;26;0;5.5;;
fireplace ogden utah;https://fireplacesutah.com/reviews/;0;16;0;6.25;;
fireplace ogden utah;https://fireplacesutah.com/showrooms/;0;27;0;67.407.407.407.407.400;;
fireplace ogden utah;https://fireplacesutah.com/specials/;0;26;0;5.5;;
fireplace ogden utah;https://fireplacesutah.com/videos/;0;16;0;6.25;;
fireplace opening dimensions;https://fireplacesutah.com/wp-content/uploads/2019/10/framing-FF-H-wood.pdf;0;6;0;92.5;;
fireplace or chimney;https://fireplacesutah.com/gas-fireplaces-and-chimneys-basics-and-types/;0;2;0;88;;
fireplace orem utah;https://fireplacesutah.com/;0;1;0;16;;
fireplace outfitters;https://fireplacesutah.com/;0;1;0;96;;
fireplace parts;https://fireplacesutah.com/fireplace-blowers-basics-and-how-they-work/;0;1;0;1;;
fireplace parts near me;https://fireplacesutah.com/;0;1;0;1;;
fireplace parts store near me;https://fireplacesutah.com/;0;1;0;1;;
fireplace pavers provo;https://fireplacesutah.com/;0;86;0;968.953.488.372.093;;
fireplace pavers provo;https://fireplacesutah.com/indoor-outdoor-fireplaces-in-salt-lake-city-utah/;0;1;0;56;;
fireplace pavers utah;https://fireplacesutah.com/;0;92;0;2.282.608.695.652.170;;
fireplace pavers utah;https://fireplacesutah.com/utah-fireplace-accessories-panels-media-surround-venting/;0;14;0;66;;
fireplace person near me;https://fireplacesutah.com/fireplace-repair-service/;0;1;0;6;;
fireplace pilot assembly;https://fireplacesutah.com/gas-fireplace-lifespan-factors-blower-pilot-maintenance/;0;1;0;3;;
fireplace pilot assembly replacement;https://fireplacesutah.com/gas-fireplace-lifespan-factors-blower-pilot-maintenance/;0;3;0;1;;
fireplace pipe blower;https://fireplacesutah.com/fireplace-blowers-answering-common-questions/;0;2;0;1.5;;
fireplace place;https://fireplacesutah.com/fireplace-design-installation-in-ogden-utah/;0;2;0;20;;
fireplace place near me;https://fireplacesutah.com/layton-utah-fireplace-contractor/;0;1;0;11;;
fireplace place orem;https://fireplacesutah.com/fireplace-design-installation-in-ogden-utah;0;1;0;76;;
fireplace places near me;https://fireplacesutah.com/herriman-utah-fireplace-design-installation-repair/;0;1;0;10;;
fireplace preparation;https://fireplacesutah.com/preparing-fireplaces-new-season/;0;2;0;1;;
fireplace pro;https://fireplacesutah.com/;0;2;0;3.5;;
fireplace professionals;https://fireplacesutah.com/;0;2;0;7.5;;
fireplace professionals;https://fireplacesutah.com/fireplace-repair-service/;0;1;0;33;;
fireplace pros;https://fireplacesutah.com/;0;1;0;8;;
fireplace protection;https://fireplacesutah.com/basic-tips-on-how-to-baby-proof-your-fireplace-area/;0;4;0;54.25;;
fireplace protection for babies;https://fireplacesutah.com/basic-tips-on-how-to-baby-proof-your-fireplace-area/;0;26;0;6.653.846.153.846.150;;
fireplace quote utah;https://fireplacesutah.com/;0;11;0;31.818.181.818.181.800;;
fireplace quote utah;https://fireplacesutah.com/build-your-fireplace/;0;6;0;2.833.333.333.333.330;;
fireplace quote utah;https://fireplacesutah.com/fireplace-repair-service/;0;1;0;35;;
fireplace quote utah;https://fireplacesutah.com/fireplace-services-in-draper-utah/;0;9;0;2.188.888.888.888.880;;
fireplace quote utah;https://fireplacesutah.com/indoor-outdoor-fireplaces-in-salt-lake-city-utah/;0;4;0;78.75;;
fireplace quote utah;https://fireplacesutah.com/layton-utah-fireplace-contractor/;0;9;0;3.555.555.555.555.550;;
fireplace quote utah;https://fireplacesutah.com/products/;0;6;0;2.833.333.333.333.330;;
fireplace quote utah;https://fireplacesutah.com/reviews/;0;6;0;2.833.333.333.333.330;;
fireplace quote utah;https://fireplacesutah.com/specials/;0;6;0;2.833.333.333.333.330;;
fireplace rebuilds;https://fireplacesutah.com/fireplace-repair-service/;0;5;0;91.4;;
fireplace refurbish;https://fireplacesutah.com/replace-your-fireplace/;0;1;0;87;;
fireplace refurbishing;https://fireplacesutah.com/fireplace-services-in-bountiful-utah/;0;5;0;85;;
fireplace refurbishing service;https://fireplacesutah.com/fireplace-services-in-riverton-utah/;0;2;0;93;;
fireplace refurbishing service crystal lake;https://fireplacesutah.com/fireplace-services-in-bluffdale-utah/;0;1;0;54;;
fireplace remodel contractors;https://fireplacesutah.com/;0;10;0;20.2;;
fireplace remodel contractors;https://fireplacesutah.com/fireplace-services-in-bluffdale-utah/;0;10;0;49.1;;
fireplace remodel contractors;https://fireplacesutah.com/herriman-utah-fireplace-design-installation-repair/;0;19;0;7.652.631.578.947.360;;
fireplace remodel contractors;https://fireplacesutah.com/sandy-utah-fireplace-contractor/;0;2;0;57;;
fireplace remodel near me;https://fireplacesutah.com/;0;5;0;7.8;;
fireplace remodel near me;https://fireplacesutah.com/fireplace-services-in-bountiful-utah/;0;1;0;10;;
fireplace remodelers;https://fireplacesutah.com/;0;2;0;8;;
fireplace remodelers;https://fireplacesutah.com/herriman-utah-fireplace-design-installation-repair/;0;1;0;28;;
fireplace remodelers;https://fireplacesutah.com/replace-your-fireplace/;0;2;0;16.5;;
fireplace remodeling near me;https://fireplacesutah.com/;0;1;0;9;;
fireplace remodeling oakdale;https://fireplacesutah.com/;0;1;0;86;;
fireplace remodeling oyster bay;https://fireplacesutah.com/;0;2;0;10;;
fireplace rennovation services;https://fireplacesutah.com/fireplace-repair-service/;0;2;0;73.5;;
fireplace rennovation services;https://fireplacesutah.com/fireplace-services-in-west-valley-city-utah/;0;2;0;72;;
fireplace rennovation services;https://fireplacesutah.com/replace-your-fireplace/;0;1;0;22;;
fireplace renovation near me;https://fireplacesutah.com/layton-utah-fireplace-contractor/;0;4;0;6.75;;
fireplace renovation services;https://fireplacesutah.com/fireplace-repair-service/;0;1;0;88;;
fireplace renovations near me;https://fireplacesutah.com/;0;1;0;10;;
fireplace repair;https://fireplacesutah.com/fireplace-services-in-cottonwood-heights-utah/;0;3;0;4;;
fireplace repair;https://fireplacesutah.com/fireplace-services-in-draper-utah/;0;3;0;4.333.333.333.333.330;;
fireplace repair;https://fireplacesutah.com/fireplace-services-in-farmington-utah/;0;1;0;5;;
fireplace repair;https://fireplacesutah.com/fireplace-services-in-kaysville-utah/;0;4;0;4;;
fireplace repair;https://fireplacesutah.com/fireplace-services-in-riverton-utah/;0;4;0;5.75;;
fireplace repair;https://fireplacesutah.com/fireplace-services-in-roy-utah/;0;3;0;2;;
fireplace repair;https://fireplacesutah.com/fireplace-services-in-south-jordan-utah/;0;12;0;2.916.666.666.666.660;;
fireplace repair;https://fireplacesutah.com/fireplace-services-in-west-valley-city-utah/;0;2;0;3.5;;
fireplace repair;https://fireplacesutah.com/fireplaces-fire-pits-wood-stoves-in-park-city-utah/;0;5;0;5.4;;
fireplace repair;https://fireplacesutah.com/five-signs-fireplace-needs-professional-service/;0;1;0;9;;
fireplace repair;https://fireplacesutah.com/heber-city-utahs-fireplace-experts/;0;2;0;4;;
fireplace repair;https://fireplacesutah.com/herriman-utah-fireplace-design-installation-repair/;0;6;0;4.833.333.333.333.330;;
fireplace repair;https://fireplacesutah.com/layton-utah-fireplace-contractor/;0;8;0;4.375;;
fireplace repair and maintenance;https://fireplacesutah.com/fireplace-repair-service/;0;11;0;5.790.909.090.909.090;;
fireplace repair and maintenance;https://fireplacesutah.com/fireplace-services-in-midvale-utah/;0;4;0;57.5;;
fireplace repair and service;https://fireplacesutah.com/fireplace-repair-service/;0;6;0;63;;
fireplace repair battery park city;https://fireplacesutah.com/fireplace-blowers-answering-common-questions/;0;1;0;40;;
fireplace repair bountiful;https://fireplacesutah.com/fireplace-repair-service/;0;20;0;38.95;;
fireplace repair bountiful;https://fireplacesutah.com/fireplace-services-in-bluffdale-utah/;0;26;0;4.565.384.615.384.610;;
fireplace repair bountiful;https://fireplacesutah.com/fireplace-services-in-bountiful-utah/;0;41;0;4.853.658.536.585.360;;
fireplace repair bountiful;https://fireplacesutah.com/fireplace-services-in-centerville-utah/;0;24;0;60.875;;
fireplace repair bountiful;https://fireplacesutah.com/fireplace-services-in-riverton-utah/;0;6;0;83.5;;
fireplace repair bountiful;https://fireplacesutah.com/fireplace-services-in-west-valley-city-utah/;0;6;0;93;;
fireplace repair bountiful;https://fireplacesutah.com/layton-utah-fireplace-contractor/;0;6;0;6.783.333.333.333.330;;
fireplace repair brookdale;https://fireplacesutah.com/fireplace-services-in-bluffdale-utah/;0;9;0;54;;
fireplace repair colorado springs;https://fireplacesutah.com/fireplace-repair-service/;0;1;0;1;;
fireplace repair companies near me;https://fireplacesutah.com/fireplace-services-in-south-jordan-utah/;0;2;0;12;;
fireplace repair companies near me;https://fireplacesutah.com/fireplaces-fire-pits-wood-stoves-in-park-city-utah/;0;1;0;11;;
fireplace repair companies near me;https://fireplacesutah.com/layton-utah-fireplace-contractor/;0;1;0;4;;
fireplace repair company;https://fireplacesutah.com/fireplace-repair-service/;0;1;0;7;;
fireplace repair company near me;https://fireplacesutah.com/fireplace-design-installation-in-ogden-utah;0;1;0;6;;
fireplace repair contractors;https://fireplacesutah.com/fireplace-repair-service/;0;4;0;59.5;;
fireplace repair contractors;https://fireplacesutah.com/fireplace-services-in-bluffdale-utah/;0;1;0;52;;
fireplace repair contractors;https://fireplacesutah.com/fireplace-services-in-riverton-utah/;0;9;0;8.477.777.777.777.770;;
fireplace repair garden city park;https://fireplacesutah.com/fireplaces-fire-pits-wood-stoves-in-park-city-utah/;0;3;0;8.066.666.666.666.660;;
fireplace repair gas;https://fireplacesutah.com/fireplace-repair-service/;0;36;0;4.969.444.444.444.440;;
fireplace repair kensington;https://fireplacesutah.com/fireplace-services-in-west-valley-city-utah/;0;1;0;6;;
fireplace repair near me;https://fireplacesutah.com/fireplace-design-installation-in-morgan-utah/;0;3;0;5.333.333.333.333.330;;
fireplace repair near me;https://fireplacesutah.com/fireplace-repair-service/;0;185;0;7.664.864.864.864.860;;
fireplace repair near me;https://fireplacesutah.com/fireplace-services-in-bluffdale-utah/;0;21;0;5.076.190.476.190.470;;
fireplace repair near me;https://fireplacesutah.com/fireplace-services-in-bountiful-utah/;0;8;0;7.625;;
fireplace repair near me;https://fireplacesutah.com/fireplace-services-in-centerville-utah/;0;2;0;9;;
fireplace repair near me;https://fireplacesutah.com/fireplace-services-in-cottonwood-heights-utah/;0;1;0;12;;
fireplace repair near me;https://fireplacesutah.com/fireplace-services-in-draper-utah/;0;7;0;8.142.857.142.857.140;;
fireplace repair near me;https://fireplacesutah.com/fireplace-services-in-kaysville-utah/;0;3;0;33.333.333.333.333.300;;
fireplace repair near me;https://fireplacesutah.com/fireplace-services-in-riverton-utah/;0;9;0;5.444.444.444.444.440;;
fireplace repair near me;https://fireplacesutah.com/fireplace-services-in-roy-utah/;0;5;0;4.8;;
fireplace repair near me;https://fireplacesutah.com/fireplace-services-in-south-jordan-utah/;0;18;0;29.444.444.444.444.400;;
fireplace repair near me;https://fireplacesutah.com/fireplace-services-in-west-valley-city-utah/;0;7;0;7;;
fireplace repair near me;https://fireplacesutah.com/heber-city-utahs-fireplace-experts/;0;3;0;7.666.666.666.666.660;;
fireplace repair near me;https://fireplacesutah.com/herriman-utah-fireplace-design-installation-repair/;0;8;0;12.625;;
fireplace repair near me;https://fireplacesutah.com/layton-utah-fireplace-contractor/;0;22;0;7.363.636.363.636.360;;
fireplace repair near me;https://fireplacesutah.com/sandy-utah-fireplace-contractor/;0;1;0;8;;
fireplace repair near me gas;https://fireplacesutah.com/fireplace-repair-service/;0;2;0;8.5;;
fireplace repair near me within 5 mi;https://fireplacesutah.com/fireplace-repair-service/;0;1;0;69;;
fireplace repair old field;https://fireplacesutah.com/fireplace-repair-service/;0;45;0;7.704.444.444.444.440;;
fireplace repair salt lake city;https://fireplacesutah.com/fireplace-repair-service/;0;266;0;10.477.443.609.022.500;;
fireplace repair salt lake city;https://fireplacesutah.com/fireplace-services-in-west-valley-city-utah/;0;15;0;29.4;;
fireplace repair salt lake city;https://fireplacesutah.com/reviews/;0;1;0;1;;
fireplace repair service;https://fireplacesutah.com/fireplace-repair-service/;0;6;0;30.333.333.333.333.300;;
fireplace repair service near me;https://fireplacesutah.com/fireplace-repair-service/;0;4;0;8.75;;
fireplace repair utah;https://fireplacesutah.com/;0;13;0;8.846.153.846.153.840;;
fireplace repair utah;https://fireplacesutah.com/build-your-fireplace/;0;1;0;12;;
fireplace repair utah;https://fireplacesutah.com/fireplace-repair-service/;0;24;0;5;;
fireplace repair utah;https://fireplacesutah.com/fireplace-services-in-bluffdale-utah/;0;2;0;26.5;;
fireplace repair utah;https://fireplacesutah.com/gallery/;0;1;0;12;;
fireplace repair utah;https://fireplacesutah.com/products/;0;1;0;12;;
fireplace repair utah;https://fireplacesutah.com/replace-your-fireplace/;0;1;0;88;;
fireplace repair utah;https://fireplacesutah.com/reviews/;0;1;0;12;;
fireplace repair utah;https://fireplacesutah.com/showrooms/;0;1;0;12;;
fireplace repair utah;https://fireplacesutah.com/specials/;0;1;0;12;;
fireplace repair utah;https://fireplacesutah.com/videos/;0;1;0;12;;
fireplace repair utah county;https://fireplacesutah.com/;0;5;0;9.6;;
fireplace repair utah county;https://fireplacesutah.com/fireplace-repair-service/;0;23;0;13.521.739.130.434.700;;
fireplace repair utah county;https://fireplacesutah.com/fireplace-services-in-bluffdale-utah/;0;52;0;8.461.538.461.538.460;;
fireplace repair utah county;https://fireplacesutah.com/fireplace-services-in-south-jordan-utah/;0;1;0;18;;
fireplace repair west side;https://fireplacesutah.com/easy-steps-to-start-a-gas-fireplace/;0;1;0;60;;
fireplace repairman;https://fireplacesutah.com/fireplace-repair-service/;0;2;0;9;;
fireplace repairman;https://fireplacesutah.com/fireplace-services-in-riverton-utah/;0;1;0;12;;
fireplace repairman;https://fireplacesutah.com/fireplace-services-in-roy-utah/;0;1;0;2;;
fireplace repairman;https://fireplacesutah.com/fireplace-services-in-south-jordan-utah/;0;1;0;4;;
fireplace repairman;https://fireplacesutah.com/sandy-utah-fireplace-contractor/;0;1;0;4;;
fireplace repairman near me;https://fireplacesutah.com/fireplace-services-in-bluffdale-utah/;0;6;0;50.666.666.666.666.600;;
fireplace repairman near me;https://fireplacesutah.com/sandy-utah-fireplace-contractor/;0;1;0;5;;
fireplace repairs;https://fireplacesutah.com/fireplace-repair-service/;0;8;0;10.625;;
fireplace repairs;https://fireplacesutah.com/fireplace-services-in-kaysville-utah/;0;1;0;4;;
fireplace repairs;https://fireplacesutah.com/layton-utah-fireplace-contractor/;0;1;0;4;;
fireplace repairs gas;https://fireplacesutah.com/fireplace-repair-service/;0;11;0;5.136.363.636.363.630;;
fireplace repairs in my area;https://fireplacesutah.com/fireplace-repair-service/;0;1;0;8;;
fireplace repairs near me;https://fireplacesutah.com/;0;1;0;9;;
fireplace repairs near me;https://fireplacesutah.com/fireplace-services-in-bountiful-utah/;0;1;0;6;;
fireplace repairs near me;https://fireplacesutah.com/fireplace-services-in-draper-utah/;0;1;0;8;;
fireplace repairs near me;https://fireplacesutah.com/fireplace-services-in-farmington-utah/;0;1;0;8;;
fireplace replace;https://fireplacesutah.com/;0;1;0;7;;
fireplace replace;https://fireplacesutah.com/replace-your-fireplace/;0;4;0;54.25;;
fireplace replacement;https://fireplacesutah.com/;0;6;0;9.333.333.333.333.330;;
fireplace replacement near me;https://fireplacesutah.com/layton-utah-fireplace-contractor/;0;2;0;6;;
fireplace replacement utah;https://fireplacesutah.com/;0;11;0;28.181.818.181.818.100;;
fireplace replacement utah;https://fireplacesutah.com/build-your-fireplace/;0;4;0;4;;
fireplace replacement utah;https://fireplacesutah.com/fireplace-design-installation-in-ogden-utah;0;5;0;39.4;;
fireplace replacement utah;https://fireplacesutah.com/fireplace-design-installation-in-ogden-utah/;0;2;0;48.5;;
fireplace replacement utah;https://fireplacesutah.com/fireplace-services-in-bluffdale-utah/;0;9;0;6.655.555.555.555.550;;
fireplace replacement utah;https://fireplacesutah.com/layton-utah-fireplace-contractor/;0;11;0;31.454.545.454.545.400;;
fireplace replacement utah;https://fireplacesutah.com/products/;0;4;0;4;;
fireplace replacement utah;https://fireplacesutah.com/replace-your-fireplace/;0;10;0;22.8;;
fireplace replacement utah;https://fireplacesutah.com/reviews/;0;4;0;4;;
fireplace replacement utah;https://fireplacesutah.com/specials/;0;4;0;4;;
fireplace restorers;https://fireplacesutah.com/fireplace-repair-service/;0;13;0;8.584.615.384.615.380;;
fireplace retailer near me;https://fireplacesutah.com/;0;1;0;11;;
fireplace retailers near me;https://fireplacesutah.com/;0;4;0;11.25;;
fireplace retailers near me;https://fireplacesutah.com/indoor-outdoor-fireplaces-in-salt-lake-city-utah/;0;3;0;8;;
fireplace retailers near me;https://fireplacesutah.com/showrooms/;0;1;0;8;;
fireplace safety baby;https://fireplacesutah.com/basic-tips-on-how-to-baby-proof-your-fireplace-area/;0;2;0;1;;
fireplace safety for babies;https://fireplacesutah.com/basic-tips-on-how-to-baby-proof-your-fireplace-area/;0;31;0;13.064.516.129.032.200;;
fireplace safety for toddlers;https://fireplacesutah.com/basic-tips-on-how-to-baby-proof-your-fireplace-area/;0;1;0;2;;
fireplace safety gate;https://fireplacesutah.com/basic-tips-on-how-to-baby-proof-your-fireplace-area/;0;5;0;2;;
fireplace safety gate for toddlers;https://fireplacesutah.com/basic-tips-on-how-to-baby-proof-your-fireplace-area/;0;1;0;41;;
fireplace sales;https://fireplacesutah.com/;0;3;0;4;;
fireplace sales and installation;https://fireplacesutah.com/fireplace-design-installation-in-ogden-utah;0;3;0;47.333.333.333.333.300;;
fireplace sales and service near me;https://fireplacesutah.com/;0;3;0;10.333.333.333.333.300;;
fireplace sales and service near me;https://fireplacesutah.com/fireplaces-fire-pits-wood-stoves-in-park-city-utah/;0;1;0;7;;
fireplace sales near me;https://fireplacesutah.com/;0;8;0;9.625;;
fireplace sales near me;https://fireplacesutah.com/fireplace-design-installation-in-ogden-utah/;0;1;0;9;;
fireplace salt lake city;https://fireplacesutah.com/build-your-fireplace/;0;45;0;8.222.222.222.222.220;;
fireplace salt lake city;https://fireplacesutah.com/electric-fireplaces/;0;5;0;61.8;;
fireplace salt lake city;https://fireplacesutah.com/fireplace-repair-service/;0;4;0;64.75;;
fireplace salt lake city;https://fireplacesutah.com/gallery/;0;21;0;8.380.952.380.952.380;;
fireplace salt lake city;https://fireplacesutah.com/indoor-outdoor-fireplaces-in-salt-lake-city-utah/;0;40;0;28.65;;
fireplace salt lake city;https://fireplacesutah.com/products/;0;45;0;8.222.222.222.222.220;;
fireplace salt lake city;https://fireplacesutah.com/reviews/;0;21;0;8.380.952.380.952.380;;
fireplace salt lake city;https://fireplacesutah.com/showrooms/;0;57;0;2.370.175.438.596.490;;
fireplace salt lake city;https://fireplacesutah.com/specials/;0;45;0;8.222.222.222.222.220;;
fireplace salt lake city;https://fireplacesutah.com/traditional-gas-fireplaces/;0;33;0;3.660.606.060.606.060;;
fireplace salt lake city;https://fireplacesutah.com/videos/;0;21;0;8.380.952.380.952.380;;
fireplace screen baby proof;https://fireplacesutah.com/basic-tips-on-how-to-baby-proof-your-fireplace-area/;0;1;0;1;;
fireplace screen kid safe;https://fireplacesutah.com/basic-tips-on-how-to-baby-proof-your-fireplace-area/;0;1;0;1;;
fireplace screen repair near me;https://fireplacesutah.com/;0;1;0;5;;
fireplace screen replacement near me;https://fireplacesutah.com/;0;2;0;11.5;;
fireplace season;https://fireplacesutah.com/preparing-fireplaces-new-season/;0;7;0;13.857.142.857.142.800;;
fireplace service;https://fireplacesutah.com/fireplace-repair-service/;0;14;0;9.571.428.571.428.570;;
fireplace service;https://fireplacesutah.com/fireplace-services-in-bluffdale-utah/;0;1;0;8;;
fireplace service;https://fireplacesutah.com/fireplace-services-in-farmington-utah/;0;1;0;6;;
fireplace service;https://fireplacesutah.com/fireplace-services-in-riverton-utah/;0;1;0;3;;
fireplace service;https://fireplacesutah.com/fireplace-services-in-south-jordan-utah/;0;1;0;4;;
fireplace service;https://fireplacesutah.com/fireplace-services-in-west-valley-city-utah/;0;2;0;3;;
fireplace service;https://fireplacesutah.com/fireplaces-fire-pits-wood-stoves-in-park-city-utah/;0;2;0;10;;
fireplace service;https://fireplacesutah.com/herriman-utah-fireplace-design-installation-repair/;0;1;0;5;;
fireplace service;https://fireplacesutah.com/sandy-utah-fireplace-contractor/;0;3;0;36.666.666.666.666.600;;
fireplace service and repair;https://fireplacesutah.com/;0;1;0;7;;
fireplace service and repair;https://fireplacesutah.com/fireplace-repair-service/;0;19;0;968.421.052.631.579;;
fireplace service and repair;https://fireplacesutah.com/fireplace-services-in-cottonwood-heights-utah/;0;1;0;4;;
fireplace service and repair;https://fireplacesutah.com/fireplace-services-in-draper-utah/;0;4;0;3.5;;
fireplace service and repair;https://fireplacesutah.com/fireplace-services-in-south-jordan-utah/;0;1;0;3;;
fireplace service and repair;https://fireplacesutah.com/fireplaces-fire-pits-wood-stoves-in-park-city-utah/;0;1;0;7;;
fireplace service and repair;https://fireplacesutah.com/layton-utah-fireplace-contractor/;0;1;0;4;;
fireplace service and repair near me;https://fireplacesutah.com/fireplace-repair-service/;0;2;0;9;;
fireplace service and repair near me;https://fireplacesutah.com/fireplace-services-in-bountiful-utah/;0;1;0;5;;
fireplace service and repair near me;https://fireplacesutah.com/layton-utah-fireplace-contractor/;0;1;0;7;;
fireplace service companies near me;https://fireplacesutah.com/fireplace-repair-service/;0;1;0;10;;
fireplace service companies near me;https://fireplacesutah.com/fireplaces-fire-pits-wood-stoves-in-park-city-utah/;0;1;0;11;;
fireplace service companies near me;https://fireplacesutah.com/herriman-utah-fireplace-design-installation-repair/;0;1;0;4;;
fireplace service gas;https://fireplacesutah.com/fireplace-repair-service/;0;27;0;5.303.703.703.703.700;;
fireplace service near me;https://fireplacesutah.com/;0;4;0;5;;
fireplace service near me;https://fireplacesutah.com/fireplace-services-in-bluffdale-utah/;0;67;0;4.416.417.910.447.760;;
fireplace service near me;https://fireplacesutah.com/fireplace-services-in-cottonwood-heights-utah/;0;2;0;9;;
fireplace service near me;https://fireplacesutah.com/fireplace-services-in-kaysville-utah/;0;2;0;4.5;;
fireplace service near me;https://fireplacesutah.com/fireplace-services-in-riverton-utah/;0;2;0;4;;
fireplace service near me;https://fireplacesutah.com/fireplace-services-in-roy-utah/;0;1;0;2;;
fireplace service near me;https://fireplacesutah.com/fireplace-services-in-west-valley-city-utah/;0;2;0;7.5;;
fireplace service near me;https://fireplacesutah.com/fireplaces-fire-pits-wood-stoves-in-park-city-utah/;0;1;0;11;;
fireplace service near me;https://fireplacesutah.com/five-signs-fireplace-needs-professional-service/;0;5;0;1.2;;
fireplace service near me;https://fireplacesutah.com/gas-fireplace-lifespan-factors-blower-pilot-maintenance/;0;1;0;3;;
fireplace service near me;https://fireplacesutah.com/layton-utah-fireplace-contractor/;0;10;0;6;;
fireplace service near me;https://fireplacesutah.com/sandy-utah-fireplace-contractor/;0;2;0;8;;
fireplace service near me gas;https://fireplacesutah.com/fireplace-repair-service/;0;4;0;7.25;;
fireplace service near me gas;https://fireplacesutah.com/layton-utah-fireplace-contractor/;0;1;0;7;;
fireplace service near me gas;https://fireplacesutah.com/sandy-utah-fireplace-contractor/;0;1;0;6;;
fireplace service north ogden ut;https://fireplacesutah.com/fireplace-design-installation-in-ogden-utah;0;3;0;20.666.666.666.666.600;;
fireplace service ogden ut;https://fireplacesutah.com/;0;4;0;23.75;;
fireplace service ogden ut;https://fireplacesutah.com/fireplace-design-installation-in-ogden-utah;0;4;0;5.25;;
fireplace service ogden ut;https://fireplacesutah.com/fireplace-design-installation-in-ogden-utah/;0;1;0;6;;
fireplace service ogden ut;https://fireplacesutah.com/fireplace-repair-service/;0;5;0;30.6;;
fireplace service salt lake city;https://fireplacesutah.com/;0;3;0;26.666.666.666.666.600;;
fireplace service salt lake city;https://fireplacesutah.com/fireplace-repair-service/;0;72;0;1.013.888.888.888.880;;
fireplace service salt lake city;https://fireplacesutah.com/fireplace-services-in-west-valley-city-utah/;0;1;0;18;;
fireplace service salt lake city;https://fireplacesutah.com/replace-your-fireplace/;0;1;0;33;;
fireplace service technician;https://fireplacesutah.com/fireplace-repair-service/;0;2;0;22;;
fireplace service utah county;https://fireplacesutah.com/;0;4;0;19.75;;
fireplace service utah county;https://fireplacesutah.com/fireplace-repair-service/;0;29;0;11.482.758.620.689.600;;
fireplace services;https://fireplacesutah.com/;0;6;0;7.833.333.333.333.330;;
fireplace services;https://fireplacesutah.com/fireplace-repair-service/;0;1;0;10;;
fireplace services;https://fireplacesutah.com/fireplace-services-in-roy-utah/;0;1;0;4;;
fireplace services;https://fireplacesutah.com/sandy-utah-fireplace-contractor/;0;1;0;2;;
fireplace services herriman ut;https://fireplacesutah.com/fireplace-repair-service/;0;6;0;14.666.666.666.666.600;;
fireplace services herriman ut;https://fireplacesutah.com/fireplace-services-in-bluffdale-utah/;0;47;0;13.425.531.914.893.600;;
fireplace services herriman ut;https://fireplacesutah.com/fireplace-services-in-south-jordan-utah/;0;23;0;18.391.304.347.826.000;;
fireplace services herriman ut;https://fireplacesutah.com/herriman-utah-fireplace-design-installation-repair/;0;105;0;36.476.190.476.190.400;;
fireplace services near me;https://fireplacesutah.com/fireplace-repair-service/;0;1;0;10;;
fireplace services near me;https://fireplacesutah.com/fireplace-services-in-bluffdale-utah/;0;20;0;26.65;;
fireplace services near me;https://fireplacesutah.com/fireplace-services-in-south-jordan-utah/;0;1;0;3;;
fireplace servicing;https://fireplacesutah.com/fireplace-services-in-riverton-utah/;0;1;0;6;;
fireplace servicing;https://fireplacesutah.com/fireplace-services-in-south-jordan-utah/;0;1;0;4;;
fireplace servicing near me;https://fireplacesutah.com/fireplace-repair-service/;0;1;0;5;;
fireplace servicing near me;https://fireplacesutah.com/fireplace-services-in-bluffdale-utah/;0;2;0;22.5;;
fireplace setup;https://fireplacesutah.com/fireplace-installation-guide/;0;2;0;37;;
fireplace shelf;https://fireplacesutah.com/fireplace-installation-terms-finishing-flue-hearth-mantel/;0;1;0;2;;
fireplace shop near me;https://fireplacesutah.com/;0;5;0;10.6;;
fireplace shoppe near me;https://fireplacesutah.com/fireplace-services-in-bountiful-utah/;0;2;0;8;;
fireplace shops;https://fireplacesutah.com/;0;1;0;10;;
fireplace shops;https://fireplacesutah.com/fireplace-design-installation-in-ogden-utah;0;2;0;10;;
fireplace shops near me;https://fireplacesutah.com/;0;7;0;10.857.142.857.142.800;;
fireplace shops near me;https://fireplacesutah.com/fireplace-services-in-riverton-utah/;0;1;0;12;;
fireplace shops near me;https://fireplacesutah.com/indoor-outdoor-fireplaces-in-salt-lake-city-utah/;0;1;0;11;;
fireplace shops near me;https://fireplacesutah.com/layton-utah-fireplace-contractor/;0;3;0;6;;
fireplace shops near me;https://fireplacesutah.com/showrooms/;0;4;0;6;;
fireplace show room;https://fireplacesutah.com/;0;1;0;10;;
fireplace showroom;https://fireplacesutah.com/;0;7;0;9.857.142.857.142.850;;
fireplace showroom;https://fireplacesutah.com/fireplace-design-installation-in-ogden-utah;0;2;0;7.5;;
fireplace showroom;https://fireplacesutah.com/herriman-utah-fireplace-design-installation-repair/;0;1;0;4;;
fireplace showroom;https://fireplacesutah.com/layton-utah-fireplace-contractor/;0;1;0;8;;
fireplace showroom;https://fireplacesutah.com/showrooms/;0;2;0;4.5;;
fireplace showroom near me;https://fireplacesutah.com/;0;58;0;44.206.896.551.724.100;;
fireplace showroom near me;https://fireplacesutah.com/fireplace-design-installation-in-ogden-utah;0;17;0;5.211.764.705.882.350;;
fireplace showroom near me;https://fireplacesutah.com/fireplace-design-installation-in-ogden-utah/;0;21;0;63.476.190.476.190.400;;
fireplace showroom near me;https://fireplacesutah.com/fireplace-services-in-south-jordan-utah/;0;2;0;10.5;;
fireplace showroom near me;https://fireplacesutah.com/layton-utah-fireplace-contractor/;0;31;0;3.896.774.193.548.380;;
fireplace showroom near me;https://fireplacesutah.com/showrooms/;0;25;0;21.16;;
fireplace showrooms;https://fireplacesutah.com/;0;1;0;12;;
fireplace sill;https://fireplacesutah.com/fireplace-installation-terms-finishing-flue-hearth-mantel/;0;1;0;2;;
fireplace size vs room size;https://fireplacesutah.com/fireplace-size-variables-prior-space-btus-room-size/;0;5;0;59.4;;
fireplace sizing;https://fireplacesutah.com/fireplace-size-variables-prior-space-btus-room-size/;0;5;0;82.4;;
fireplace solution;https://fireplacesutah.com/;0;2;0;17.5;;
fireplace solution;https://fireplacesutah.com/fireplace-services-in-bluffdale-utah/;0;2;0;49.5;;
fireplace solutions;https://fireplacesutah.com/;0;80;0;718.875;;
fireplace solutions;https://fireplacesutah.com/fireplace-services-in-bluffdale-utah/;0;23;0;49.391.304.347.826.000;;
fireplace solutions;https://fireplacesutah.com/fireplace-services-in-bountiful-utah/;0;1;0;1;;
fireplace solutions;https://fireplacesutah.com/fireplaces-fire-pits-wood-stoves-in-park-city-utah/;0;1;0;1;;
fireplace solutions;https://fireplacesutah.com/sandy-utah-fireplace-contractor/;0;6;0;1;;
fireplace solutions & services;https://fireplacesutah.com/fireplace-repair-service/;0;1;0;89;;
fireplace solutions & services;https://fireplacesutah.com/fireplace-services-in-bluffdale-utah/;0;1;0;19;;
fireplace solutions & services;https://fireplacesutah.com/fireplace-services-in-south-jordan-utah/;0;2;0;55.5;;
fireplace solutions & services reviews;https://fireplacesutah.com/reviews/;0;2;0;25;;
fireplace solutions and services;https://fireplacesutah.com/;0;1;0;52;;
fireplace solutions and services;https://fireplacesutah.com/fireplace-services-in-bluffdale-utah/;0;1;0;58;;
fireplace solutions and services;https://fireplacesutah.com/fireplace-services-in-south-jordan-utah/;0;1;0;28;;
fireplace solutions near me;https://fireplacesutah.com/fireplace-services-in-draper-utah/;0;1;0;1;;
fireplace solutions near me;https://fireplacesutah.com/fireplace-services-in-west-valley-city-utah/;0;2;0;1;;
fireplace specialist;https://fireplacesutah.com/;0;1;0;10;;
fireplace specialists near me;https://fireplacesutah.com/fireplace-services-in-farmington-utah/;0;1;0;1;;
fireplace specialists near me;https://fireplacesutah.com/layton-utah-fireplace-contractor/;0;4;0;4.75;;
fireplace springville ut;https://fireplacesutah.com/;0;1;0;78;;
fireplace stairs;https://fireplacesutah.com/product/modern-front-facing-frameless-fireplace/;0;1;0;1;;
fireplace starting;https://fireplacesutah.com/easy-steps-to-start-a-gas-fireplace/;0;6;0;53;;
fireplace startup;https://fireplacesutah.com/easy-steps-to-start-a-gas-fireplace/;0;3;0;12.333.333.333.333.300;;
fireplace stire near me;https://fireplacesutah.com/;0;1;0;10;;
fireplace store;https://fireplacesutah.com/;0;121;0;1.340.495.867.768.590;;
fireplace store;https://fireplacesutah.com/fireplaces-fire-pits-wood-stoves-in-park-city-utah/;0;2;0;24;;
fireplace store;https://fireplacesutah.com/showrooms/;0;10;0;21.8;;
fireplace store draper;https://fireplacesutah.com/;0;8;0;8.25;;
fireplace store draper;https://fireplacesutah.com/fireplace-services-in-draper-utah/;0;8;0;14.625;;
fireplace store draper;https://fireplacesutah.com/showrooms/;0;8;0;40.625;;
fireplace store draper;https://fireplacesutah.com/videos/;0;2;0;69;;
fireplace store farmington;https://fireplacesutah.com/;0;2;0;7.5;;
fireplace store farmington;https://fireplacesutah.com/fireplace-services-in-farmington-utah/;0;9;0;6.222.222.222.222.220;;
fireplace store layton;https://fireplacesutah.com/;0;9;0;20.444.444.444.444.400;;
fireplace store layton;https://fireplacesutah.com/layton-utah-fireplace-contractor/;0;14;0;4.785.714.285.714.280;;
fireplace store layton;https://fireplacesutah.com/showrooms/;0;4;0;35.5;;
fireplace store near me;https://fireplacesutah.com/fireplace-design-installation-in-ogden-utah;0;1;0;10;;
fireplace store near me;https://fireplacesutah.com/fireplace-design-installation-in-ogden-utah/;0;1;0;9;;
fireplace store near me;https://fireplacesutah.com/fireplace-services-in-kaysville-utah/;0;9;0;1.188.888.888.888.880;;
fireplace store near me;https://fireplacesutah.com/fireplace-services-in-riverton-utah/;0;3;0;9.333.333.333.333.330;;
fireplace store near me;https://fireplacesutah.com/indoor-outdoor-fireplaces-in-salt-lake-city-utah/;0;13;0;26;;
fireplace store near me;https://fireplacesutah.com/layton-utah-fireplace-contractor/;0;9;0;4.677.777.777.777.770;;
fireplace store near me;https://fireplacesutah.com/murray-utah-fireplaces-fire-pits-wood-stoves/;0;1;0;5;;
fireplace store near me;https://fireplacesutah.com/sandy-utah-fireplace-contractor/;0;1;0;1;;
fireplace store near me;https://fireplacesutah.com/showrooms/;0;25;0;21.44;;
fireplace store near me kaysville;https://fireplacesutah.com/;0;5;0;6.8;;
fireplace store near me kaysville;https://fireplacesutah.com/fireplace-services-in-kaysville-utah/;0;7;0;12;;
fireplace store near me kaysville;https://fireplacesutah.com/showrooms/;0;7;0;25.428.571.428.571.400;;
fireplace store near me now;https://fireplacesutah.com/;0;2;0;11.5;;
fireplace store near me now;https://fireplacesutah.com/showrooms/;0;1;0;9;;
fireplace store nearby;https://fireplacesutah.com/;0;2;0;9;;
fireplace store ogden utah;https://fireplacesutah.com/;0;25;0;5.32;;
fireplace store ogden utah;https://fireplacesutah.com/build-your-fireplace/;0;5;0;5.6;;
fireplace store ogden utah;https://fireplacesutah.com/fireplace-design-installation-in-ogden-utah;0;5;0;6;;
fireplace store ogden utah;https://fireplacesutah.com/gallery/;0;4;0;5.75;;
fireplace store ogden utah;https://fireplacesutah.com/products/;0;5;0;5.6;;
fireplace store ogden utah;https://fireplacesutah.com/reviews/;0;4;0;5.75;;
fireplace store ogden utah;https://fireplacesutah.com/showrooms/;0;7;0;5.571.428.571.428.570;;
fireplace store ogden utah;https://fireplacesutah.com/specials/;0;5;0;5.6;;
fireplace store ogden utah;https://fireplacesutah.com/videos/;0;4;0;5.75;;
fireplace store park city;https://fireplacesutah.com/;0;5;0;13.8;;
fireplace store park city;https://fireplacesutah.com/fireplaces-fire-pits-wood-stoves-in-park-city-utah/;0;9;0;8.333.333.333.333.330;;
fireplace store park city;https://fireplacesutah.com/showrooms/;0;1;0;21;;
fireplace store salt lake;https://fireplacesutah.com/;0;17;0;7.882.352.941.176.470;;
fireplace store salt lake;https://fireplacesutah.com/build-your-fireplace/;0;17;0;7.882.352.941.176.470;;
fireplace store salt lake;https://fireplacesutah.com/gallery/;0;2;0;7.5;;
fireplace store salt lake;https://fireplacesutah.com/indoor-outdoor-fireplaces-in-salt-lake-city-utah/;0;12;0;49.333.333.333.333.300;;
fireplace store salt lake;https://fireplacesutah.com/products/;0;17;0;7.882.352.941.176.470;;
fireplace store salt lake;https://fireplacesutah.com/reviews/;0;2;0;7.5;;
fireplace store salt lake;https://fireplacesutah.com/showrooms/;0;19;0;9.368.421.052.631.570;;
fireplace store salt lake;https://fireplacesutah.com/specials/;0;17;0;7.882.352.941.176.470;;
fireplace store salt lake;https://fireplacesutah.com/videos/;0;2;0;7.5;;
fireplace store salt lake city;https://fireplacesutah.com/;0;91;0;9;;
fireplace store salt lake city;https://fireplacesutah.com/build-your-fireplace/;0;51;0;892.156.862.745.098;;
fireplace store salt lake city;https://fireplacesutah.com/gallery/;0;13;0;9.153.846.153.846.150;;
fireplace store salt lake city;https://fireplacesutah.com/indoor-outdoor-fireplaces-in-salt-lake-city-utah/;0;27;0;5.077.777.777.777.770;;
fireplace store salt lake city;https://fireplacesutah.com/products/;0;51;0;892.156.862.745.098;;
fireplace store salt lake city;https://fireplacesutah.com/reviews/;0;13;0;9.153.846.153.846.150;;
fireplace store salt lake city;https://fireplacesutah.com/showrooms/;0;71;0;13.830.985.915.492.900;;
fireplace store salt lake city;https://fireplacesutah.com/specials/;0;51;0;892.156.862.745.098;;
fireplace store salt lake city;https://fireplacesutah.com/videos/;0;13;0;9.153.846.153.846.150;;
fireplace store salt lake county;https://fireplacesutah.com/;0;4;0;7.25;;
fireplace store salt lake county;https://fireplacesutah.com/build-your-fireplace/;0;4;0;7.25;;
fireplace store salt lake county;https://fireplacesutah.com/indoor-outdoor-fireplaces-in-salt-lake-city-utah/;0;3;0;47.333.333.333.333.300;;
fireplace store salt lake county;https://fireplacesutah.com/products/;0;4;0;7.25;;
fireplace store salt lake county;https://fireplacesutah.com/showrooms/;0;4;0;7.25;;
fireplace store salt lake county;https://fireplacesutah.com/specials/;0;4;0;7.25;;
fireplace store sandy;https://fireplacesutah.com/;0;8;0;2.75;;
fireplace store sandy;https://fireplacesutah.com/sandy-utah-fireplace-contractor/;0;16;0;13.625;;
fireplace store sandy;https://fireplacesutah.com/showrooms/;0;14;0;9.357.142.857.142.850;;
fireplace store summit county;https://fireplacesutah.com/;0;10;0;34.5;;
fireplace store utah;https://fireplacesutah.com/;0;14;0;14.857.142.857.142.800;;
fireplace store utah;https://fireplacesutah.com/build-your-fireplace/;0;1;0;11;;
fireplace store utah;https://fireplacesutah.com/fireplace-design-installation-in-ogden-utah;0;1;0;76;;
fireplace store utah;https://fireplacesutah.com/fireplace-design-installation-in-ogden-utah/;0;1;0;28;;
fireplace store utah;https://fireplacesutah.com/gallery/;0;1;0;11;;
fireplace store utah;https://fireplacesutah.com/indoor-outdoor-fireplaces-in-salt-lake-city-utah/;0;5;0;71.2;;
fireplace store utah;https://fireplacesutah.com/products/;0;1;0;11;;
fireplace store utah;https://fireplacesutah.com/reviews/;0;1;0;11;;
fireplace store utah;https://fireplacesutah.com/showrooms/;0;9;0;31;;
fireplace store utah;https://fireplacesutah.com/specials/;0;1;0;11;;
fireplace store utah;https://fireplacesutah.com/videos/;0;1;0;11;;
fireplace store wasatch county;https://fireplacesutah.com/;0;2;0;22.5;;
fireplace store wasatch county;https://fireplacesutah.com/fireplace-design-installation-in-morgan-utah/;0;1;0;40;;
fireplace store wasatch county;https://fireplacesutah.com/fireplaces-fire-pits-wood-stoves-in-park-city-utah/;0;1;0;64;;
fireplace store wasatch county;https://fireplacesutah.com/showrooms/;0;2;0;51.5;;
fireplace store weber county;https://fireplacesutah.com/fireplace-design-installation-in-ogden-utah;0;6;0;23.666.666.666.666.600;;
fireplace store weber county;https://fireplacesutah.com/fireplace-design-installation-in-ogden-utah/;0;3;0;22.666.666.666.666.600;;
fireplace store weber county;https://fireplacesutah.com/showrooms/;0;6;0;8.833.333.333.333.330;;
fireplace stores;https://fireplacesutah.com/;0;50;0;11.08;;
fireplace stores;https://fireplacesutah.com/herriman-utah-fireplace-design-installation-repair/;0;1;0;11;;
fireplace stores;https://fireplacesutah.com/showrooms/;0;4;0;7.5;;
fireplace stores close to me;https://fireplacesutah.com/layton-utah-fireplace-contractor/;0;1;0;8;;
fireplace stores in my area;https://fireplacesutah.com/;0;1;0;12;;
fireplace stores in orange county;https://fireplacesutah.com/;0;1;0;91;;
fireplace stores in salt lake city;https://fireplacesutah.com/;0;5;0;9.2;;
fireplace stores in salt lake city;https://fireplacesutah.com/build-your-fireplace/;0;5;0;9.2;;
fireplace stores in salt lake city;https://fireplacesutah.com/gallery/;0;1;0;9;;
fireplace stores in salt lake city;https://fireplacesutah.com/indoor-outdoor-fireplaces-in-salt-lake-city-utah/;0;2;0;48.5;;
fireplace stores in salt lake city;https://fireplacesutah.com/products/;0;5;0;9.2;;
fireplace stores in salt lake city;https://fireplacesutah.com/reviews/;0;1;0;9;;
fireplace stores in salt lake city;https://fireplacesutah.com/showrooms/;0;6;0;15;;
fireplace stores in salt lake city;https://fireplacesutah.com/specials/;0;5;0;9.2;;
fireplace stores in salt lake city;https://fireplacesutah.com/videos/;0;1;0;9;;
fireplace stores near me;https://fireplacesutah.com/fireplace-design-installation-in-morgan-utah/;0;4;0;6.75;;
fireplace stores near me;https://fireplacesutah.com/fireplace-design-installation-in-ogden-utah;0;7;0;7.571.428.571.428.570;;
fireplace stores near me;https://fireplacesutah.com/fireplace-design-installation-in-ogden-utah/;0;5;0;8.2;;
fireplace stores near me;https://fireplacesutah.com/fireplace-services-in-bluffdale-utah/;0;2;0;7;;
fireplace stores near me;https://fireplacesutah.com/fireplace-services-in-centerville-utah/;0;1;0;5;;
fireplace stores near me;https://fireplacesutah.com/fireplace-services-in-riverton-utah/;0;7;0;7.285.714.285.714.280;;
fireplace stores near me;https://fireplacesutah.com/fireplace-services-in-roy-utah/;0;6;0;9.166.666.666.666.660;;
fireplace stores near me;https://fireplacesutah.com/fireplace-services-in-south-jordan-utah/;0;1;0;9;;
fireplace stores near me;https://fireplacesutah.com/herriman-utah-fireplace-design-installation-repair/;0;8;0;9.25;;
fireplace stores near me;https://fireplacesutah.com/indoor-outdoor-fireplaces-in-salt-lake-city-utah/;0;8;0;6.375;;
fireplace stores near me;https://fireplacesutah.com/layton-utah-fireplace-contractor/;0;24;0;9.875;;
fireplace stores near me;https://fireplacesutah.com/murray-utah-fireplaces-fire-pits-wood-stoves/;0;2;0;4;;
fireplace stores near me;https://fireplacesutah.com/showrooms/;0;43;0;6.767.441.860.465.110;;
fireplace stores near me now;https://fireplacesutah.com/fireplace-services-in-roy-utah/;0;1;0;6;;
fireplace stores near me now;https://fireplacesutah.com/showrooms/;0;2;0;9;;
fireplace stores near my location;https://fireplacesutah.com/;0;1;0;11;;
fireplace stores nearby;https://fireplacesutah.com/showrooms/;0;1;0;6;;
fireplace stores salt lake city;https://fireplacesutah.com/;0;2;0;9;;
fireplace stores salt lake city;https://fireplacesutah.com/build-your-fireplace/;0;2;0;9;;
fireplace stores salt lake city;https://fireplacesutah.com/gallery/;0;1;0;9;;
fireplace stores salt lake city;https://fireplacesutah.com/products/;0;2;0;9;;
fireplace stores salt lake city;https://fireplacesutah.com/reviews/;0;1;0;9;;
fireplace stores salt lake city;https://fireplacesutah.com/showrooms/;0;2;0;9;;
fireplace stores salt lake city;https://fireplacesutah.com/specials/;0;2;0;9;;
fireplace stores salt lake city;https://fireplacesutah.com/videos/;0;1;0;9;;
fireplace suites near me;https://fireplacesutah.com/fireplace-design-installation-in-ogden-utah/;0;1;0;11;;
fireplace suites near me;https://fireplacesutah.com/indoor-outdoor-fireplaces-in-salt-lake-city-utah/;0;1;0;1;;
fireplace supplies store near me;https://fireplacesutah.com/fireplace-design-installation-in-morgan-utah/;0;1;0;6;;
fireplace supplies store near me;https://fireplacesutah.com/showrooms/;0;2;0;6;;
fireplace supply near me;https://fireplacesutah.com/;0;6;0;11.5;;
fireplace supply near me;https://fireplacesutah.com/layton-utah-fireplace-contractor/;0;1;0;12;;
fireplace supply near me;https://fireplacesutah.com/showrooms/;0;4;0;7;;
fireplace supply store near me;https://fireplacesutah.com/;0;6;0;9.5;;
fireplace supply store near me;https://fireplacesutah.com/showrooms/;0;1;0;6;;
fireplace supply stores near me;https://fireplacesutah.com/;0;1;0;11;;
fireplace surround installers near me;https://fireplacesutah.com/;0;2;0;5.5;;
fireplace surround non combustible;https://fireplacesutah.com/non-combustible-utah-fireplace-materials-basics-and-necessity/;0;1;0;3;;
fireplace tech;https://fireplacesutah.com/fireplace-repair-service/;0;1;0;5;;
fireplace technician;https://fireplacesutah.com/fireplace-repair-service/;0;18;0;8.666.666.666.666.660;;
fireplace technician;https://fireplacesutah.com/fireplace-services-in-bluffdale-utah/;0;2;0;2.5;;
fireplace technician;https://fireplacesutah.com/fireplace-services-in-riverton-utah/;0;2;0;6;;
fireplace technician near me;https://fireplacesutah.com/fireplace-services-in-draper-utah/;0;2;0;4.5;;
fireplace technician near me;https://fireplacesutah.com/fireplace-services-in-farmington-utah/;0;1;0;6;;
fireplace technician near me;https://fireplacesutah.com/fireplace-services-in-south-jordan-utah/;0;1;0;4;;
fireplace technician near me;https://fireplacesutah.com/layton-utah-fireplace-contractor/;0;1;0;4;;
fireplace technicians;https://fireplacesutah.com/;0;1;0;4;;
fireplace technicians near me;https://fireplacesutah.com/fireplace-repair-service/;0;1;0;12;;
fireplace terminology;https://fireplacesutah.com/fireplace-installation-terms-chase-clearances-cool-wall/;0;5;0;58;;
fireplace terminology;https://fireplacesutah.com/fireplace-installation-terms-finishing-flue-hearth-mantel/;0;5;0;74.8;;
fireplace terms;https://fireplacesutah.com/fireplace-installation-terms-chase-clearances-cool-wall/;0;2;0;1;;
fireplace terms;https://fireplacesutah.com/fireplace-installation-terms-finishing-flue-hearth-mantel/;0;5;0;66.2;;
fireplace thermostat;https://fireplacesutah.com/benefits-of-a-thermostat-for-gas-fireplaces/;0;94;0;3.648.936.170.212.760;;
fireplace thermostats;https://fireplacesutah.com/benefits-of-a-thermostat-for-gas-fireplaces/;0;6;0;25.166.666.666.666.600;;
fireplace tinder;https://fireplacesutah.com/fire-pit-use-tips-firewood-and-tinder-considerations/;0;3;0;63.333.333.333.333.300;;
fireplace to gas conversion;https://fireplacesutah.com/convert-your-fireplace/;0;10;0;1;;
fireplace to wood burning stove;https://fireplacesutah.com/convert-your-fireplace/;0;2;0;54.5;;
fireplace to wood stove conversion;https://fireplacesutah.com/convert-your-fireplace/;0;1;0;34;;
fireplace toddler safety;https://fireplacesutah.com/basic-tips-on-how-to-baby-proof-your-fireplace-area/;0;1;0;2;;
fireplace tool that blows air;https://fireplacesutah.com/fireplace-blowers-answering-common-questions/;0;1;0;1;;
fireplace top fan;https://fireplacesutah.com/fireplace-blowers-basics-and-how-they-work/;0;1;0;1;;
fireplace tube blower;https://fireplacesutah.com/fireplace-blowers-answering-common-questions/;0;1;0;2;;
fireplace tune up;https://fireplacesutah.com/;0;1;0;1;;
fireplace tune up;https://fireplacesutah.com/fireplace-repair-service/;0;7;0;8.857.142.857.142.850;;
fireplace tune up near me;https://fireplacesutah.com/fireplace-repair-service/;0;3;0;10.333.333.333.333.300;;
fireplace tune up near me;https://fireplacesutah.com/fireplace-services-in-draper-utah/;0;4;0;6.25;;
fireplace tune up near me;https://fireplacesutah.com/fireplace-services-in-roy-utah/;0;1;0;3;;
fireplace tune up near me;https://fireplacesutah.com/fireplace-services-in-south-jordan-utah/;0;5;0;4.6;;
fireplace tune up near me;https://fireplacesutah.com/layton-utah-fireplace-contractor/;0;2;0;3;;
fireplace utah;https://fireplacesutah.com/build-your-fireplace/;0;68;0;5.794.117.647.058.820;;
fireplace utah;https://fireplacesutah.com/fireplace-design-installation-in-ogden-utah;0;38;0;6.578.947.368.421.050;;
fireplace utah;https://fireplacesutah.com/fireplace-design-installation-in-ogden-utah/;0;49;0;820.204.081.632.653;;
fireplace utah;https://fireplacesutah.com/fireplace-repair-service/;0;85;0;5.683.529.411.764.700;;
fireplace utah;https://fireplacesutah.com/fireplace-services-in-bluffdale-utah/;0;1;0;30;;
fireplace utah;https://fireplacesutah.com/gallery/;0;1;0;4;;
fireplace utah;https://fireplacesutah.com/indoor-outdoor-fireplaces-in-salt-lake-city-utah/;0;29;0;8.324.137.931.034.480;;
fireplace utah;https://fireplacesutah.com/layton-utah-fireplace-contractor/;0;117;0;3.801.709.401.709.400;;
fireplace utah;https://fireplacesutah.com/products/;0;68;0;5.794.117.647.058.820;;
fireplace utah;https://fireplacesutah.com/reviews/;0;68;0;5.794.117.647.058.820;;
fireplace utah;https://fireplacesutah.com/showrooms/;0;1;0;4;;
fireplace utah;https://fireplacesutah.com/specials/;0;68;0;5.794.117.647.058.820;;
fireplace utah;https://fireplacesutah.com/videos/;0;1;0;4;;
fireplace utah county;https://fireplacesutah.com/;0;27;0;11;;
fireplace vendors near me;https://fireplacesutah.com/;0;2;0;1;;
fireplace village;https://fireplacesutah.com/;0;1;0;5;;
fireplace vocabulary;https://fireplacesutah.com/fireplace-installation-terms-finishing-flue-hearth-mantel/;0;2;0;1;;
fireplace vs chimney;https://fireplacesutah.com/gas-fireplaces-and-chimneys-basics-and-types/;0;4;0;87.25;;
fireplace west jordan;https://fireplacesutah.com/;0;54;0;6.648.148.148.148.140;;
fireplace west jordan;https://fireplacesutah.com/custom-fireplace-design-installation-in-west-jordan-utah/;0;57;0;7.912.280.701.754.380;;
fireplace wharehouse;https://fireplacesutah.com/;0;1;0;8;;
fireplace with a blower;https://fireplacesutah.com/fireplace-blowers-answering-common-questions/;0;1;0;1;;
fireplace with blower;https://fireplacesutah.com/fireplace-blowers-answering-common-questions/;0;2;0;1;;
fireplace with blower how does it work;https://fireplacesutah.com/fireplace-blowers-answering-common-questions/;0;41;0;7.780.487.804.878.040;;
fireplace with blower how does it work;https://fireplacesutah.com/fireplace-blowers-basics-and-how-they-work/;0;42;0;1;;
fireplace with blowers;https://fireplacesutah.com/fireplace-blowers-answering-common-questions/;0;1;0;78;;
fireplace with ledge;https://fireplacesutah.com/fireplace-installation-terms-finishing-flue-hearth-mantel/;0;1;0;2;;
fireplace with newborn;https://fireplacesutah.com/basic-tips-on-how-to-baby-proof-your-fireplace-area/;0;4;0;1;;
fireplace with thermostat;https://fireplacesutah.com/benefits-of-a-thermostat-for-gas-fireplaces/;0;3;0;44.666.666.666.666.600;;
fireplace with vent;https://fireplacesutah.com/differences-vented-vent-free-fireplaces/;0;1;0;3;;
fireplace wood stove conversion;https://fireplacesutah.com/convert-your-fireplace/;0;1;0;27;;
fireplace work near me;https://fireplacesutah.com/fireplace-services-in-centerville-utah/;0;1;0;6;;
fireplace worker;https://fireplacesutah.com/fireplace-repair-service/;0;1;0;12;;
fireplace workers;https://fireplacesutah.com/fireplace-repair-service/;0;1;0;9;;
fireplace xtrordinair dealers near me;https://fireplacesutah.com/;0;1;0;10;;
fireplace معنى;https://fireplacesutah.com/understanding-meaning-and-importance-of-fireplace-btus/;0;65;0;7.184.615.384.615.380;;
fireplace 意思;https://fireplacesutah.com/understanding-meaning-and-importance-of-fireplace-btus/;0;2;0;9.5;;
fireplace.blower;https://fireplacesutah.com/fireplace-blowers-answering-common-questions/;0;5;0;1;;
fireplace.store near me;https://fireplacesutah.com/;0;1;0;7;;
fireplacea;https://fireplacesutah.com/;0;1;0;11;;
fireplaceblower;https://fireplacesutah.com/fireplace-blowers-answering-common-questions/;0;2;0;1;;
fireplaceblowers.com;https://fireplacesutah.com/fireplace-blowers-answering-common-questions/;0;5;0;31.2;;
fireplaceblowersonline;https://fireplacesutah.com/fireplace-blowers-answering-common-questions/;0;1;0;1;;
fireplaceblowersonline.com;https://fireplacesutah.com/fireplace-blowers-answering-common-questions/;0;1;0;2;;
fireplaced;https://fireplacesutah.com/;0;1;0;6;;
fireplacepro;https://fireplacesutah.com/;0;2;0;2.5;;
fireplaces;https://fireplacesutah.com/;0;91;0;9.945.054.945.054.940;;
fireplaces;https://fireplacesutah.com/products/;0;3;0;11.333.333.333.333.300;;
fireplaces;https://fireplacesutah.com/reviews/;0;3;0;11.333.333.333.333.300;;
fireplaces;https://fireplacesutah.com/specials/;0;3;0;11.333.333.333.333.300;;
fireplaces;https://fireplacesutah.com/understanding-meaning-and-importance-of-fireplace-btus/;0;2;0;2.5;;
fireplaces;https://fireplacesutah.com/videos/;0;3;0;11.333.333.333.333.300;;
fireplaces bountiful;https://fireplacesutah.com/;0;31;0;6.709.677.419.354.830;;
fireplaces bountiful;https://fireplacesutah.com/fireplace-design-installation-in-ogden-utah/;0;8;0;61.625;;
fireplaces bountiful;https://fireplacesutah.com/fireplace-services-in-bountiful-utah/;0;28;0;13.821.428.571.428.500;;
fireplaces bountiful;https://fireplacesutah.com/layton-utah-fireplace-contractor/;0;8;0;38.125;;
fireplaces by design;https://fireplacesutah.com/;0;63;0;3.876.190.476.190.470;;
fireplaces companies;https://fireplacesutah.com/;0;1;0;76;;
fireplaces contractor;https://fireplacesutah.com/layton-utah-fireplace-contractor/;0;2;0;50;;
fireplaces for sale;https://fireplacesutah.com/;0;1;0;1;;
fireplaces for sale near me;https://fireplacesutah.com/;0;1;0;9;;
fireplaces gas near me;https://fireplacesutah.com/layton-utah-fireplace-contractor/;0;1;0;8;;
fireplaces inc;https://fireplacesutah.com/;0;2;0;10.5;;
fireplaces installers;https://fireplacesutah.com/electric-fireplaces/;0;5;0;86.4;;
fireplaces installers;https://fireplacesutah.com/layton-utah-fireplace-contractor/;0;1;0;41;;
fireplaces installers near me;https://fireplacesutah.com/fireplace-design-installation-in-ogden-utah;0;3;0;19.666.666.666.666.600;;
fireplaces installers near me;https://fireplacesutah.com/fireplace-design-installation-in-ogden-utah/;0;2;0;36;;
fireplaces layton ut;https://fireplacesutah.com/;0;2;0;30.5;;
fireplaces layton ut;https://fireplacesutah.com/layton-utah-fireplace-contractor/;0;18;0;5.777.777.777.777.770;;
fireplaces meaning;https://fireplacesutah.com/understanding-meaning-and-importance-of-fireplace-btus/;0;22;0;16.363.636.363.636.300;;
fireplaces near me;https://fireplacesutah.com/;0;4;0;28.75;;
fireplaces near me;https://fireplacesutah.com/fireplace-design-installation-in-morgan-utah/;0;1;0;8;;
fireplaces near me;https://fireplacesutah.com/fireplace-services-in-riverton-utah/;0;1;0;14;;
fireplaces near me;https://fireplacesutah.com/indoor-outdoor-fireplaces-in-salt-lake-city-utah/;0;2;0;12;;
fireplaces near me;https://fireplacesutah.com/layton-utah-fireplace-contractor/;0;18;0;7.833.333.333.333.330;;
fireplaces repair;https://fireplacesutah.com/fireplace-repair-service/;0;24;0;7.383.333.333.333.330;;
fireplaces repair;https://fireplacesutah.com/fireplace-services-in-bluffdale-utah/;0;1;0;45;;
fireplaces repair near me;https://fireplacesutah.com/;0;1;0;11;;
fireplaces repairs;https://fireplacesutah.com/fireplace-repair-service/;0;9;0;8.055.555.555.555.550;;
fireplaces sales near me;https://fireplacesutah.com/;0;2;0;8;;
fireplaces salt lake;https://fireplacesutah.com/;0;18;0;7.833.333.333.333.330;;
fireplaces salt lake;https://fireplacesutah.com/electric-fireplaces/;0;2;0;69.5;;
fireplaces salt lake;https://fireplacesutah.com/indoor-outdoor-fireplaces-in-salt-lake-city-utah/;0;14;0;23.214.285.714.285.700;;
fireplaces salt lake;https://fireplacesutah.com/products/;0;2;0;9.5;;
fireplaces salt lake;https://fireplacesutah.com/reviews/;0;2;0;9.5;;
fireplaces salt lake;https://fireplacesutah.com/showrooms/;0;7;0;48.285.714.285.714.200;;
fireplaces salt lake;https://fireplacesutah.com/specials/;0;2;0;9.5;;
fireplaces salt lake;https://fireplacesutah.com/traditional-gas-fireplaces/;0;13;0;5.038.461.538.461.530;;
fireplaces salt lake city;https://fireplacesutah.com/blog/;0;10;0;7.4;;
fireplaces salt lake city;https://fireplacesutah.com/gallery/;0;10;0;7.4;;
fireplaces salt lake city;https://fireplacesutah.com/indoor-outdoor-fireplaces-in-salt-lake-city-utah/;0;8;0;18.75;;
fireplaces salt lake city;https://fireplacesutah.com/products/;0;33;0;7;;
fireplaces salt lake city;https://fireplacesutah.com/reviews/;0;33;0;7;;
fireplaces salt lake city;https://fireplacesutah.com/showrooms/;0;35;0;10.942.857.142.857.100;;
fireplaces salt lake city;https://fireplacesutah.com/specials/;0;33;0;7;;
fireplaces salt lake city;https://fireplacesutah.com/traditional-gas-fireplaces/;0;3;0;42;;
fireplaces salt lake city;https://fireplacesutah.com/videos/;0;10;0;7.4;;
fireplaces st george utah;https://fireplacesutah.com/fireplace-design-installation-in-morgan-utah/;0;1;0;93;;
fireplaces stores;https://fireplacesutah.com/;0;4;0;10.25;;
fireplaces stores;https://fireplacesutah.com/fireplace-design-installation-in-ogden-utah/;0;1;0;5;;
fireplaces stores;https://fireplacesutah.com/showrooms/;0;1;0;12;;
fireplaces utah;https://fireplacesutah.com/fireplace-design-installation-in-ogden-utah;0;72;0;45.236.111.111.111.100;;
fireplaces utah;https://fireplacesutah.com/fireplace-design-installation-in-ogden-utah/;0;111;0;63.972.972.972.972.900;;
fireplaces utah;https://fireplacesutah.com/fireplace-repair-service/;0;1;0;44;;
fireplaces utah;https://fireplacesutah.com/indoor-outdoor-fireplaces-in-salt-lake-city-utah/;0;170;0;6.487.647.058.823.520;;
fireplaces utah;https://fireplacesutah.com/layton-utah-fireplace-contractor/;0;164;0;49.609.756.097.560.900;;
fireplaces utah;https://fireplacesutah.com/murray-utah-fireplaces-fire-pits-wood-stoves/;0;6;0;59.333.333.333.333.300;;
fireplaces utah;https://fireplacesutah.com/products/;0;3;0;4.666.666.666.666.660;;
fireplaces utah;https://fireplacesutah.com/reviews/;0;3;0;4.666.666.666.666.660;;
fireplaces utah;https://fireplacesutah.com/showrooms/;0;5;0;58;;
fireplaces utah;https://fireplacesutah.com/specials/;0;3;0;4.666.666.666.666.660;;
fireplaces utah;https://fireplacesutah.com/traditional-gas-fireplaces/;0;2;0;72.5;;
fireplaces utah;https://fireplacesutah.com/videos/;0;3;0;4.666.666.666.666.660;;
fireplaces utah county;https://fireplacesutah.com/;0;16;0;128.125;;
fireplaces utah county;https://fireplacesutah.com/indoor-outdoor-fireplaces-in-salt-lake-city-utah/;0;4;0;13.25;;
fireplaces with blowers;https://fireplacesutah.com/fireplace-blowers-answering-common-questions/;0;5;0;61.2;;
fireplaces with blowers;https://fireplacesutah.com/fireplace-blowers-basics-and-how-they-work/;0;7;0;44.714.285.714.285.700;;
fireplacesw;https://fireplacesutah.com/;0;1;0;85;;
fireplacrs;https://fireplacesutah.com/;0;1;0;15;;
fireplaxe;https://fireplacesutah.com/;0;2;0;2.5;;
fireside shop;https://fireplacesutah.com/;0;1;0;7;;
fireside solutions;https://fireplacesutah.com/;0;1;0;5;;
firewood in salt lake city;https://fireplacesutah.com/log-sets/;0;2;0;62;;
firewood near me;https://fireplacesutah.com/fire-pit-use-tips-firewood-and-tinder-considerations/;0;1;0;1;;
firewood park city utah;https://fireplacesutah.com/fireplaces-fire-pits-wood-stoves-in-park-city-utah/;0;1;0;96;;
firewood slc;https://fireplacesutah.com/log-sets/;0;4;0;38;;
firewood tinder;https://fireplacesutah.com/fire-pit-use-tips-firewood-and-tinder-considerations/;0;43;0;16.232.558.139.534.800;;
firplace blower;https://fireplacesutah.com/fireplace-blowers-answering-common-questions/;0;4;0;1;;
firplaces;https://fireplacesutah.com/;0;1;0;7;;
first class fireplace;https://fireplacesutah.com/;0;1;0;3;;
fix a fireplace;https://fireplacesutah.com/fireplace-repair-service/;0;1;0;75;;
fix fireplace;https://fireplacesutah.com/fireplace-repair-service/;0;1;0;10;;
fix fireplace near me;https://fireplacesutah.com/fireplace-repair-service/;0;1;0;7;;
fix fireplace services;https://fireplacesutah.com/fireplace-repair-service/;0;2;0;8;;
fix gas fireplace;https://fireplacesutah.com/fireplace-repair-service/;0;10;0;55.4;;
fix gas fireplace aurora;https://fireplacesutah.com/;0;1;0;15;;
fix gas fireplace near me;https://fireplacesutah.com/fireplace-services-in-kaysville-utah/;0;1;0;3;;
fix my gas fireplace;https://fireplacesutah.com/fireplace-repair-service/;0;12;0;7.041.666.666.666.660;;
fix my gas fireplace near me;https://fireplacesutah.com/fireplace-repair-service/;0;2;0;5.5;;
fix my gas fireplace near me;https://fireplacesutah.com/fireplace-services-in-bountiful-utah/;0;1;0;1;;
fixed;https://fireplacesutah.com/five-signs-fireplace-needs-professional-service/;0;1;0;1;;
fixing a gas fireplace;https://fireplacesutah.com/five-signs-fireplace-needs-professional-service/;0;1;0;1;;
flame blower;https://fireplacesutah.com/fireplace-blowers-basics-and-how-they-work/;0;3;0;2;;
flare 80;https://fireplacesutah.com/wp-content/uploads/2019/10/specs-FF80.pdf;0;1;0;1;;
flare ff;https://fireplacesutah.com/wp-content/uploads/2019/10/specs-FF50.pdf;0;1;0;23;;
flare vent;https://fireplacesutah.com/wp-content/uploads/2019/10/specs-DC70.pdf;0;1;0;88;;
foreplace blower;https://fireplacesutah.com/fireplace-blowers-answering-common-questions/;0;12;0;1;;
foreplace repair;https://fireplacesutah.com/fireplace-repair-service/;0;1;0;4;;
foreplaces;https://fireplacesutah.com/;0;3;0;11.333.333.333.333.300;;
fountain installation herriman ut;https://fireplacesutah.com/herriman-utah-fireplace-design-installation-repair/;0;4;0;36.5;;
frameless fireplace;https://fireplacesutah.com/product/modern-front-facing-frameless-fireplace/;0;13;0;24.846.153.846.153.800;;
framing a fireplace chase;https://fireplacesutah.com/fireplace-installation-terms-chase-clearances-cool-wall/;0;1;0;2;;
free estimate fireplace repair;https://fireplacesutah.com/fireplace-repair-service/;0;2;0;78.5;;
free estimate fireplace repair;https://fireplacesutah.com/fireplace-services-in-bluffdale-utah/;0;5;0;85.8;;
free estimate fireplace repair;https://fireplacesutah.com/fireplace-services-in-bountiful-utah/;0;1;0;86;;
free estimate fireplace repair;https://fireplacesutah.com/fireplace-services-in-riverton-utah/;0;1;0;71;;
free estimate fireplace repair;https://fireplacesutah.com/fireplace-services-in-west-valley-city-utah/;0;7;0;81;;
free estimates;https://fireplacesutah.com/free-estimate/;0;1;0;2;;
freestanding gas fireplace near me;https://fireplacesutah.com/layton-utah-fireplace-contractor/;0;3;0;12.333.333.333.333.300;;
freestanding gas fireplace utah;https://fireplacesutah.com/;0;11;0;27.818.181.818.181.800;;
freestanding gas fireplace utah;https://fireplacesutah.com/fireplace-design-installation-in-ogden-utah;0;2;0;67;;
freestanding gas fireplace utah;https://fireplacesutah.com/indoor-outdoor-fireplaces-in-salt-lake-city-utah/;0;1;0;87;;
freestanding gas fireplace utah;https://fireplacesutah.com/layton-utah-fireplace-contractor/;0;6;0;21.166.666.666.666.600;;
freestanding gas fireplace utah;https://fireplacesutah.com/traditional-gas-fireplaces/;0;9;0;1.677.777.777.777.770;;
freestanding gas stoves utah;https://fireplacesutah.com/;0;1;0;97;;
freestanding gas stoves utah;https://fireplacesutah.com/gas-wood-stoves/;0;3;0;7.533.333.333.333.330;;
freestanding gas stoves utah;https://fireplacesutah.com/layton-utah-fireplace-contractor/;0;2;0;57;;
freestanding gas stoves utah;https://fireplacesutah.com/traditional-gas-fireplaces/;0;2;0;77.5;;
front facing fireplaces;https://fireplacesutah.com/product/modern-front-facing-frameless-fireplace/;0;9;0;7.855.555.555.555.550;;
front of fireplace;https://fireplacesutah.com/fireplace-installation-terms-finishing-flue-hearth-mantel/;0;1;0;3;;
fureplaces;https://fireplacesutah.com/;0;1;0;10;;
furnace and fireplace service;https://fireplacesutah.com/;0;1;0;1;;
furnace and fireplace service;https://fireplacesutah.com/fireplace-repair-service/;0;2;0;5;;
furnace and fireplace service;https://fireplacesutah.com/layton-utah-fireplace-contractor/;0;1;0;5;;
furnace and gas fireplace service;https://fireplacesutah.com/fireplace-design-installation-in-ogden-utah;0;1;0;5;;
furnace installation in layton; ut;https://fireplacesutah.com/layton-utah-fireplace-contractor/;0;154;0;5.829.220.779.220.770;
furnace installation layton;https://fireplacesutah.com/layton-utah-fireplace-contractor/;0;5;0;66;;
furnace installation layton ut;https://fireplacesutah.com/layton-utah-fireplace-contractor/;0;46;0;5.582.608.695.652.170;;
furnace installation layton; ut;https://fireplacesutah.com/layton-utah-fireplace-contractor/;0;33;0;5.818.181.818.181.810;
furnace installation west valley city utah;https://fireplacesutah.com/fireplace-services-in-west-valley-city-utah/;0;4;0;67.25;;
furnace maintenance bountiful utah;https://fireplacesutah.com/fireplace-services-in-bountiful-utah/;0;2;0;100;;
furnace maintenance cottonwood heights utah;https://fireplacesutah.com/fireplace-services-in-cottonwood-heights-utah/;0;14;0;7.885.714.285.714.280;;
furnace maintenance west valley city utah;https://fireplacesutah.com/fireplace-services-in-west-valley-city-utah/;0;11;0;7.272.727.272.727.270;;
furnace repair bluffdale utah;https://fireplacesutah.com/fireplace-services-in-bluffdale-utah/;0;8;0;67.5;;
furnace repair bountiful;https://fireplacesutah.com/fireplace-services-in-bountiful-utah/;0;50;0;84.06;;
furnace repair bountiful ut;https://fireplacesutah.com/fireplace-services-in-bountiful-utah/;0;9;0;9.533.333.333.333.330;;
furnace repair bountiful utah;https://fireplacesutah.com/fireplace-services-in-bountiful-utah/;0;12;0;8.308.333.333.333.330;;
furnace repair cotton wood heights;https://fireplacesutah.com/fireplace-services-in-cottonwood-heights-utah/;0;2;0;89;;
furnace repair cottonwood heights utah;https://fireplacesutah.com/fireplace-services-in-cottonwood-heights-utah/;0;14;0;9.378.571.428.571.420;;
furnace repair heber city utah;https://fireplacesutah.com/heber-city-utahs-fireplace-experts/;0;8;0;93.625;;
furnace repair morgan ut;https://fireplacesutah.com/fireplace-design-installation-in-morgan-utah/;0;1;0;47;;
furnace repair service near me;https://fireplacesutah.com/fireplace-services-in-west-valley-city-utah/;0;1;0;34;;
furnace repair west bountiful utah;https://fireplacesutah.com/fireplace-services-in-bountiful-utah/;0;2;0;77.5;;
furnace repair west valley city;https://fireplacesutah.com/fireplace-services-in-west-valley-city-utah/;0;7;0;8.071.428.571.428.570;;
furnace repair west valley city ut;https://fireplacesutah.com/fireplace-services-in-west-valley-city-utah/;0;23;0;6.917.391.304.347.820;;
furnace repair west valley city utah;https://fireplacesutah.com/fireplace-services-in-west-valley-city-utah/;0;29;0;6.917.241.379.310.340;;
furnace repairs in layton; ut;https://fireplacesutah.com/layton-utah-fireplace-contractor/;0;108;0;8.473.148.148.148.140;
furnace replacement bluffdale;https://fireplacesutah.com/fireplace-services-in-bluffdale-utah/;0;11;0;6.172.727.272.727.270;;
furnace replacement bountiful ut;https://fireplacesutah.com/fireplace-services-in-bountiful-utah/;0;1;0;107;;
furnace replacement bountiful utah;https://fireplacesutah.com/fireplace-services-in-bountiful-utah/;0;1;0;100;;
furnace replacement cottonwood heights utah;https://fireplacesutah.com/fireplace-services-in-cottonwood-heights-utah/;0;10;0;87.7;;
furnace replacement west valley city ut;https://fireplacesutah.com/fireplace-services-in-west-valley-city-utah/;0;7;0;7.128.571.428.571.420;;
furnace replacement west valley city utah;https://fireplacesutah.com/fireplace-services-in-west-valley-city-utah/;0;10;0;75.9;;
gas and electric fireplace;https://fireplacesutah.com/breaking-gas-vs-electric-fireplaces/;0;26;0;5.453.846.153.846.150;;
gas and electric fireplaces;https://fireplacesutah.com/breaking-gas-vs-electric-fireplaces/;0;2;0;38.5;;
gas and electric fireplaces near me;https://fireplacesutah.com/;0;1;0;7;;
gas and fireplace;https://fireplacesutah.com/;0;1;0;13;;
gas and fireplace repair;https://fireplacesutah.com/fireplace-repair-service/;0;3;0;79;;
gas and fireplace repair;https://fireplacesutah.com/fireplace-services-in-bountiful-utah/;0;1;0;100;;
gas burning fireplace install;https://fireplacesutah.com/fireplace-installation-guide/;0;1;0;60;;
gas chimney;https://fireplacesutah.com/gas-fireplaces-and-chimneys-basics-and-types/;0;73;0;806.986.301.369.863;;
gas chimney fireplace;https://fireplacesutah.com/gas-fireplaces-and-chimneys-basics-and-types/;0;2;0;93;;
gas chimneys;https://fireplacesutah.com/gas-fireplaces-and-chimneys-basics-and-types/;0;1;0;10;;
gas conversion fireplace;https://fireplacesutah.com/convert-your-fireplace/;0;1;0;1;;
gas fire clearance;http://fireplacesutah.com/safety-precautions-for-gas-fireplace-use/;0;1;0;72;;
gas fire inserts for existing fireplaces near me;https://fireplacesutah.com/layton-utah-fireplace-contractor/;0;1;0;6;;
gas fire installers near me;https://fireplacesutah.com/fireplace-design-installation-in-ogden-utah;0;1;0;11;;
gas fire installers near me;https://fireplacesutah.com/layton-utah-fireplace-contractor/;0;2;0;10;;
gas fire logs near me;https://fireplacesutah.com/;0;1;0;11;;
gas fire not staying lit;https://fireplacesutah.com/five-signs-fireplace-needs-professional-service/;0;1;0;1;;
gas fire pilot assembly;https://fireplacesutah.com/gas-fireplace-lifespan-factors-blower-pilot-maintenance/;0;1;0;3;;
gas fire pit installation herriman ut;https://fireplacesutah.com/;0;5;0;13;;
gas fire pit installation herriman ut;https://fireplacesutah.com/add-a-new-fireplace/;0;1;0;65;;
gas fire pit installation herriman ut;https://fireplacesutah.com/custom-fireplace-design-installation-in-west-jordan-utah/;0;5;0;20.8;;
gas fire pit installation herriman ut;https://fireplacesutah.com/fireplace-services-in-bluffdale-utah/;0;1;0;33;;
gas fire pit installation herriman ut;https://fireplacesutah.com/fireplace-services-in-riverton-utah/;0;4;0;56.25;;
gas fire pit installation herriman ut;https://fireplacesutah.com/fireplaces-fire-pits-wood-stoves-in-park-city-utah/;0;1;0;93;;
gas fire pit installation herriman ut;https://fireplacesutah.com/herriman-utah-fireplace-design-installation-repair/;0;8;0;3.5;;
gas fire pit installation herriman ut;https://fireplacesutah.com/sandy-utah-fireplace-contractor/;0;1;0;17;;
gas fire pit installers herriman ut;https://fireplacesutah.com/;0;6;0;14.166.666.666.666.600;;
gas fire pit installers herriman ut;https://fireplacesutah.com/custom-fireplace-design-installation-in-west-jordan-utah/;0;6;0;18.166.666.666.666.600;;
gas fire pit installers herriman ut;https://fireplacesutah.com/fireplace-services-in-bluffdale-utah/;0;3;0;48.333.333.333.333.300;;
gas fire pit installers herriman ut;https://fireplacesutah.com/fireplace-services-in-riverton-utah/;0;2;0;24.5;;
gas fire pit installers herriman ut;https://fireplacesutah.com/fireplaces-fire-pits-wood-stoves-in-park-city-utah/;0;1;0;73;;
gas fire pit installers herriman ut;https://fireplacesutah.com/herriman-utah-fireplace-design-installation-repair/;0;8;0;2.75;;
gas fire pit installers herriman ut;https://fireplacesutah.com/sandy-utah-fireplace-contractor/;0;2;0;36;;
gas fire pit repair near me;https://fireplacesutah.com/fireplace-repair-service/;0;1;0;8;;
gas fire place blower;https://fireplacesutah.com/fireplace-blowers-answering-common-questions/;0;1;0;1;;
gas fire place btu;https://fireplacesutah.com/understanding-meaning-and-importance-of-fireplace-btus/;0;18;0;8.333.333.333.333.330;;
gas fire place near me;https://fireplacesutah.com/layton-utah-fireplace-contractor/;0;1;0;9;;
gas fire place repair;https://fireplacesutah.com/fireplace-repair-service/;0;6;0;10.333.333.333.333.300;;
gas fire place repair;https://fireplacesutah.com/fireplace-services-in-riverton-utah/;0;1;0;4;;
gas fire place repair;https://fireplacesutah.com/fireplace-services-in-west-valley-city-utah/;0;1;0;3;;
gas fire place repair near me;https://fireplacesutah.com/;0;1;0;6;;
gas fire place repairs;https://fireplacesutah.com/fireplace-repair-service/;0;3;0;8.666.666.666.666.660;;
gas fire place service;https://fireplacesutah.com/;0;1;0;11;;
gas fire place service;https://fireplacesutah.com/fireplace-repair-service/;0;1;0;12;;
gas fire place service near me;https://fireplacesutah.com/fireplace-services-in-south-jordan-utah/;0;1;0;8;;
gas fire place wont turn on;https://fireplacesutah.com/five-signs-fireplace-needs-professional-service/;0;1;0;1;;
gas fire places near me;https://fireplacesutah.com/layton-utah-fireplace-contractor/;0;2;0;9.5;;
gas fire repair;https://fireplacesutah.com/fireplace-services-in-bountiful-utah/;0;2;0;10;;
gas fire repair near me;https://fireplacesutah.com/fireplace-services-in-roy-utah/;0;1;0;6;;
gas fire repairs near me;https://fireplacesutah.com/fireplace-repair-service/;0;1;0;8;;
gas fire service;https://fireplacesutah.com/fireplace-repair-service/;0;3;0;8.333.333.333.333.330;;
gas fire service;https://fireplacesutah.com/five-signs-fireplace-needs-professional-service/;0;1;0;1;;
gas fire service near me;https://fireplacesutah.com/layton-utah-fireplace-contractor/;0;1;0;1;;
gas fire technicians near me;https://fireplacesutah.com/fireplace-services-in-bluffdale-utah/;0;1;0;2;;
gas fire thermostat;https://fireplacesutah.com/benefits-of-a-thermostat-for-gas-fireplaces/;0;1;0;1;;
gas fire to wood burner conversion;https://fireplacesutah.com/convert-your-fireplace/;0;1;0;58;;
gas fire vs electric fire;https://fireplacesutah.com/breaking-gas-vs-electric-fireplaces/;0;1;0;13;;
gas fireplace;https://fireplacesutah.com/;0;1;0;3;;
gas fireplace;https://fireplacesutah.com/fireplace-repair-service/;0;1;0;12;;
gas fireplace;https://fireplacesutah.com/gas-fireplace-lifespan-factors-blower-pilot-maintenance/;0;6;0;2.166.666.666.666.660;;
gas fireplace;https://fireplacesutah.com/layton-utah-fireplace-contractor/;0;1;0;12;;
gas fireplace addition utah;https://fireplacesutah.com/;0;4;0;9;;
gas fireplace addition utah;https://fireplacesutah.com/build-your-fireplace/;0;1;0;10;;
gas fireplace addition utah;https://fireplacesutah.com/custom-fireplace-design-installation-in-west-jordan-utah/;0;3;0;45.333.333.333.333.300;;
gas fireplace addition utah;https://fireplacesutah.com/fireplace-services-in-bluffdale-utah/;0;5;0;36.8;;
gas fireplace addition utah;https://fireplacesutah.com/fireplace-services-in-kaysville-utah/;0;3;0;64;;
gas fireplace addition utah;https://fireplacesutah.com/layton-utah-fireplace-contractor/;0;4;0;23.25;;
gas fireplace addition utah;https://fireplacesutah.com/log-sets/;0;2;0;37.5;;
gas fireplace addition utah;https://fireplacesutah.com/products/;0;1;0;10;;
gas fireplace addition utah;https://fireplacesutah.com/reviews/;0;1;0;10;;
gas fireplace addition utah;https://fireplacesutah.com/specials/;0;1;0;10;;
gas fireplace adjust flame;https://fireplacesutah.com/easy-steps-to-start-a-gas-fireplace/;0;2;0;15;;
gas fireplace alternatives;https://fireplacesutah.com/gas-wood-stoves/;0;1;0;1;;
gas fireplace and installation;https://fireplacesutah.com/;0;1;0;7;;
gas fireplace baby proof;https://fireplacesutah.com/basic-tips-on-how-to-baby-proof-your-fireplace-area/;0;7;0;6;;
gas fireplace basics;https://fireplacesutah.com/gas-fireplaces-and-chimneys-basics-and-types/;0;3;0;24;;
gas fireplace blower;https://fireplacesutah.com/fireplace-blowers-answering-common-questions/;0;3;0;1;;
gas fireplace blower control;https://fireplacesutah.com/fireplace-blowers-answering-common-questions/;0;1;0;3;;
gas fireplace blower installation;https://fireplacesutah.com/fireplace-blowers-basics-and-how-they-work/;0;1;0;2;;
gas fireplace blower installation near me;https://fireplacesutah.com/fireplace-blowers-answering-common-questions/;0;1;0;1;;
gas fireplace blower loud;https://fireplacesutah.com/fireplace-blowers-answering-common-questions/;0;5;0;1.4;;
gas fireplace blower motor;https://fireplacesutah.com/fireplace-blowers-answering-common-questions/;0;1;0;1;;
gas fireplace blower repair;https://fireplacesutah.com/gas-fireplace-lifespan-factors-blower-pilot-maintenance/;0;1;0;50;;
gas fireplace blower replacement;https://fireplacesutah.com/fireplace-blowers-basics-and-how-they-work/;0;1;0;3;;
gas fireplace blower vs no blower;https://fireplacesutah.com/fireplace-blowers-answering-common-questions/;0;69;0;3.927.536.231.884.050;;
gas fireplace blower vs no blower;https://fireplacesutah.com/fireplace-blowers-basics-and-how-they-work/;0;2;0;67;;
gas fireplace blowers;https://fireplacesutah.com/fireplace-blowers-answering-common-questions/;0;2;0;1;;
gas fireplace bountiful;https://fireplacesutah.com/;0;6;0;18.333.333.333.333.300;;
gas fireplace bountiful;https://fireplacesutah.com/fireplace-services-in-bountiful-utah/;0;6;0;13.666.666.666.666.600;;
gas fireplace bountiful;https://fireplacesutah.com/layton-utah-fireplace-contractor/;0;5;0;52.8;;
gas fireplace btu;https://fireplacesutah.com/understanding-meaning-and-importance-of-fireplace-btus/;0;352;0;8.488.636.363.636.360;;
gas fireplace btu calculator;https://fireplacesutah.com/understanding-meaning-and-importance-of-fireplace-btus/;0;10;0;25.7;;
gas fireplace btu output;https://fireplacesutah.com/understanding-meaning-and-importance-of-fireplace-btus/;0;6;0;17.333.333.333.333.300;;
gas fireplace btu rating;https://fireplacesutah.com/understanding-meaning-and-importance-of-fireplace-btus/;0;79;0;11.886.075.949.367.000;;
gas fireplace burner cleaning;https://fireplacesutah.com/how-to-clean-your-gas-fireplace-safely-and-effectively/;0;1;0;93;;
gas fireplace burner cleaning;https://fireplacesutah.com/steps-for-cleaning-and-maintaining-gas-fireplaces-part-1/;0;1;0;44;;
gas fireplace burner cleaning;https://fireplacesutah.com/steps-for-cleaning-and-maintaining-gas-fireplaces-part-2/;0;2;0;69;;
gas fireplace care;https://fireplacesutah.com/steps-for-cleaning-and-maintaining-gas-fireplaces-part-1/;0;2;0;67;;
gas fireplace care;https://fireplacesutah.com/steps-for-cleaning-and-maintaining-gas-fireplaces-part-2/;0;1;0;89;;
gas fireplace check up;https://fireplacesutah.com/fireplace-repair-service/;0;1;0;11;;
gas fireplace child protection;https://fireplacesutah.com/basic-tips-on-how-to-baby-proof-your-fireplace-area/;0;3;0;1;;
gas fireplace chimney;https://fireplacesutah.com/gas-fireplaces-and-chimneys-basics-and-types/;0;49;0;8.334.693.877.551.020;;
gas fireplace chimneys;https://fireplacesutah.com/gas-fireplaces-and-chimneys-basics-and-types/;0;6;0;22;;
gas fireplace clean;https://fireplacesutah.com/how-to-clean-your-gas-fireplace-safely-and-effectively/;0;1;0;55;;
gas fireplace cleaner;https://fireplacesutah.com/how-to-clean-your-gas-fireplace-safely-and-effectively/;0;4;0;50.5;;
gas fireplace cleaning;https://fireplacesutah.com/gas-fireplace-lifespan-factors-blower-pilot-maintenance/;0;1;0;3;;
gas fireplace cleaning;https://fireplacesutah.com/how-to-clean-your-gas-fireplace-safely-and-effectively/;0;43;0;4.753.488.372.093.020;;
gas fireplace cleaning;https://fireplacesutah.com/steps-for-cleaning-and-maintaining-gas-fireplaces-part-1/;0;41;0;625.609.756.097.561;;
gas fireplace cleaning;https://fireplacesutah.com/steps-for-cleaning-and-maintaining-gas-fireplaces-part-2/;0;1;0;60;;
gas fireplace cleaning and maintenance;https://fireplacesutah.com/how-to-clean-your-gas-fireplace-safely-and-effectively/;0;2;0;30.5;;
gas fireplace cleaning and maintenance;https://fireplacesutah.com/steps-for-cleaning-and-maintaining-gas-fireplaces-part-1/;0;5;0;53.2;;
gas fireplace cleaning and repair;https://fireplacesutah.com/fireplace-repair-service/;0;1;0;5;;
gas fireplace cleaning and service;https://fireplacesutah.com/fireplace-repair-service/;0;1;0;9;;
gas fireplace cleaning central west;https://fireplacesutah.com/fireplace-services-in-west-valley-city-utah/;0;19;0;7.136.842.105.263.150;;
gas fireplace cleaning hillsdale;https://fireplacesutah.com/fireplace-services-in-bluffdale-utah/;0;1;0;94;;
gas fireplace cleaning hillsdale manor;https://fireplacesutah.com/fireplace-services-in-bluffdale-utah/;0;3;0;37.333.333.333.333.300;;
gas fireplace cleaning morgan;https://fireplacesutah.com/fireplace-design-installation-in-morgan-utah/;0;13;0;25;;
gas fireplace cleaning morgan;https://fireplacesutah.com/fireplace-repair-service/;0;2;0;89;;
gas fireplace cleaning morgan;https://fireplacesutah.com/steps-for-cleaning-and-maintaining-gas-fireplaces-part-1/;0;7;0;7.657.142.857.142.850;;
gas fireplace cleaning near me;https://fireplacesutah.com/fireplace-services-in-roy-utah/;0;1;0;6;;
gas fireplace cleaning service;https://fireplacesutah.com/fireplace-repair-service/;0;1;0;12;;
gas fireplace cleaning service near me;https://fireplacesutah.com/fireplace-services-in-cottonwood-heights-utah/;0;2;0;6;;
gas fireplace cleaning stelton;https://fireplacesutah.com/steps-for-cleaning-and-maintaining-gas-fireplaces-part-1/;0;13;0;24.307.692.307.692.300;;
gas fireplace cleaning west end;https://fireplacesutah.com/steps-for-cleaning-and-maintaining-gas-fireplaces-part-1/;0;3;0;63.666.666.666.666.600;;
gas fireplace cleaning west view;https://fireplacesutah.com/showrooms/;0;1;0;70;;
gas fireplace companies;https://fireplacesutah.com/;0;2;0;10;;
gas fireplace companies in my area;https://fireplacesutah.com/;0;1;0;12;;
gas fireplace companies near me;https://fireplacesutah.com/;0;1;0;2;;
gas fireplace companies near me;https://fireplacesutah.com/sandy-utah-fireplace-contractor/;0;1;0;6;;
gas fireplace company near me;https://fireplacesutah.com/;0;1;0;11;;
gas fireplace connected to thermostat;https://fireplacesutah.com/benefits-of-a-thermostat-for-gas-fireplaces/;0;1;0;1;;
gas fireplace contractor;https://fireplacesutah.com/;0;3;0;7.666.666.666.666.660;;
gas fireplace contractors hinsdale;https://fireplacesutah.com/fireplace-services-in-bluffdale-utah/;0;1;0;49;;
gas fireplace contractors near me;https://fireplacesutah.com/;0;1;0;8;;
gas fireplace contractors near me;https://fireplacesutah.com/fireplace-design-installation-in-ogden-utah;0;4;0;10.75;;
gas fireplace contractors near me;https://fireplacesutah.com/layton-utah-fireplace-contractor/;0;1;0;4;;
gas fireplace conversion;https://fireplacesutah.com/convert-your-fireplace/;0;32;0;60.625;;
gas fireplace conversion options;https://fireplacesutah.com/convert-your-fireplace/;0;32;0;62.125;;
gas fireplace conversion price;https://fireplacesutah.com/convert-your-fireplace/;0;2;0;90;;
gas fireplace conversion to wood;https://fireplacesutah.com/convert-your-fireplace/;0;2;0;58;;
gas fireplace conversions;https://fireplacesutah.com/convert-your-fireplace/;0;3;0;50;;
gas fireplace corner;https://fireplacesutah.com/product/flare-double-corner-fireplace-bay-linear-fireplace/;0;1;0;1;;
gas fireplace danger signs;https://fireplacesutah.com/five-signs-fireplace-needs-professional-service/;0;69;0;2.971.014.492.753.620;;
gas fireplace davis county;https://fireplacesutah.com/;0;3;0;61.333.333.333.333.300;;
gas fireplace davis county;https://fireplacesutah.com/fireplace-design-installation-in-ogden-utah/;0;1;0;70;;
gas fireplace davis county;https://fireplacesutah.com/fireplace-services-in-kaysville-utah/;0;1;0;65;;
gas fireplace davis county;https://fireplacesutah.com/layton-utah-fireplace-contractor/;0;3;0;17.333.333.333.333.300;;
gas fireplace dealers near me;https://fireplacesutah.com/fireplace-services-in-roy-utah/;0;1;0;8;;
gas fireplace direct vent vs ventless;https://fireplacesutah.com/differences-vented-vent-free-fireplaces/;0;2;0;66;;
gas fireplace draper;http://fireplacesutah.com/safety-precautions-for-gas-fireplace-use/;0;1;0;26;;
gas fireplace draper;https://fireplacesutah.com/;0;1;0;6;;
gas fireplace draper;https://fireplacesutah.com/fireplace-services-in-bluffdale-utah/;0;6;0;53.333.333.333.333.300;;
gas fireplace draper;https://fireplacesutah.com/fireplace-services-in-draper-utah/;0;7;0;9.857.142.857.142.850;;
gas fireplace draper;https://fireplacesutah.com/fireplace-services-in-west-valley-city-utah/;0;1;0;74;;
gas fireplace draper;https://fireplacesutah.com/layton-utah-fireplace-contractor/;0;2;0;74.5;;
gas fireplace draper;https://fireplacesutah.com/traditional-gas-fireplaces/;0;1;0;95;;
gas fireplace embers near me;https://fireplacesutah.com/;0;1;0;1;;
gas fireplace fan loud;https://fireplacesutah.com/fireplace-blowers-answering-common-questions/;0;6;0;11.666.666.666.666.600;;
gas fireplace fan not turning on;https://fireplacesutah.com/fireplace-blowers-answering-common-questions/;0;1;0;96;;
gas fireplace fan repair;https://fireplacesutah.com/gas-fireplace-lifespan-factors-blower-pilot-maintenance/;0;2;0;39;;
gas fireplace fan replacement;https://fireplacesutah.com/fireplace-blowers-basics-and-how-they-work/;0;1;0;3;;
gas fireplace farmington;https://fireplacesutah.com/fireplace-services-in-farmington-utah/;0;10;0;6;;
gas fireplace fixer;https://fireplacesutah.com/fireplace-repair-service/;0;4;0;11.25;;
gas fireplace flame height;https://fireplacesutah.com/easy-steps-to-start-a-gas-fireplace/;0;2;0;37.5;;
gas fireplace for sale heber ut;https://fireplacesutah.com/;0;11;0;18.727.272.727.272.700;;
gas fireplace for sale heber ut;https://fireplacesutah.com/heber-city-utahs-fireplace-experts/;0;26;0;8.846.153.846.153.840;;
gas fireplace for sale near me;https://fireplacesutah.com/;0;2;0;1;;
gas fireplace for sale near me;https://fireplacesutah.com/fireplace-design-installation-in-ogden-utah;0;1;0;5;;
gas fireplace for sale near me;https://fireplacesutah.com/fireplace-design-installation-in-ogden-utah/;0;4;0;11;;
gas fireplace framing dimensions;https://fireplacesutah.com/wp-content/uploads/2019/10/framing-FF-H-wood.pdf;0;3;0;7.166.666.666.666.660;;
gas fireplace glass replacement near me;https://fireplacesutah.com/;0;1;0;6;;
gas fireplace guide;;https://fireplacesutah.com/easy-steps-to-start-a-gas-fireplace/;0;8;0;33.125;
gas fireplace hazards;https://fireplacesutah.com/safety-precautions-for-gas-fireplace-use/;0;1;0;97;;
gas fireplace heber ut;https://fireplacesutah.com/;0;5;0;14.8;;
gas fireplace heber ut;https://fireplacesutah.com/heber-city-utahs-fireplace-experts/;0;21;0;10.952.380.952.380.900;;
gas fireplace how to start;https://fireplacesutah.com/easy-steps-to-start-a-gas-fireplace/;0;6;0;13.833.333.333.333.300;;
gas fireplace how to use;https://fireplacesutah.com/easy-steps-to-start-a-gas-fireplace/;0;1;0;57;;
gas fireplace humidity;https://fireplacesutah.com/signs-causes-remedies-low-humidity/;0;1;0;47;;
gas fireplace humming noise;https://fireplacesutah.com/fireplace-blowers-answering-common-questions/;0;3;0;30.666.666.666.666.600;;
gas fireplace insert;https://fireplacesutah.com/gas-fireplace-lifespan-factors-blower-pilot-maintenance/;0;2;0;2;;
gas fireplace insert;https://fireplacesutah.com/replace-your-fireplace/;0;1;0;1;;
gas fireplace insert;https://fireplacesutah.com/safety-precautions-for-gas-fireplace-use/;0;4;0;2.75;;
gas fireplace insert cleaning;https://fireplacesutah.com/how-to-clean-your-gas-fireplace-safely-and-effectively/;0;4;0;42;;
gas fireplace insert cleaning;https://fireplacesutah.com/steps-for-cleaning-and-maintaining-gas-fireplaces-part-1/;0;1;0;80;;
gas fireplace insert cleaning;https://fireplacesutah.com/steps-for-cleaning-and-maintaining-gas-fireplaces-part-2/;0;1;0;74;;
gas fireplace insert companies near me;https://fireplacesutah.com/;0;1;0;10;;
gas fireplace insert installation near me;https://fireplacesutah.com/;0;2;0;10.5;;
gas fireplace insert installation near me;https://fireplacesutah.com/fireplace-design-installation-in-ogden-utah;0;4;0;47.75;;
gas fireplace insert installation near me;https://fireplacesutah.com/fireplace-design-installation-in-ogden-utah/;0;1;0;8;;
gas fireplace insert installation near me;https://fireplacesutah.com/layton-utah-fireplace-contractor/;0;3;0;6.333.333.333.333.330;;
gas fireplace insert installers near me;https://fireplacesutah.com/;0;1;0;11;;
gas fireplace insert installers near me;https://fireplacesutah.com/fireplace-design-installation-in-ogden-utah;0;45;0;4.253.333.333.333.330;;
gas fireplace insert installers near me;https://fireplacesutah.com/fireplace-design-installation-in-ogden-utah/;0;60;0;44.233.333.333.333.300;;
gas fireplace insert maintenance;https://fireplacesutah.com/steps-for-cleaning-and-maintaining-gas-fireplaces-part-1/;0;4;0;68;;
gas fireplace insert maintenance near me;https://fireplacesutah.com/fireplace-repair-service/;0;1;0;1;;
gas fireplace insert near me;https://fireplacesutah.com/;0;4;0;7;;
gas fireplace insert nearby;https://fireplacesutah.com/;0;1;0;13;;
gas fireplace insert repair near me;https://fireplacesutah.com/;0;3;0;9;;
gas fireplace insert repair near me;https://fireplacesutah.com/fireplace-repair-service/;0;3;0;6.666.666.666.666.660;;
gas fireplace insert repair near me;https://fireplacesutah.com/fireplace-services-in-kaysville-utah/;0;1;0;4;;
gas fireplace insert repair service near me;https://fireplacesutah.com/fireplace-repair-service/;0;1;0;8;;
gas fireplace insert repairs;https://fireplacesutah.com/fireplace-repair-service/;0;3;0;5.666.666.666.666.660;;
gas fireplace insert store;https://fireplacesutah.com/;0;1;0;10;;
gas fireplace insert thermostat;https://fireplacesutah.com/benefits-of-a-thermostat-for-gas-fireplaces/;0;2;0;35;;
gas fireplace insert utah;https://fireplacesutah.com/;0;18;0;8;;
gas fireplace insert utah;https://fireplacesutah.com/build-your-fireplace/;0;8;0;8.25;;
gas fireplace insert utah;https://fireplacesutah.com/differences-between-utah-fireplaces-and-fireplace-inserts/;0;1;0;30;;
gas fireplace insert utah;https://fireplacesutah.com/fireplace-design-installation-in-ogden-utah;0;3;0;62;;
gas fireplace insert utah;https://fireplacesutah.com/fireplace-design-installation-in-ogden-utah/;0;2;0;77;;
gas fireplace insert utah;https://fireplacesutah.com/gallery/;0;1;0;10;;
gas fireplace insert utah;https://fireplacesutah.com/layton-utah-fireplace-contractor/;0;8;0;47.25;;
gas fireplace insert utah;https://fireplacesutah.com/log-sets/;0;3;0;85;;
gas fireplace insert utah;https://fireplacesutah.com/products/;0;8;0;8.25;;
gas fireplace insert utah;https://fireplacesutah.com/reviews/;0;8;0;8.25;;
gas fireplace insert utah;https://fireplacesutah.com/showrooms/;0;1;0;10;;
gas fireplace insert utah;https://fireplacesutah.com/specials/;0;8;0;8.25;;
gas fireplace insert utah;https://fireplacesutah.com/utah-fireplace-accessories-panels-media-surround-venting/;0;2;0;41;;
gas fireplace insert utah;https://fireplacesutah.com/videos/;0;1;0;10;;
gas fireplace insert vs electric;https://fireplacesutah.com/breaking-gas-vs-electric-fireplaces/;0;3;0;6.966.666.666.666.660;;
gas fireplace insert with blower;https://fireplacesutah.com/fireplace-blowers-basics-and-how-they-work/;0;1;0;1;;
gas fireplace insert with thermostat;https://fireplacesutah.com/benefits-of-a-thermostat-for-gas-fireplaces/;0;1;0;68;;
gas fireplace inserts;https://fireplacesutah.com/;0;1;0;2;;
gas fireplace inserts holladay ut;https://fireplacesutah.com/;0;5;0;7.4;;
gas fireplace inserts holladay ut;https://fireplacesutah.com/fireplace-services-in-bluffdale-utah/;0;6;0;32;;
gas fireplace inserts holladay ut;https://fireplacesutah.com/fireplace-services-in-west-valley-city-utah/;0;1;0;45;;
gas fireplace inserts holladay ut;https://fireplacesutah.com/gas-wood-inserts/;0;2;0;12;;
gas fireplace inserts millcreek ut;https://fireplacesutah.com/convert-your-fireplace/;0;1;0;47;;
gas fireplace inserts millcreek ut;https://fireplacesutah.com/fireplace-design-installation-in-ogden-utah;0;1;0;48;;
gas fireplace inserts millcreek ut;https://fireplacesutah.com/fireplace-services-in-bluffdale-utah/;0;3;0;38.666.666.666.666.600;;
gas fireplace inserts millcreek ut;https://fireplacesutah.com/indoor-outdoor-fireplaces-in-salt-lake-city-utah/;0;2;0;47.5;;
gas fireplace inserts near me;https://fireplacesutah.com/;0;8;0;5.75;;
gas fireplace inserts near me;https://fireplacesutah.com/fireplace-design-installation-in-ogden-utah;0;1;0;1;;
gas fireplace inserts near me;https://fireplacesutah.com/fireplace-design-installation-in-ogden-utah/;0;1;0;13;;
gas fireplace inserts near me;https://fireplacesutah.com/fireplace-services-in-kaysville-utah/;0;1;0;10;;
gas fireplace inserts near me;https://fireplacesutah.com/fireplace-services-in-south-jordan-utah/;0;1;0;1;;
gas fireplace inserts near me;https://fireplacesutah.com/layton-utah-fireplace-contractor/;0;2;0;9.5;;
gas fireplace inserts repair;https://fireplacesutah.com/fireplace-repair-service/;0;1;0;81;;
gas fireplace inserts sandy;https://fireplacesutah.com/;0;56;0;6.089.285.714.285.710;;
gas fireplace inserts sandy;https://fireplacesutah.com/fireplace-services-in-bountiful-utah/;0;2;0;66.5;;
gas fireplace inserts sandy;https://fireplacesutah.com/log-sets/;0;12;0;17.333.333.333.333.300;;
gas fireplace inserts sandy;https://fireplacesutah.com/sandy-utah-fireplace-contractor/;0;10;0;21.1;;
gas fireplace inserts sandy ut;https://fireplacesutah.com/;0;10;0;4.9;;
gas fireplace inserts sandy ut;https://fireplacesutah.com/fireplace-services-in-bluffdale-utah/;0;4;0;33.25;;
gas fireplace inserts sandy ut;https://fireplacesutah.com/layton-utah-fireplace-contractor/;0;6;0;35.666.666.666.666.600;;
gas fireplace inserts sandy ut;https://fireplacesutah.com/log-sets/;0;10;0;27.6;;
gas fireplace inserts sandy ut;https://fireplacesutah.com/sandy-utah-fireplace-contractor/;0;9;0;14.333.333.333.333.300;;
gas fireplace inserts south salt lake city;https://fireplacesutah.com/;0;22;0;8.681.818.181.818.180;;
gas fireplace inserts south salt lake city;https://fireplacesutah.com/build-your-fireplace/;0;6;0;9.5;;
gas fireplace inserts south salt lake city;https://fireplacesutah.com/indoor-outdoor-fireplaces-in-salt-lake-city-utah/;0;9;0;1.777.777.777.777.770;;
gas fireplace inserts south salt lake city;https://fireplacesutah.com/products/;0;6;0;9.5;;
gas fireplace inserts south salt lake city;https://fireplacesutah.com/reviews/;0;6;0;9.5;;
gas fireplace inserts south salt lake city;https://fireplacesutah.com/specials/;0;6;0;9.5;;
gas fireplace inserts south salt lake city;https://fireplacesutah.com/traditional-gas-fireplaces/;0;3;0;19.333.333.333.333.300;;
gas fireplace inserts south salt lake city ut;https://fireplacesutah.com/;0;6;0;7.833.333.333.333.330;;
gas fireplace inserts south salt lake city ut;https://fireplacesutah.com/build-your-fireplace/;0;1;0;9;;
gas fireplace inserts south salt lake city ut;https://fireplacesutah.com/gallery/;0;1;0;9;;
gas fireplace inserts south salt lake city ut;https://fireplacesutah.com/gas-wood-inserts/;0;3;0;34.333.333.333.333.300;;
gas fireplace inserts south salt lake city ut;https://fireplacesutah.com/indoor-outdoor-fireplaces-in-salt-lake-city-utah/;0;4;0;29.25;;
gas fireplace inserts south salt lake city ut;https://fireplacesutah.com/log-sets/;0;4;0;27;;
gas fireplace inserts south salt lake city ut;https://fireplacesutah.com/products/;0;1;0;9;;
gas fireplace inserts south salt lake city ut;https://fireplacesutah.com/reviews/;0;1;0;9;;
gas fireplace inserts south salt lake city ut;https://fireplacesutah.com/showrooms/;0;1;0;9;;
gas fireplace inserts south salt lake city ut;https://fireplacesutah.com/specials/;0;1;0;9;;
gas fireplace inserts south salt lake city ut;https://fireplacesutah.com/videos/;0;1;0;9;;
gas fireplace inserts utah county;https://fireplacesutah.com/;0;71;0;8.253.521.126.760.560;;
gas fireplace inserts utah county;https://fireplacesutah.com/build-your-fireplace/;0;50;0;8.559.999.999.999.990;;
gas fireplace inserts utah county;https://fireplacesutah.com/products/;0;50;0;8.559.999.999.999.990;;
gas fireplace inserts utah county;https://fireplacesutah.com/reviews/;0;50;0;8.559.999.999.999.990;;
gas fireplace inserts utah county;https://fireplacesutah.com/specials/;0;50;0;8.559.999.999.999.990;;
gas fireplace inspection;https://fireplacesutah.com/fireplace-repair-service/;0;1;0;5;;
gas fireplace inspection;https://fireplacesutah.com/gas-fireplace-lifespan-factors-blower-pilot-maintenance/;0;1;0;2;;
gas fireplace inspection near me;https://fireplacesutah.com/fireplace-services-in-bountiful-utah/;0;1;0;8;;
gas fireplace inspections;https://fireplacesutah.com/fireplace-repair-service/;0;2;0;7.5;;
gas fireplace install near me;https://fireplacesutah.com/fireplace-design-installation-in-ogden-utah;0;9;0;4.422.222.222.222.220;;
gas fireplace installation;https://fireplacesutah.com/fireplace-installation-guide/;0;29;0;18.586.206.896.551.700;;
gas fireplace installation and repair near me;https://fireplacesutah.com/fireplace-repair-service/;0;1;0;10;;
gas fireplace installation bountiful;https://fireplacesutah.com/;0;8;0;7.25;;
gas fireplace installation bountiful;https://fireplacesutah.com/fireplace-installation-terms-chase-clearances-cool-wall/;0;1;0;55;;
gas fireplace installation bountiful;https://fireplacesutah.com/fireplace-repair-service/;0;1;0;33;;
gas fireplace installation bountiful;https://fireplacesutah.com/fireplace-services-in-bluffdale-utah/;0;2;0;84;;
gas fireplace installation bountiful;https://fireplacesutah.com/fireplace-services-in-bountiful-utah/;0;9;0;12.666.666.666.666.600;;
gas fireplace installation bountiful;https://fireplacesutah.com/fireplace-services-in-centerville-utah/;0;7;0;78;;
gas fireplace installation bountiful;https://fireplacesutah.com/layton-utah-fireplace-contractor/;0;7;0;62.857.142.857.142.800;;
gas fireplace installation companies near me;https://fireplacesutah.com/;0;3;0;10.666.666.666.666.600;;
gas fireplace installation companies near me;https://fireplacesutah.com/fireplace-design-installation-in-ogden-utah;0;1;0;17;;
gas fireplace installation companies near me;https://fireplacesutah.com/layton-utah-fireplace-contractor/;0;2;0;9;;
gas fireplace installation near me;https://fireplacesutah.com/;0;11;0;8.818.181.818.181.810;;
gas fireplace installation near me;https://fireplacesutah.com/fireplace-design-installation-in-ogden-utah;0;50;0;68.18;;
gas fireplace installation near me;https://fireplacesutah.com/fireplace-design-installation-in-ogden-utah/;0;7;0;62.857.142.857.142.800;;
gas fireplace installation near me;https://fireplacesutah.com/fireplace-repair-service/;0;1;0;1;;
gas fireplace installation near me;https://fireplacesutah.com/fireplace-services-in-kaysville-utah/;0;1;0;7;;
gas fireplace installation near me;https://fireplacesutah.com/fireplace-services-in-south-jordan-utah/;0;1;0;7;;
gas fireplace installation near me;https://fireplacesutah.com/fireplace-services-in-west-valley-city-utah/;0;1;0;10;;
gas fireplace installation near me;https://fireplacesutah.com/layton-utah-fireplace-contractor/;0;4;0;6.5;;
gas fireplace installation near me;https://fireplacesutah.com/sandy-utah-fireplace-contractor/;0;1;0;9;;
gas fireplace installation salt lake city;https://fireplacesutah.com/;0;21;0;6.571.428.571.428.570;;
gas fireplace installation salt lake city;https://fireplacesutah.com/build-your-fireplace/;0;1;0;9;;
gas fireplace installation salt lake city;https://fireplacesutah.com/fireplace-repair-service/;0;11;0;4.909.090.909.090.900;;
gas fireplace installation salt lake city;https://fireplacesutah.com/gallery/;0;1;0;9;;
gas fireplace installation salt lake city;https://fireplacesutah.com/indoor-outdoor-fireplaces-in-salt-lake-city-utah/;0;8;0;38.5;;
gas fireplace installation salt lake city;https://fireplacesutah.com/layton-utah-fireplace-contractor/;0;1;0;85;;
gas fireplace installation salt lake city;https://fireplacesutah.com/products/;0;1;0;9;;
gas fireplace installation salt lake city;https://fireplacesutah.com/replace-your-fireplace/;0;5;0;33.2;;
gas fireplace installation salt lake city;https://fireplacesutah.com/reviews/;0;1;0;9;;
gas fireplace installation salt lake city;https://fireplacesutah.com/showrooms/;0;1;0;9;;
gas fireplace installation salt lake city;https://fireplacesutah.com/specials/;0;1;0;9;;
gas fireplace installation salt lake city;https://fireplacesutah.com/traditional-gas-fireplaces/;0;7;0;42.857.142.857.142.800;;
gas fireplace installation salt lake city;https://fireplacesutah.com/videos/;0;1;0;9;;
gas fireplace installation salt lake county;https://fireplacesutah.com/;0;7;0;6.642.857.142.857.140;;
gas fireplace installation salt lake county;https://fireplacesutah.com/fireplace-repair-service/;0;19;0;25.157.894.736.842.100;;
gas fireplace installation salt lake county;https://fireplacesutah.com/indoor-outdoor-fireplaces-in-salt-lake-city-utah/;0;16;0;596.875;;
gas fireplace installation sandy;https://fireplacesutah.com/;0;14;0;7.785.714.285.714.280;;
gas fireplace installation sandy;https://fireplacesutah.com/avoiding-fireplace-odors-vinegar-charcoal-inspection/;0;2;0;77;;
gas fireplace installation sandy;https://fireplacesutah.com/fireplace-repair-service/;0;14;0;24.714.285.714.285.700;;
gas fireplace installation sandy;https://fireplacesutah.com/fireplace-services-in-bluffdale-utah/;0;4;0;57;;
gas fireplace installation sandy;https://fireplacesutah.com/fireplace-services-in-kaysville-utah/;0;5;0;48.2;;
gas fireplace installation sandy;https://fireplacesutah.com/fireplace-services-in-riverton-utah/;0;5;0;75;;
gas fireplace installation sandy;https://fireplacesutah.com/layton-utah-fireplace-contractor/;0;4;0;70.25;;
gas fireplace installation sandy;https://fireplacesutah.com/sandy-utah-fireplace-contractor/;0;13;0;6.769.230.769.230.760;;
gas fireplace installation service near me;https://fireplacesutah.com/fireplace-design-installation-in-ogden-utah/;0;1;0;15;;
gas fireplace installation utah;https://fireplacesutah.com/;0;24;0;6.041.666.666.666.660;;
gas fireplace installation utah;https://fireplacesutah.com/build-your-fireplace/;0;1;0;10;;
gas fireplace installation utah;https://fireplacesutah.com/fireplace-design-installation-in-ogden-utah/;0;2;0;85.5;;
gas fireplace installation utah;https://fireplacesutah.com/fireplace-repair-service/;0;18;0;46.5;;
gas fireplace installation utah;https://fireplacesutah.com/gallery/;0;1;0;10;;
gas fireplace installation utah;https://fireplacesutah.com/layton-utah-fireplace-contractor/;0;15;0;3.813.333.333.333.330;;
gas fireplace installation utah;https://fireplacesutah.com/products/;0;1;0;10;;
gas fireplace installation utah;https://fireplacesutah.com/replace-your-fireplace/;0;1;0;40;;
gas fireplace installation utah;https://fireplacesutah.com/reviews/;0;1;0;10;;
gas fireplace installation utah;https://fireplacesutah.com/showrooms/;0;1;0;10;;
gas fireplace installation utah;https://fireplacesutah.com/specials/;0;1;0;10;;
gas fireplace installation utah;https://fireplacesutah.com/videos/;0;1;0;10;;
gas fireplace installation west valley city;https://fireplacesutah.com/;0;1;0;84;;
gas fireplace installation west valley city;https://fireplacesutah.com/easy-steps-to-start-a-gas-fireplace/;0;1;0;31;;
gas fireplace installation west valley city;https://fireplacesutah.com/fireplace-repair-service/;0;9;0;3.755.555.555.555.550;;
gas fireplace installation west valley city;https://fireplacesutah.com/fireplace-services-in-bluffdale-utah/;0;1;0;94;;
gas fireplace installation west valley city;https://fireplacesutah.com/fireplace-services-in-west-valley-city-utah/;0;9;0;4;;
gas fireplace installation west valley city;https://fireplacesutah.com/gas-fireplace-lifespan-factors-blower-pilot-maintenance/;0;1;0;26;;
gas fireplace installation west valley city;https://fireplacesutah.com/log-sets/;0;4;0;27.75;;
gas fireplace installation west valley city;https://fireplacesutah.com/traditional-gas-fireplaces/;0;7;0;62.857.142.857.142.800;;
gas fireplace installations;https://fireplacesutah.com/fireplace-design-installation-in-ogden-utah;0;1;0;5;;
gas fireplace installer near me;https://fireplacesutah.com/;0;2;0;10.5;;
gas fireplace installer near me;https://fireplacesutah.com/build-your-fireplace/;0;2;0;10.5;;
gas fireplace installer near me;https://fireplacesutah.com/fireplace-design-installation-in-ogden-utah;0;1;0;25;;
gas fireplace installer near me;https://fireplacesutah.com/fireplace-design-installation-in-ogden-utah/;0;3;0;46.333.333.333.333.300;;
gas fireplace installer near me;https://fireplacesutah.com/fireplace-services-in-bluffdale-utah/;0;1;0;57;;
gas fireplace installer near me;https://fireplacesutah.com/products/;0;2;0;10.5;;
gas fireplace installer near me;https://fireplacesutah.com/reviews/;0;2;0;10.5;;
gas fireplace installer near me;https://fireplacesutah.com/specials/;0;2;0;10.5;;
gas fireplace installers;https://fireplacesutah.com/;0;3;0;1;;
gas fireplace installers;https://fireplacesutah.com/layton-utah-fireplace-contractor/;0;1;0;8;;
gas fireplace installers in my area;https://fireplacesutah.com/fireplace-design-installation-in-ogden-utah/;0;1;0;17;;
gas fireplace installers in my area;https://fireplacesutah.com/layton-utah-fireplace-contractor/;0;1;0;7;;
gas fireplace installers in my area;https://fireplacesutah.com/sandy-utah-fireplace-contractor/;0;1;0;1;;
gas fireplace installers near me;https://fireplacesutah.com/fireplace-design-installation-in-ogden-utah;0;2;0;27.5;;
gas fireplace installers near me;https://fireplacesutah.com/fireplace-design-installation-in-ogden-utah/;0;5;0;40;;
gas fireplace installers near me;https://fireplacesutah.com/layton-utah-fireplace-contractor/;0;3;0;33.333.333.333.333.300;;
gas fireplace is loud;https://fireplacesutah.com/fireplace-blowers-answering-common-questions/;0;2;0;36;;
gas fireplace life expectancy;https://fireplacesutah.com/gas-fireplace-lifespan-factors-blower-pilot-maintenance/;0;3;0;21.666.666.666.666.600;;
gas fireplace life expectancy;https://fireplacesutah.com/slc-gas-fireplace-lifespan-factors-firebox-size-liner/;0;1;0;92;;
gas fireplace lifespan;https://fireplacesutah.com/gas-fireplace-lifespan-factors-blower-pilot-maintenance/;0;37;0;1.127.027.027.027.020;;
gas fireplace lifespan;https://fireplacesutah.com/slc-gas-fireplace-lifespan-factors-firebox-size-liner/;0;5;0;35.4;;
gas fireplace liner;https://fireplacesutah.com/slc-gas-fireplace-lifespan-factors-firebox-size-liner/;0;1;0;1;;
gas fireplace log cleaning;https://fireplacesutah.com/how-to-clean-your-gas-fireplace-safely-and-effectively/;0;4;0;55.5;;
gas fireplace log insert;https://fireplacesutah.com/log-sets/;0;1;0;6;;
gas fireplace log installation near me;https://fireplacesutah.com/;0;1;0;8;;
gas fireplace log installation near me;https://fireplacesutah.com/fireplace-services-in-riverton-utah/;0;1;0;9;;
gas fireplace log installation services;https://fireplacesutah.com/;0;1;0;14;;
gas fireplace logs installation near me;https://fireplacesutah.com/fireplace-design-installation-in-ogden-utah;0;1;0;36;;
gas fireplace logs installation near me;https://fireplacesutah.com/fireplace-design-installation-in-ogden-utah/;0;3;0;25;;
gas fireplace logs near me;https://fireplacesutah.com/fireplace-design-installation-in-ogden-utah;0;6;0;52.166.666.666.666.600;;
gas fireplace logs portsmouth;https://fireplacesutah.com/log-sets/;0;30;0;69.4;;
gas fireplace logs with remote;https://fireplacesutah.com/gas-fireplace-lifespan-factors-blower-pilot-maintenance/;0;1;0;3;;
gas fireplace loud;https://fireplacesutah.com/fireplace-blowers-answering-common-questions/;0;3;0;33.666.666.666.666.600;;
gas fireplace loud gas flow;https://fireplacesutah.com/five-signs-fireplace-needs-professional-service/;0;2;0;72;;
gas fireplace maintenance;https://fireplacesutah.com/fireplace-repair-service/;0;6;0;10.666.666.666.666.600;;
gas fireplace maintenance;https://fireplacesutah.com/fireplace-services-in-south-jordan-utah/;0;1;0;4;;
gas fireplace maintenance;https://fireplacesutah.com/gas-fireplace-lifespan-factors-blower-pilot-maintenance/;0;4;0;3.25;;
gas fireplace maintenance;https://fireplacesutah.com/steps-for-cleaning-and-maintaining-gas-fireplaces-part-1/;0;4;0;6.25;;
gas fireplace maintenance;https://fireplacesutah.com/steps-for-cleaning-and-maintaining-gas-fireplaces-part-2/;0;1;0;54;;
gas fireplace maintenance and repair;https://fireplacesutah.com/fireplace-services-in-riverton-utah/;0;1;0;2;;
gas fireplace maintenance and repair near me;https://fireplacesutah.com/fireplace-repair-service/;0;1;0;8;;
gas fireplace maintenance do it yourself;https://fireplacesutah.com/steps-for-cleaning-and-maintaining-gas-fireplaces-part-1/;0;2;0;92;;
gas fireplace maintenance near me;https://fireplacesutah.com/;0;1;0;1;;
gas fireplace maintenance near me;https://fireplacesutah.com/fireplace-repair-service/;0;4;0;9.5;;
gas fireplace maintenance near me;https://fireplacesutah.com/fireplace-services-in-bluffdale-utah/;0;2;0;24.5;;
gas fireplace maintenance near me;https://fireplacesutah.com/fireplace-services-in-bountiful-utah/;0;1;0;8;;
gas fireplace maintenance near me;https://fireplacesutah.com/fireplace-services-in-draper-utah/;0;1;0;5;;
gas fireplace maintenance near me;https://fireplacesutah.com/fireplace-services-in-roy-utah/;0;1;0;4;;
gas fireplace maintenance near me;https://fireplacesutah.com/fireplace-services-in-south-jordan-utah/;0;4;0;4;;
gas fireplace maintenance near me;https://fireplacesutah.com/layton-utah-fireplace-contractor/;0;3;0;4.333.333.333.333.330;;
gas fireplace maintenance near me;https://fireplacesutah.com/sandy-utah-fireplace-contractor/;0;1;0;5;;
gas fireplace maintenance service hinsdale;https://fireplacesutah.com/fireplace-services-in-bluffdale-utah/;0;1;0;44;;
gas fireplace maintenance service near me;https://fireplacesutah.com/fireplace-repair-service/;0;4;0;6.5;;
gas fireplace maintenance service near me;https://fireplacesutah.com/fireplace-services-in-bluffdale-utah/;0;1;0;2;;
gas fireplace maintenance service near me;https://fireplacesutah.com/fireplace-services-in-centerville-utah/;0;1;0;4;;
gas fireplace maintenance service near me;https://fireplacesutah.com/layton-utah-fireplace-contractor/;0;2;0;5;;
gas fireplace maintenance tips;https://fireplacesutah.com/steps-for-cleaning-and-maintaining-gas-fireplaces-part-1/;0;4;0;62;;
gas fireplace maintenance tips;https://fireplacesutah.com/steps-for-cleaning-and-maintaining-gas-fireplaces-part-2/;0;2;0;66.5;;
gas fireplace makes whooshing sound;https://fireplacesutah.com/five-signs-fireplace-needs-professional-service/;0;1;0;1;;
gas fireplace making noise when on;https://fireplacesutah.com/fireplace-blowers-answering-common-questions/;0;1;0;53;;
gas fireplace near me;https://fireplacesutah.com/layton-utah-fireplace-contractor/;0;3;0;9.666.666.666.666.660;;
gas fireplace nearby;https://fireplacesutah.com/;0;1;0;5;;
gas fireplace need a chimney;https://fireplacesutah.com/gas-fireplaces-and-chimneys-basics-and-types/;0;19;0;17;;
gas fireplace need chimney;https://fireplacesutah.com/gas-fireplaces-and-chimneys-basics-and-types/;0;7;0;7.871.428.571.428.570;;
gas fireplace no blower;https://fireplacesutah.com/fireplace-blowers-answering-common-questions/;0;1;0;70;;
gas fireplace noisy;https://fireplacesutah.com/fireplace-blowers-answering-common-questions/;0;1;0;3;;
gas fireplace odor;https://fireplacesutah.com/avoiding-fireplace-odors-vinegar-charcoal-inspection/;0;1;0;91;;
gas fireplace odors;https://fireplacesutah.com/avoiding-fireplace-odors-vinegar-charcoal-inspection/;0;3;0;69;;
gas fireplace on thermostat;https://fireplacesutah.com/benefits-of-a-thermostat-for-gas-fireplaces/;0;10;0;14.8;;
gas fireplace or electric;https://fireplacesutah.com/breaking-gas-vs-electric-fireplaces/;0;3;0;9.766.666.666.666.660;;
gas fireplace park city;https://fireplacesutah.com/;0;2;0;22.5;;
gas fireplace park city;https://fireplacesutah.com/fireplace-repair-service/;0;4;0;40;;
gas fireplace park city;https://fireplacesutah.com/fireplaces-fire-pits-wood-stoves-in-park-city-utah/;0;4;0;11.75;;
gas fireplace parts near me;https://fireplacesutah.com/gas-fireplace-lifespan-factors-blower-pilot-maintenance/;0;1;0;5;;
gas fireplace parts near me;https://fireplacesutah.com/layton-utah-fireplace-contractor/;0;1;0;10;;
gas fireplace parts store near me;https://fireplacesutah.com/;0;2;0;10;;
gas fireplace pilot assembly;https://fireplacesutah.com/gas-fireplace-lifespan-factors-blower-pilot-maintenance/;0;6;0;2.166.666.666.666.660;;
gas fireplace pilot assembly replacement;https://fireplacesutah.com/gas-fireplace-lifespan-factors-blower-pilot-maintenance/;0;16;0;1.5;;
gas fireplace pilot assembly replacement cost;https://fireplacesutah.com/gas-fireplace-lifespan-factors-blower-pilot-maintenance/;0;1;0;3;;
gas fireplace pilot light assembly;https://fireplacesutah.com/gas-fireplace-lifespan-factors-blower-pilot-maintenance/;0;1;0;1;;
gas fireplace pilot light went out;https://fireplacesutah.com/five-signs-fireplace-needs-professional-service/;0;6;0;1;;
gas fireplace pilot light works but no flame;https://fireplacesutah.com/five-signs-fireplace-needs-professional-service/;0;1;0;1;;
gas fireplace pilot won't stay lit;https://fireplacesutah.com/five-signs-fireplace-needs-professional-service/;0;1;0;3;;
gas fireplace precautions;https://fireplacesutah.com/safety-precautions-for-gas-fireplace-use/;0;1;0;21;;
gas fireplace programmable thermostat;https://fireplacesutah.com/benefits-of-a-thermostat-for-gas-fireplaces/;0;1;0;65;;
gas fireplace remodel near me;https://fireplacesutah.com/;0;1;0;9;;
gas fireplace remodel near me;https://fireplacesutah.com/layton-utah-fireplace-contractor/;0;2;0;9;;
gas fireplace remodel near me;https://fireplacesutah.com/sandy-utah-fireplace-contractor/;0;1;0;8;;
gas fireplace repair;https://fireplacesutah.com/;0;9;0;7.111.111.111.111.110;;
gas fireplace repair;https://fireplacesutah.com/fireplace-services-in-bluffdale-utah/;0;3;0;8.666.666.666.666.660;;
gas fireplace repair;https://fireplacesutah.com/fireplace-services-in-bountiful-utah/;0;189;0;4.015.873.015.873.010;;
gas fireplace repair;https://fireplacesutah.com/fireplace-services-in-draper-utah/;0;1;0;7;;
gas fireplace repair;https://fireplacesutah.com/fireplace-services-in-kaysville-utah/;0;2;0;4;;
gas fireplace repair;https://fireplacesutah.com/fireplace-services-in-riverton-utah/;0;2;0;4;;
gas fireplace repair;https://fireplacesutah.com/fireplace-services-in-roy-utah/;0;14;0;3.642.857.142.857.140;;
gas fireplace repair;https://fireplacesutah.com/fireplace-services-in-south-jordan-utah/;0;26;0;4.076.923.076.923.070;;
gas fireplace repair;https://fireplacesutah.com/gas-fireplace-lifespan-factors-blower-pilot-maintenance/;0;3;0;2.666.666.666.666.660;;
gas fireplace repair;https://fireplacesutah.com/layton-utah-fireplace-contractor/;0;11;0;4.363.636.363.636.360;;
gas fireplace repair;https://fireplacesutah.com/sandy-utah-fireplace-contractor/;0;5;0;5.2;;
gas fireplace repair;https://fireplacesutah.com/slc-gas-fireplace-lifespan-factors-firebox-size-liner/;0;1;0;2;;
gas fireplace repair and maintenance;https://fireplacesutah.com/fireplace-repair-service/;0;24;0;9.379.166.666.666.660;;
gas fireplace repair and maintenance;https://fireplacesutah.com/fireplace-services-in-bountiful-utah/;0;1;0;85;;
gas fireplace repair and maintenance near me;https://fireplacesutah.com/fireplace-repair-service/;0;1;0;7;;
gas fireplace repair and service;https://fireplacesutah.com/fireplace-services-in-roy-utah/;0;1;0;6;;
gas fireplace repair and service near me;https://fireplacesutah.com/fireplace-repair-service/;0;1;0;7;;
gas fireplace repair companies;https://fireplacesutah.com/fireplace-repair-service/;0;2;0;74;;
gas fireplace repair east trenton heights;https://fireplacesutah.com/fireplace-repair-service/;0;6;0;69;;
gas fireplace repair etra;https://fireplacesutah.com/fireplace-repair-service/;0;2;0;74;;
gas fireplace repair galilee;https://fireplacesutah.com/fireplace-services-in-bountiful-utah/;0;1;0;73;;
gas fireplace repair half acre;https://fireplacesutah.com/fireplace-repair-service/;0;2;0;81;;
gas fireplace repair harbourton;https://fireplacesutah.com/fireplace-services-in-riverton-utah/;0;4;0;46.5;;
gas fireplace repair hazelton;https://fireplacesutah.com/fireplace-services-in-riverton-utah/;0;1;0;88;;
gas fireplace repair hillsdale manor;https://fireplacesutah.com/fireplace-services-in-bluffdale-utah/;0;3;0;57.666.666.666.666.600;;
gas fireplace repair hutchinson mills;https://fireplacesutah.com/fireplace-services-in-kaysville-utah/;0;6;0;82.5;;
gas fireplace repair in my area;https://fireplacesutah.com/fireplace-services-in-farmington-utah/;0;1;0;5;;
gas fireplace repair lumberton;https://fireplacesutah.com/fireplace-services-in-riverton-utah/;0;7;0;7.357.142.857.142.850;;
gas fireplace repair morgan;https://fireplacesutah.com/fireplace-design-installation-in-morgan-utah/;0;46;0;17.934.782.608.695.600;;
gas fireplace repair morgan;https://fireplacesutah.com/fireplace-repair-service/;0;9;0;7.033.333.333.333.330;;
gas fireplace repair morgan;https://fireplacesutah.com/fireplace-services-in-riverton-utah/;0;1;0;64;;
gas fireplace repair morgan;https://fireplacesutah.com/fireplace-services-in-south-jordan-utah/;0;1;0;96;;
gas fireplace repair morgan;https://fireplacesutah.com/fireplace-services-in-west-valley-city-utah/;0;1;0;67;;
gas fireplace repair morgan;https://fireplacesutah.com/videos/;0;1;0;75;;
gas fireplace repair near me;https://fireplacesutah.com/;0;54;0;7.703.703.703.703.700;;
gas fireplace repair near me;https://fireplacesutah.com/electric-fireplaces/;0;1;0;1;;
gas fireplace repair near me;https://fireplacesutah.com/fireplace-design-installation-in-morgan-utah/;0;5;0;5;;
gas fireplace repair near me;https://fireplacesutah.com/fireplace-design-installation-in-ogden-utah;0;6;0;7.666.666.666.666.660;;
gas fireplace repair near me;https://fireplacesutah.com/fireplace-design-installation-in-ogden-utah/;0;14;0;8.571.428.571.428.570;;
gas fireplace repair near me;https://fireplacesutah.com/fireplace-services-in-bountiful-utah/;0;186;0;5.768.817.204.301.070;;
gas fireplace repair near me;https://fireplacesutah.com/fireplace-services-in-centerville-utah/;0;1;0;7;;
gas fireplace repair near me;https://fireplacesutah.com/fireplace-services-in-draper-utah/;0;14;0;7.071.428.571.428.570;;
gas fireplace repair near me;https://fireplacesutah.com/fireplace-services-in-farmington-utah/;0;1;0;12;;
gas fireplace repair near me;https://fireplacesutah.com/fireplace-services-in-roy-utah/;0;42;0;6.809.523.809.523.800;;
gas fireplace repair near me;https://fireplacesutah.com/fireplace-services-in-west-valley-city-utah/;0;8;0;4.625;;
gas fireplace repair near me;https://fireplacesutah.com/five-signs-fireplace-needs-professional-service/;0;1;0;1;;
gas fireplace repair near me;https://fireplacesutah.com/gas-fireplace-lifespan-factors-blower-pilot-maintenance/;0;1;0;3;;
gas fireplace repair near me;https://fireplacesutah.com/herriman-utah-fireplace-design-installation-repair/;0;2;0;8.5;;
gas fireplace repair near me;https://fireplacesutah.com/layton-utah-fireplace-contractor/;0;40;0;6.175;;
gas fireplace repair near me within 20 mi;https://fireplacesutah.com/fireplace-repair-service/;0;1;0;6;;
gas fireplace repair near me within 20 mi;https://fireplacesutah.com/fireplace-services-in-south-jordan-utah/;0;1;0;4;;
gas fireplace repair near me within 5 mi;https://fireplacesutah.com/fireplace-repair-service/;0;1;0;9;;
gas fireplace repair near me within 5 mi;https://fireplacesutah.com/layton-utah-fireplace-contractor/;0;2;0;5.5;;
gas fireplace repair orchard heights;https://fireplacesutah.com/fireplace-repair-service/;0;2;0;85.5;;
gas fireplace repair orchard heights;https://fireplacesutah.com/fireplace-services-in-south-jordan-utah/;0;1;0;77;;
gas fireplace repair people;https://fireplacesutah.com/fireplace-repair-service/;0;1;0;10;;
gas fireplace repair portsmouth;https://fireplacesutah.com/fireplace-repair-service/;0;3;0;9.533.333.333.333.330;;
gas fireplace repair possumtown;https://fireplacesutah.com/;0;1;0;8;;
gas fireplace repair possumtown;https://fireplacesutah.com/fireplace-repair-service/;0;1;0;1;;
gas fireplace repair rochester ny;https://fireplacesutah.com/gas-fireplace-lifespan-factors-blower-pilot-maintenance/;0;3;0;3;;
gas fireplace repair rochester; ny;https://fireplacesutah.com/gas-fireplace-lifespan-factors-blower-pilot-maintenance/;0;1;0;3;
gas fireplace repair saint josephs village;https://fireplacesutah.com/fireplace-services-in-bluffdale-utah/;0;5;0;62.6;;
gas fireplace repair saint josephs village;https://fireplacesutah.com/fireplace-services-in-bountiful-utah/;0;1;0;83;;
gas fireplace repair salt lake city;https://fireplacesutah.com/build-your-fireplace/;0;3;0;11;;
gas fireplace repair salt lake city;https://fireplacesutah.com/fireplace-services-in-south-jordan-utah/;0;19;0;783.157.894.736.842;;
gas fireplace repair salt lake city;https://fireplacesutah.com/fireplace-services-in-west-valley-city-utah/;0;1;0;47;;
gas fireplace repair salt lake city;https://fireplacesutah.com/gallery/;0;2;0;11.5;;
gas fireplace repair salt lake city;https://fireplacesutah.com/products/;0;3;0;11;;
gas fireplace repair salt lake city;https://fireplacesutah.com/reviews/;0;3;0;11;;
gas fireplace repair salt lake city;https://fireplacesutah.com/showrooms/;0;2;0;11.5;;
gas fireplace repair salt lake city;https://fireplacesutah.com/specials/;0;3;0;11;;
gas fireplace repair salt lake city;https://fireplacesutah.com/videos/;0;2;0;11.5;;
gas fireplace repair service;https://fireplacesutah.com/fireplace-services-in-bluffdale-utah/;0;1;0;11;;
gas fireplace repair service near me;https://fireplacesutah.com/fireplace-repair-service/;0;5;0;16.2;;
gas fireplace repair service near me;https://fireplacesutah.com/fireplace-services-in-bluffdale-utah/;0;3;0;8;;
gas fireplace repair service near me;https://fireplacesutah.com/fireplace-services-in-draper-utah/;0;1;0;11;;
gas fireplace repair service near me;https://fireplacesutah.com/fireplace-services-in-riverton-utah/;0;1;0;6;;
gas fireplace repair services;https://fireplacesutah.com/fireplace-repair-service/;0;2;0;10.5;;
gas fireplace repair specialist;https://fireplacesutah.com/fireplace-services-in-bountiful-utah/;0;1;0;52;;
gas fireplace repair stelton;https://fireplacesutah.com/fireplace-services-in-riverton-utah/;0;11;0;5.027.272.727.272.720;;
gas fireplace repair stelton;https://fireplacesutah.com/fireplace-services-in-south-jordan-utah/;0;1;0;56;;
gas fireplace repair stelton;https://fireplacesutah.com/layton-utah-fireplace-contractor/;0;18;0;5.277.777.777.777.770;;
gas fireplace repair technician;https://fireplacesutah.com/fireplace-repair-service/;0;1;0;26;;
gas fireplace repair technician;https://fireplacesutah.com/fireplace-services-in-bountiful-utah/;0;4;0;70.5;;
gas fireplace repair utah;https://fireplacesutah.com/;0;22;0;9.545.454.545.454.540;;
gas fireplace repair utah;https://fireplacesutah.com/build-your-fireplace/;0;3;0;10.333.333.333.333.300;;
gas fireplace repair utah;https://fireplacesutah.com/fireplace-repair-service/;0;17;0;17.705.882.352.941.100;;
gas fireplace repair utah;https://fireplacesutah.com/fireplace-services-in-riverton-utah/;0;3;0;63;;
gas fireplace repair utah;https://fireplacesutah.com/fireplace-services-in-south-jordan-utah/;0;11;0;5.136.363.636.363.630;;
gas fireplace repair utah;https://fireplacesutah.com/products/;0;3;0;10.333.333.333.333.300;;
gas fireplace repair utah;https://fireplacesutah.com/replace-your-fireplace/;0;6;0;41;;
gas fireplace repair utah;https://fireplacesutah.com/reviews/;0;3;0;10.333.333.333.333.300;;
gas fireplace repair utah;https://fireplacesutah.com/specials/;0;3;0;10.333.333.333.333.300;;
gas fireplace repair utah county;https://fireplacesutah.com/;0;3;0;14;;
gas fireplace repair utah county;https://fireplacesutah.com/fireplace-repair-service/;0;22;0;11.409.090.909.090.900;;
gas fireplace repair utah county;https://fireplacesutah.com/fireplace-services-in-bluffdale-utah/;0;3;0;11;;
gas fireplace repairman;https://fireplacesutah.com/fireplace-repair-service/;0;4;0;31;;
gas fireplace repairman;https://fireplacesutah.com/fireplace-services-in-riverton-utah/;0;1;0;4;;
gas fireplace repairman;https://fireplacesutah.com/fireplace-services-in-south-jordan-utah/;0;1;0;4;;
gas fireplace repairman near me;https://fireplacesutah.com/fireplace-repair-service/;0;1;0;7;;
gas fireplace repairman near me;https://fireplacesutah.com/fireplace-services-in-bluffdale-utah/;0;1;0;5;;
gas fireplace repairman near me;https://fireplacesutah.com/fireplace-services-in-roy-utah/;0;2;0;5;;
gas fireplace repairmen;https://fireplacesutah.com/fireplace-design-installation-in-morgan-utah/;0;1;0;33;;
gas fireplace repairmen;https://fireplacesutah.com/fireplace-repair-service/;0;2;0;6.5;;
gas fireplace repairs;https://fireplacesutah.com/fireplace-repair-service/;0;12;0;42.083.333.333.333.300;;
gas fireplace repairs;https://fireplacesutah.com/sandy-utah-fireplace-contractor/;0;1;0;4;;
gas fireplace repairs and service;https://fireplacesutah.com/fireplace-services-in-south-jordan-utah/;0;1;0;3;;
gas fireplace repairs in my area;https://fireplacesutah.com/fireplace-repair-service/;0;2;0;10.5;;
gas fireplace repairs in my area;https://fireplacesutah.com/fireplace-services-in-bluffdale-utah/;0;3;0;22.333.333.333.333.300;;
gas fireplace repairs near me;https://fireplacesutah.com/fireplace-services-in-farmington-utah/;0;1;0;7;;
gas fireplace replacement near me;https://fireplacesutah.com/fireplace-design-installation-in-ogden-utah;0;3;0;41.666.666.666.666.600;;
gas fireplace replacement near me;https://fireplacesutah.com/fireplace-design-installation-in-ogden-utah/;0;1;0;29;;
gas fireplace replacement near me;https://fireplacesutah.com/fireplace-services-in-south-jordan-utah/;0;1;0;10;;
gas fireplace replacement near me;https://fireplacesutah.com/gas-fireplace-lifespan-factors-blower-pilot-maintenance/;0;1;0;2;;
gas fireplace replacement near me;https://fireplacesutah.com/layton-utah-fireplace-contractor/;0;1;0;9;;
gas fireplace replacement parts;https://fireplacesutah.com/gas-fireplace-lifespan-factors-blower-pilot-maintenance/;0;1;0;2;;
gas fireplace replacement parts near me;https://fireplacesutah.com/;0;1;0;12;;
gas fireplace retailers near me;https://fireplacesutah.com/;0;1;0;9;;
gas fireplace safety;http://fireplacesutah.com/safety-precautions-for-gas-fireplace-use/;0;6;0;58.833.333.333.333.300;;
gas fireplace safety;https://fireplacesutah.com/safety-precautions-for-gas-fireplace-use/;0;22;0;6.236.363.636.363.630;;
gas fireplace safety features;https://fireplacesutah.com/safety-precautions-for-gas-fireplace-use/;0;1;0;68;;
gas fireplace safety tips;https://fireplacesutah.com/safety-precautions-for-gas-fireplace-use/;0;5;0;78;;
gas fireplace sales and service near me;https://fireplacesutah.com/;0;1;0;11;;
gas fireplace sales and service near me;https://fireplacesutah.com/layton-utah-fireplace-contractor/;0;1;0;10;;
gas fireplace salt lake;https://fireplacesutah.com/;0;20;0;9.35;;
gas fireplace salt lake;https://fireplacesutah.com/build-your-fireplace/;0;10;0;10.5;;
gas fireplace salt lake;https://fireplacesutah.com/gallery/;0;2;0;10;;
gas fireplace salt lake;https://fireplacesutah.com/indoor-outdoor-fireplaces-in-salt-lake-city-utah/;0;12;0;62;;
gas fireplace salt lake;https://fireplacesutah.com/log-sets/;0;2;0;65.5;;
gas fireplace salt lake;https://fireplacesutah.com/products/;0;10;0;10.5;;
gas fireplace salt lake;https://fireplacesutah.com/reviews/;0;10;0;10.5;;
gas fireplace salt lake;https://fireplacesutah.com/showrooms/;0;2;0;10;;
gas fireplace salt lake;https://fireplacesutah.com/specials/;0;10;0;10.5;;
gas fireplace salt lake;https://fireplacesutah.com/videos/;0;2;0;10;;
gas fireplace salt lake city;https://fireplacesutah.com/build-your-fireplace/;0;4;0;9.75;;
gas fireplace salt lake city;https://fireplacesutah.com/fireplace-repair-service/;0;22;0;4.945.454.545.454.540;;
gas fireplace salt lake city;https://fireplacesutah.com/gallery/;0;1;0;10;;
gas fireplace salt lake city;https://fireplacesutah.com/indoor-outdoor-fireplaces-in-salt-lake-city-utah/;0;12;0;80.75;;
gas fireplace salt lake city;https://fireplacesutah.com/products/;0;4;0;9.75;;
gas fireplace salt lake city;https://fireplacesutah.com/reviews/;0;4;0;9.75;;
gas fireplace salt lake city;https://fireplacesutah.com/showrooms/;0;1;0;10;;
gas fireplace salt lake city;https://fireplacesutah.com/specials/;0;4;0;9.75;;
gas fireplace salt lake city;https://fireplacesutah.com/traditional-gas-fireplaces/;0;20;0;24.05;;
gas fireplace salt lake city;https://fireplacesutah.com/videos/;0;1;0;10;;
gas fireplace salt lake county;https://fireplacesutah.com/;0;4;0;14.75;;
gas fireplace salt lake county;https://fireplacesutah.com/build-your-fireplace/;0;1;0;12;;
gas fireplace salt lake county;https://fireplacesutah.com/indoor-outdoor-fireplaces-in-salt-lake-city-utah/;0;6;0;57.333.333.333.333.300;;
gas fireplace salt lake county;https://fireplacesutah.com/log-sets/;0;2;0;88;;
gas fireplace salt lake county;https://fireplacesutah.com/products/;0;1;0;12;;
gas fireplace salt lake county;https://fireplacesutah.com/reviews/;0;1;0;12;;
gas fireplace salt lake county;https://fireplacesutah.com/specials/;0;1;0;12;;
gas fireplace salt lake county;https://fireplacesutah.com/traditional-gas-fireplaces/;0;3;0;45.666.666.666.666.600;;
gas fireplace sandy;https://fireplacesutah.com/;0;16;0;53.125;;
gas fireplace sandy;https://fireplacesutah.com/fireplace-blowers-answering-common-questions/;0;5;0;85.8;;
gas fireplace sandy;https://fireplacesutah.com/fireplace-repair-service/;0;7;0;46;;
gas fireplace sandy;https://fireplacesutah.com/fireplace-services-in-south-jordan-utah/;0;2;0;85.5;;
gas fireplace sandy;https://fireplacesutah.com/log-sets/;0;14;0;24.071.428.571.428.500;;
gas fireplace sandy;https://fireplacesutah.com/sandy-utah-fireplace-contractor/;0;12;0;11.083.333.333.333.300;;
gas fireplace seevice;https://fireplacesutah.com/fireplace-repair-service/;0;1;0;11;;
gas fireplace service;https://fireplacesutah.com/;0;12;0;2.75;;
gas fireplace service;https://fireplacesutah.com/fireplace-services-in-bountiful-utah/;0;8;0;10.375;;
gas fireplace service;https://fireplacesutah.com/fireplace-services-in-cottonwood-heights-utah/;0;3;0;7.333.333.333.333.330;;
gas fireplace service;https://fireplacesutah.com/fireplace-services-in-draper-utah/;0;4;0;9;;
gas fireplace service;https://fireplacesutah.com/fireplace-services-in-farmington-utah/;0;3;0;9.333.333.333.333.330;;
gas fireplace service;https://fireplacesutah.com/fireplace-services-in-kaysville-utah/;0;3;0;36.666.666.666.666.600;;
gas fireplace service;https://fireplacesutah.com/fireplace-services-in-riverton-utah/;0;3;0;6;;
gas fireplace service;https://fireplacesutah.com/fireplace-services-in-roy-utah/;0;2;0;3;;
gas fireplace service;https://fireplacesutah.com/fireplace-services-in-south-jordan-utah/;0;27;0;4.111.111.111.111.110;;
gas fireplace service;https://fireplacesutah.com/fireplace-services-in-west-valley-city-utah/;0;6;0;4.666.666.666.666.660;;
gas fireplace service;https://fireplacesutah.com/gas-fireplace-lifespan-factors-blower-pilot-maintenance/;0;3;0;2;;
gas fireplace service;https://fireplacesutah.com/heber-city-utahs-fireplace-experts/;0;5;0;5.4;;
gas fireplace service;https://fireplacesutah.com/layton-utah-fireplace-contractor/;0;12;0;9.166.666.666.666.660;;
gas fireplace service;https://fireplacesutah.com/sandy-utah-fireplace-contractor/;0;7;0;4.571.428.571.428.570;;
gas fireplace service;https://fireplacesutah.com/steps-for-cleaning-and-maintaining-gas-fireplaces-part-1/;0;2;0;1;;
gas fireplace service and repair;https://fireplacesutah.com/fireplace-repair-service/;0;3;0;8.666.666.666.666.660;;
gas fireplace service and repair;https://fireplacesutah.com/fireplace-services-in-south-jordan-utah/;0;1;0;4;;
gas fireplace service and repair near me;https://fireplacesutah.com/fireplace-repair-service/;0;7;0;8.142.857.142.857.140;;
gas fireplace service and repair near me;https://fireplacesutah.com/fireplace-services-in-kaysville-utah/;0;1;0;12;;
gas fireplace service and repair near me;https://fireplacesutah.com/fireplace-services-in-roy-utah/;0;2;0;4.5;;
gas fireplace service and repair near me;https://fireplacesutah.com/layton-utah-fireplace-contractor/;0;2;0;7;;
gas fireplace service cincinnati ohio;https://fireplacesutah.com/gas-fireplace-lifespan-factors-blower-pilot-maintenance/;0;1;0;3;;
gas fireplace service company;https://fireplacesutah.com/fireplace-repair-service/;0;3;0;8.933.333.333.333.330;;
gas fireplace service cost near me;https://fireplacesutah.com/fireplace-services-in-roy-utah/;0;1;0;11;;
gas fireplace service coventry;https://fireplacesutah.com/fireplace-repair-service/;0;3;0;8.533.333.333.333.330;;
gas fireplace service coventry;https://fireplacesutah.com/fireplace-services-in-bluffdale-utah/;0;1;0;50;;
gas fireplace service exeter;https://fireplacesutah.com/fireplace-repair-service/;0;4;0;68.75;;
gas fireplace service in my area;https://fireplacesutah.com/;0;1;0;10;;
gas fireplace service in my area;https://fireplacesutah.com/heber-city-utahs-fireplace-experts/;0;1;0;6;;
gas fireplace service near me;https://fireplacesutah.com/;0;10;0;10.6;;
gas fireplace service near me;https://fireplacesutah.com/build-your-fireplace/;0;1;0;12;;
gas fireplace service near me;https://fireplacesutah.com/fireplace-design-installation-in-morgan-utah/;0;2;0;4;;
gas fireplace service near me;https://fireplacesutah.com/fireplace-design-installation-in-ogden-utah;0;1;0;10;;
gas fireplace service near me;https://fireplacesutah.com/fireplace-design-installation-in-ogden-utah/;0;2;0;9;;
gas fireplace service near me;https://fireplacesutah.com/fireplace-services-in-bluffdale-utah/;0;51;0;4.411.764.705.882.350;;
gas fireplace service near me;https://fireplacesutah.com/fireplace-services-in-cottonwood-heights-utah/;0;2;0;8.5;;
gas fireplace service near me;https://fireplacesutah.com/fireplace-services-in-kaysville-utah/;0;5;0;3.6;;
gas fireplace service near me;https://fireplacesutah.com/fireplace-services-in-roy-utah/;0;11;0;6.636.363.636.363.630;;
gas fireplace service near me;https://fireplacesutah.com/fireplace-services-in-woods-cross-utah/;0;1;0;7;;
gas fireplace service near me;https://fireplacesutah.com/gallery/;0;1;0;12;;
gas fireplace service near me;https://fireplacesutah.com/gas-fireplace-lifespan-factors-blower-pilot-maintenance/;0;4;0;2.25;;
gas fireplace service near me;https://fireplacesutah.com/layton-utah-fireplace-contractor/;0;4;0;8;;
gas fireplace service near me;https://fireplacesutah.com/products/;0;1;0;12;;
gas fireplace service near me;https://fireplacesutah.com/reviews/;0;1;0;12;;
gas fireplace service near me;https://fireplacesutah.com/sandy-utah-fireplace-contractor/;0;5;0;6.2;;
gas fireplace service near me;https://fireplacesutah.com/showrooms/;0;1;0;12;;
gas fireplace service near me;https://fireplacesutah.com/slc-gas-fireplace-lifespan-factors-firebox-size-liner/;0;2;0;2;;
gas fireplace service near me;https://fireplacesutah.com/specials/;0;1;0;12;;
gas fireplace service near me;https://fireplacesutah.com/videos/;0;1;0;12;;
gas fireplace service of stafford;https://fireplacesutah.com/fireplace-services-in-bluffdale-utah/;0;1;0;31;;
gas fireplace service repair;https://fireplacesutah.com/fireplace-repair-service/;0;2;0;76;;
gas fireplace service technician;https://fireplacesutah.com/fireplace-services-in-bountiful-utah/;0;3;0;8.433.333.333.333.330;;
gas fireplace service tiverton;https://fireplacesutah.com/fireplace-services-in-bluffdale-utah/;0;6;0;74.5;;
gas fireplace service tiverton;https://fireplacesutah.com/fireplace-services-in-riverton-utah/;0;7;0;6.057.142.857.142.850;;
gas fireplace service tiverton;https://fireplacesutah.com/layton-utah-fireplace-contractor/;0;1;0;49;;
gas fireplace service utah county;https://fireplacesutah.com/;0;4;0;12.5;;
gas fireplace service utah county;https://fireplacesutah.com/fireplace-repair-service/;0;12;0;12.666.666.666.666.600;;
gas fireplace service warwick;https://fireplacesutah.com/fireplace-services-in-bluffdale-utah/;0;7;0;7.014.285.714.285.710;;
gas fireplace service within 5 mi;https://fireplacesutah.com/fireplace-repair-service/;0;3;0;6;;
gas fireplace services;https://fireplacesutah.com/fireplace-services-in-cottonwood-heights-utah/;0;1;0;3;;
gas fireplace services & repairs;https://fireplacesutah.com/fireplace-services-in-bluffdale-utah/;0;2;0;48.5;;
gas fireplace services & repairs;https://fireplacesutah.com/fireplace-services-in-bountiful-utah/;0;6;0;9.016.666.666.666.660;;
gas fireplace services east trenton heights;https://fireplacesutah.com/fireplace-repair-service/;0;2;0;76.5;;
gas fireplace services guttenberg;https://fireplacesutah.com/fireplace-repair-service/;0;1;0;6;;
gas fireplace services hutchinson mills;https://fireplacesutah.com/fireplace-services-in-kaysville-utah/;0;3;0;6.866.666.666.666.660;;
gas fireplace services morgan;https://fireplacesutah.com/fireplace-design-installation-in-morgan-utah/;0;13;0;19.307.692.307.692.300;;
gas fireplace services morgan;https://fireplacesutah.com/fireplace-repair-service/;0;1;0;88;;
gas fireplace services morgan;https://fireplacesutah.com/fireplace-services-in-bluffdale-utah/;0;5;0;59.2;;
gas fireplace services morgan;https://fireplacesutah.com/gas-fireplaces-and-chimneys-basics-and-types/;0;1;0;16;;
gas fireplace services near me;https://fireplacesutah.com/fireplace-services-in-bluffdale-utah/;0;10;0;51.9;;
gas fireplace services near me;https://fireplacesutah.com/fireplace-services-in-south-jordan-utah/;0;1;0;3;;
gas fireplace services orchard heights;https://fireplacesutah.com/fireplace-repair-service/;0;1;0;76;;
gas fireplace services orchard heights;https://fireplacesutah.com/fireplace-services-in-south-jordan-utah/;0;1;0;71;;
gas fireplace services stelton;https://fireplacesutah.com/;0;1;0;46;;
gas fireplace services stelton;https://fireplacesutah.com/fireplace-services-in-riverton-utah/;0;1;0;9;;
gas fireplace services stelton;https://fireplacesutah.com/layton-utah-fireplace-contractor/;0;8;0;68.625;;
gas fireplace servicing;https://fireplacesutah.com/;0;1;0;1;;
gas fireplace servicing;https://fireplacesutah.com/fireplace-repair-service/;0;9;0;29.666.666.666.666.600;;
gas fireplace servicing;https://fireplacesutah.com/fireplace-services-in-south-jordan-utah/;0;1;0;4;;
gas fireplace servicing near me;https://fireplacesutah.com/fireplace-services-in-bluffdale-utah/;0;2;0;26.5;;
gas fireplace servicing near me;https://fireplacesutah.com/fireplace-services-in-bountiful-utah/;0;1;0;5;;
gas fireplace servicing near me;https://fireplacesutah.com/fireplace-services-in-south-jordan-utah/;0;1;0;4;;
gas fireplace setting off smoke alarm;https://fireplacesutah.com/avoiding-fireplace-odors-vinegar-charcoal-inspection/;0;5;0;1;;
gas fireplace settings;https://fireplacesutah.com/easy-steps-to-start-a-gas-fireplace/;0;1;0;3;;
gas fireplace shallow depth;https://fireplacesutah.com/traditional-gas-fireplaces/;0;1;0;32;;
gas fireplace shops;https://fireplacesutah.com/;0;2;0;11;;
gas fireplace shops near me;https://fireplacesutah.com/fireplace-services-in-bountiful-utah/;0;1;0;12;;
gas fireplace shops near me;https://fireplacesutah.com/sandy-utah-fireplace-contractor/;0;1;0;9;;
gas fireplace showrooms near me;https://fireplacesutah.com/;0;1;0;11;;
gas fireplace specialist near me;https://fireplacesutah.com/;0;1;0;8;;
gas fireplace specialists near me;https://fireplacesutah.com/fireplace-design-installation-in-ogden-utah;0;1;0;8;;
gas fireplace start;https://fireplacesutah.com/easy-steps-to-start-a-gas-fireplace/;0;1;0;14;;
gas fireplace starters;https://fireplacesutah.com/easy-steps-to-start-a-gas-fireplace/;0;6;0;11.666.666.666.666.600;;
gas fireplace starting;https://fireplacesutah.com/easy-steps-to-start-a-gas-fireplace/;0;3;0;58.666.666.666.666.600;;
gas fireplace startup;https://fireplacesutah.com/easy-steps-to-start-a-gas-fireplace/;0;16;0;68.125;;
gas fireplace store;https://fireplacesutah.com/;0;1;0;10;;
gas fireplace store;https://fireplacesutah.com/gas-fireplace-lifespan-factors-blower-pilot-maintenance/;0;1;0;3;;
gas fireplace store near me;https://fireplacesutah.com/;0;8;0;10;;
gas fireplace store near me;https://fireplacesutah.com/fireplace-design-installation-in-ogden-utah/;0;1;0;10;;
gas fireplace store near me;https://fireplacesutah.com/fireplace-services-in-bluffdale-utah/;0;1;0;7;;
gas fireplace store near me;https://fireplacesutah.com/fireplace-services-in-riverton-utah/;0;1;0;9;;
gas fireplace stores;https://fireplacesutah.com/;0;1;0;12;;
gas fireplace stores near me;https://fireplacesutah.com/;0;23;0;15.304.347.826.086.900;;
gas fireplace stores near me;https://fireplacesutah.com/fireplace-services-in-bluffdale-utah/;0;1;0;10;;
gas fireplace stores near me;https://fireplacesutah.com/fireplace-services-in-kaysville-utah/;0;9;0;8;;
gas fireplace stores near me;https://fireplacesutah.com/fireplaces-fire-pits-wood-stoves-in-park-city-utah/;0;1;0;12;;
gas fireplace stores near me;https://fireplacesutah.com/layton-utah-fireplace-contractor/;0;11;0;31.272.727.272.727.200;;
gas fireplace stores near me kaysville;https://fireplacesutah.com/;0;3;0;21.333.333.333.333.300;;
gas fireplace stores near me kaysville;https://fireplacesutah.com/fireplace-services-in-kaysville-utah/;0;5;0;5.2;;
gas fireplace stores near me kaysville;https://fireplacesutah.com/layton-utah-fireplace-contractor/;0;5;0;39;;
gas fireplace stores near me kaysville;https://fireplacesutah.com/showrooms/;0;5;0;36.4;;
gas fireplace summit county;https://fireplacesutah.com/;0;8;0;47.625;;
gas fireplace suppliers near me;https://fireplacesutah.com/layton-utah-fireplace-contractor/;0;1;0;6;;
gas fireplace tech;https://fireplacesutah.com/fireplace-repair-service/;0;1;0;12;;
gas fireplace tech near me;https://fireplacesutah.com/fireplace-services-in-bluffdale-utah/;0;1;0;17;;
gas fireplace technician;https://fireplacesutah.com/fireplace-repair-service/;0;8;0;50.25;;
gas fireplace technician near me;https://fireplacesutah.com/;0;2;0;6;;
gas fireplace technician near me;https://fireplacesutah.com/fireplace-design-installation-in-ogden-utah;0;2;0;6.5;;
gas fireplace technician near me;https://fireplacesutah.com/fireplace-repair-service/;0;1;0;20;;
gas fireplace technician near me;https://fireplacesutah.com/fireplace-services-in-bluffdale-utah/;0;1;0;69;;
gas fireplace technician near me;https://fireplacesutah.com/fireplace-services-in-bountiful-utah/;0;2;0;8.5;;
gas fireplace technician near me;https://fireplacesutah.com/fireplace-services-in-draper-utah/;0;2;0;5;;
gas fireplace technician near me;https://fireplacesutah.com/fireplace-services-in-roy-utah/;0;2;0;5.5;;
gas fireplace technician near me;https://fireplacesutah.com/fireplace-services-in-south-jordan-utah/;0;2;0;3;;
gas fireplace technician near me;https://fireplacesutah.com/fireplaces-fire-pits-wood-stoves-in-park-city-utah/;0;2;0;12;;
gas fireplace technician near me;https://fireplacesutah.com/gas-fireplace-lifespan-factors-blower-pilot-maintenance/;0;3;0;2.666.666.666.666.660;;
gas fireplace technician near me;https://fireplacesutah.com/heber-city-utahs-fireplace-experts/;0;1;0;5;;
gas fireplace technician near me;https://fireplacesutah.com/layton-utah-fireplace-contractor/;0;1;0;4;;
gas fireplace technicians;https://fireplacesutah.com/fireplace-repair-service/;0;1;0;43;;
gas fireplace temperature;https://fireplacesutah.com/benefits-of-a-thermostat-for-gas-fireplaces/;0;5;0;24.8;;
gas fireplace temperature control;https://fireplacesutah.com/benefits-of-a-thermostat-for-gas-fireplaces/;0;5;0;2.4;;
gas fireplace tepair;https://fireplacesutah.com/fireplace-repair-service/;0;1;0;11;;
gas fireplace tepair;https://fireplacesutah.com/fireplace-services-in-south-jordan-utah/;0;1;0;7;;
gas fireplace thermostat control;https://fireplacesutah.com/benefits-of-a-thermostat-for-gas-fireplaces/;0;7;0;29.142.857.142.857.100;;
gas fireplace thermostat installation;https://fireplacesutah.com/benefits-of-a-thermostat-for-gas-fireplaces/;0;2;0;40;;
gas fireplace thermostats;https://fireplacesutah.com/benefits-of-a-thermostat-for-gas-fireplaces/;0;15;0;29.933.333.333.333.300;;
gas fireplace tips;https://fireplacesutah.com/safety-precautions-for-gas-fireplace-use/;0;1;0;76;;
gas fireplace to wood burning conversion;https://fireplacesutah.com/convert-your-fireplace/;0;1;0;15;;
gas fireplace to wood stove conversion;https://fireplacesutah.com/convert-your-fireplace/;0;18;0;31.5;;
gas fireplace troubleshooting chart;https://fireplacesutah.com/five-signs-fireplace-needs-professional-service/;0;4;0;1;;
gas fireplace tune up;https://fireplacesutah.com/;0;1;0;1;;
gas fireplace tune up;https://fireplacesutah.com/fireplace-repair-service/;0;3;0;9.333.333.333.333.330;;
gas fireplace tune up near me;https://fireplacesutah.com/;0;2;0;1;;
gas fireplace tune up near me;https://fireplacesutah.com/fireplace-design-installation-in-morgan-utah/;0;1;0;5;;
gas fireplace tune up near me;https://fireplacesutah.com/fireplace-repair-service/;0;3;0;11;;
gas fireplace tune up near me;https://fireplacesutah.com/fireplace-services-in-bountiful-utah/;0;2;0;9.5;;
gas fireplace tune up near me;https://fireplacesutah.com/fireplace-services-in-kaysville-utah/;0;1;0;4;;
gas fireplace tune up near me;https://fireplacesutah.com/fireplace-services-in-roy-utah/;0;2;0;3.5;;
gas fireplace tune up near me;https://fireplacesutah.com/fireplace-services-in-south-jordan-utah/;0;4;0;5.5;;
gas fireplace tune up near me;https://fireplacesutah.com/heber-city-utahs-fireplace-experts/;0;1;0;5;;
gas fireplace tune-ups;https://fireplacesutah.com/fireplace-repair-service/;0;1;0;11;;
gas fireplace turn key;https://fireplacesutah.com/easy-steps-to-start-a-gas-fireplace/;0;1;0;63;;
gas fireplace types;https://fireplacesutah.com/gas-fireplaces-and-chimneys-basics-and-types/;0;66;0;8.943.939.393.939.390;;
gas fireplace upgrade utah;https://fireplacesutah.com/;0;10;0;11;;
gas fireplace upgrade utah;https://fireplacesutah.com/build-your-fireplace/;0;2;0;10;;
gas fireplace upgrade utah;https://fireplacesutah.com/convert-your-fireplace;0;7;0;25.285.714.285.714.200;;
gas fireplace upgrade utah;https://fireplacesutah.com/convert-your-fireplace/;0;1;0;78;;
gas fireplace upgrade utah;https://fireplacesutah.com/fireplace-repair-service/;0;1;0;57;;
gas fireplace upgrade utah;https://fireplacesutah.com/log-sets/;0;6;0;39.166.666.666.666.600;;
gas fireplace upgrade utah;https://fireplacesutah.com/products/;0;2;0;10;;
gas fireplace upgrade utah;https://fireplacesutah.com/replace-your-fireplace/;0;1;0;26;;
gas fireplace upgrade utah;https://fireplacesutah.com/reviews/;0;2;0;10;;
gas fireplace upgrade utah;https://fireplacesutah.com/specials/;0;2;0;10;;
gas fireplace upgrade utah;https://fireplacesutah.com/traditional-gas-fireplaces/;0;5;0;56;;
gas fireplace upkeep;https://fireplacesutah.com/steps-for-cleaning-and-maintaining-gas-fireplaces-part-1/;0;3;0;7.833.333.333.333.330;;
gas fireplace utah;http://fireplacesutah.com/safety-precautions-for-gas-fireplace-use/;0;1;0;39;;
gas fireplace utah;https://fireplacesutah.com/build-your-fireplace/;0;7;0;9.571.428.571.428.570;;
gas fireplace utah;https://fireplacesutah.com/fireplace-repair-service/;0;3;0;6.766.666.666.666.660;;
gas fireplace utah;https://fireplacesutah.com/gallery/;0;1;0;11;;
gas fireplace utah;https://fireplacesutah.com/layton-utah-fireplace-contractor/;0;5;0;57.4;;
gas fireplace utah;https://fireplacesutah.com/log-sets/;0;9;0;60.111.111.111.111.100;;
gas fireplace utah;https://fireplacesutah.com/products/;0;7;0;9.571.428.571.428.570;;
gas fireplace utah;https://fireplacesutah.com/reviews/;0;7;0;9.571.428.571.428.570;;
gas fireplace utah;https://fireplacesutah.com/showrooms/;0;1;0;11;;
gas fireplace utah;https://fireplacesutah.com/specials/;0;7;0;9.571.428.571.428.570;;
gas fireplace utah;https://fireplacesutah.com/traditional-gas-fireplaces/;0;7;0;28;;
gas fireplace utah;https://fireplacesutah.com/videos/;0;1;0;11;;
gas fireplace vented or ventless;https://fireplacesutah.com/differences-vented-vent-free-fireplaces/;0;1;0;99;;
gas fireplace versus electric;https://fireplacesutah.com/breaking-gas-vs-electric-fireplaces/;0;2;0;75;;
gas fireplace versus electric fireplace;https://fireplacesutah.com/breaking-gas-vs-electric-fireplaces/;0;5;0;86.4;;
gas fireplace vs electric;https://fireplacesutah.com/breaking-gas-vs-electric-fireplaces/;0;29;0;1.717.241.379.310.340;;
gas fireplace vs electric fireplace;https://fireplacesutah.com/breaking-gas-vs-electric-fireplaces/;0;5;0;77.6;;
gas fireplace vs wood;https://fireplacesutah.com/breaking-gas-vs-electric-fireplaces/;0;3;0;68;;
gas fireplace wall thermostat;https://fireplacesutah.com/benefits-of-a-thermostat-for-gas-fireplaces/;0;2;0;28;;
gas fireplace west valley city;https://fireplacesutah.com/fireplace-services-in-bluffdale-utah/;0;2;0;77.5;;
gas fireplace west valley city;https://fireplacesutah.com/fireplace-services-in-west-valley-city-utah/;0;3;0;5;;
gas fireplace west valley city;https://fireplacesutah.com/layton-utah-fireplace-contractor/;0;3;0;50.333.333.333.333.300;;
gas fireplace whooshing sound;https://fireplacesutah.com/five-signs-fireplace-needs-professional-service/;0;5;0;1;;
gas fireplace with chimney;https://fireplacesutah.com/gas-fireplaces-and-chimneys-basics-and-types/;0;4;0;85.75;;
gas fireplace with key;https://fireplacesutah.com/easy-steps-to-start-a-gas-fireplace/;0;5;0;1.6;;
gas fireplace with mantel;https://fireplacesutah.com/gas-fireplace-lifespan-factors-blower-pilot-maintenance/;0;1;0;13;;
gas fireplace with temperature control;https://fireplacesutah.com/benefits-of-a-thermostat-for-gas-fireplaces/;0;1;0;1;;
gas fireplace with thermostat;https://fireplacesutah.com/benefits-of-a-thermostat-for-gas-fireplaces/;0;70;0;6.242.857.142.857.140;;
gas fireplace with thermostat control;https://fireplacesutah.com/benefits-of-a-thermostat-for-gas-fireplaces/;0;37;0;6.162.162.162.162.160;;
gas fireplace won't light;https://fireplacesutah.com/gas-fireplace-lifespan-factors-blower-pilot-maintenance/;0;1;0;3;;
gas fireplace won't turn on;https://fireplacesutah.com/five-signs-fireplace-needs-professional-service/;0;35;0;1;;
gas fireplace wont turn on;https://fireplacesutah.com/five-signs-fireplace-needs-professional-service/;0;6;0;1;;
gas fireplace.repair;https://fireplacesutah.com/fireplace-repair-service/;0;16;0;71.375;;
gas fireplace.repair near me;https://fireplacesutah.com/fireplace-repair-service/;0;1;0;9;;
gas fireplaces;https://fireplacesutah.com/fireplace-repair-service/;0;1;0;12;;
gas fireplaces bountiful;https://fireplacesutah.com/;0;16;0;7.875;;
gas fireplaces bountiful;https://fireplacesutah.com/fireplace-design-installation-in-ogden-utah/;0;1;0;88;;
gas fireplaces bountiful;https://fireplacesutah.com/fireplace-services-in-bountiful-utah/;0;14;0;15.214.285.714.285.700;;
gas fireplaces bountiful;https://fireplacesutah.com/layton-utah-fireplace-contractor/;0;4;0;39.75;;
gas fireplaces for sale near me;https://fireplacesutah.com/fireplace-design-installation-in-morgan-utah/;0;1;0;12;;
gas fireplaces how to use;https://fireplacesutah.com/easy-steps-to-start-a-gas-fireplace/;0;1;0;53;;
gas fireplaces insert;https://fireplacesutah.com/;0;2;0;1;;
gas fireplaces installed near me;https://fireplacesutah.com/fireplace-design-installation-in-ogden-utah;0;42;0;43.523.809.523.809.500;;
gas fireplaces installed near me;https://fireplacesutah.com/fireplace-design-installation-in-ogden-utah/;0;3;0;41.333.333.333.333.300;;
gas fireplaces near me;https://fireplacesutah.com/;0;2;0;6.5;;
gas fireplaces near me;https://fireplacesutah.com/heber-city-utahs-fireplace-experts/;0;1;0;9;;
gas fireplaces near me;https://fireplacesutah.com/layton-utah-fireplace-contractor/;0;6;0;8.5;;
gas fireplaces repair;https://fireplacesutah.com/fireplace-repair-service/;0;8;0;77.25;;
gas fireplaces repair near me;https://fireplacesutah.com/fireplace-repair-service/;0;1;0;9;;
gas fireplaces repair near me;https://fireplacesutah.com/fireplace-services-in-bluffdale-utah/;0;1;0;18;;
gas fireplaces safety;http://fireplacesutah.com/safety-precautions-for-gas-fireplace-use/;0;1;0;96;;
gas fireplaces safety;https://fireplacesutah.com/safety-precautions-for-gas-fireplace-use/;0;1;0;73;;
gas fireplaces salt lake city;https://fireplacesutah.com/;0;26;0;7.769.230.769.230.760;;
gas fireplaces salt lake city;https://fireplacesutah.com/blog/;0;2;0;11.5;;
gas fireplaces salt lake city;https://fireplacesutah.com/gallery/;0;2;0;11.5;;
gas fireplaces salt lake city;https://fireplacesutah.com/indoor-outdoor-fireplaces-in-salt-lake-city-utah/;0;7;0;6.428.571.428.571.420;;
gas fireplaces salt lake city;https://fireplacesutah.com/log-sets/;0;4;0;29.75;;
gas fireplaces salt lake city;https://fireplacesutah.com/products/;0;3;0;28;;
gas fireplaces salt lake city;https://fireplacesutah.com/reviews/;0;2;0;11.5;;
gas fireplaces salt lake city;https://fireplacesutah.com/showrooms/;0;2;0;11.5;;
gas fireplaces salt lake city;https://fireplacesutah.com/specials/;0;2;0;11.5;;
gas fireplaces salt lake city;https://fireplacesutah.com/traditional-gas-fireplaces/;0;17;0;20.294.117.647.058.800;;
gas fireplaces salt lake city;https://fireplacesutah.com/videos/;0;2;0;11.5;;
gas fireplaces smell;https://fireplacesutah.com/avoiding-fireplace-odors-vinegar-charcoal-inspection/;0;2;0;24;;
gas fireplaces smell;https://fireplacesutah.com/five-signs-fireplace-needs-professional-service/;0;1;0;93;;
gas fireplaces utah;http://fireplacesutah.com/safety-precautions-for-gas-fireplace-use/;0;1;0;54;;
gas fireplaces utah;https://fireplacesutah.com/;0;28;0;7.392.857.142.857.140;;
gas fireplaces utah;https://fireplacesutah.com/fireplace-design-installation-in-ogden-utah;0;1;0;31;;
gas fireplaces utah;https://fireplacesutah.com/layton-utah-fireplace-contractor/;0;12;0;6.666.666.666.666.660;;
gas fireplaces utah;https://fireplacesutah.com/log-sets/;0;12;0;60.916.666.666.666.600;;
gas fireplaces utah;https://fireplacesutah.com/traditional-gas-fireplaces/;0;16;0;27.625;;
gas fireplaces without chimneys;https://fireplacesutah.com/gas-fireplaces-and-chimneys-basics-and-types/;0;7;0;7.485.714.285.714.280;;
gas firplace service;https://fireplacesutah.com/fireplace-services-in-farmington-utah/;0;1;0;9;;
gas foreplace repair;https://fireplacesutah.com/fireplace-repair-service/;0;2;0;11;;
gas foreplace repair;https://fireplacesutah.com/fireplace-services-in-south-jordan-utah/;0;1;0;3;;
gas furnace pilot light assembly;https://fireplacesutah.com/gas-fireplace-lifespan-factors-blower-pilot-maintenance/;0;7;0;1;;
gas furnace repair west valley city;https://fireplacesutah.com/fireplace-services-in-west-valley-city-utah/;0;4;0;56.25;;
gas heater pilot assembly;https://fireplacesutah.com/gas-fireplace-lifespan-factors-blower-pilot-maintenance/;0;2;0;1.5;;
gas heating stove repair near me;https://fireplacesutah.com/fireplace-design-installation-in-ogden-utah/;0;2;0;9.5;;
gas heating stove repair near me;https://fireplacesutah.com/fireplace-repair-service/;0;1;0;25;;
gas heating stoves utah;https://fireplacesutah.com/;0;6;0;21.333.333.333.333.300;;
gas heating stoves utah;https://fireplacesutah.com/gas-wood-stoves/;0;6;0;7.316.666.666.666.660;;
gas heating stoves utah;https://fireplacesutah.com/layton-utah-fireplace-contractor/;0;7;0;29;;
gas heating stoves utah;https://fireplacesutah.com/traditional-gas-fireplaces/;0;9;0;4.322.222.222.222.220;;
gas insert fireplace installation near me;https://fireplacesutah.com/fireplace-design-installation-in-ogden-utah;0;1;0;30;;
gas insert fireplace near me;https://fireplacesutah.com/;0;1;0;13;;
gas insert fireplace near me;https://fireplacesutah.com/fireplace-design-installation-in-ogden-utah;0;3;0;9;;
gas insert fireplace near me;https://fireplacesutah.com/layton-utah-fireplace-contractor/;0;2;0;12;;
gas insert fireplace repair;https://fireplacesutah.com/fireplace-repair-service/;0;4;0;68.25;;
gas insert fireplace repair near me;https://fireplacesutah.com/;0;1;0;9;;
gas insert fireplace service near me;https://fireplacesutah.com/fireplace-services-in-kaysville-utah/;0;1;0;12;;
gas insert fireplace service near me;https://fireplacesutah.com/layton-utah-fireplace-contractor/;0;1;0;7;;
gas insert installation near me;https://fireplacesutah.com/fireplace-design-installation-in-ogden-utah;0;2;0;45;;
gas insert repair;https://fireplacesutah.com/fireplace-repair-service/;0;8;0;61.625;;
gas inserts for fireplace;https://fireplacesutah.com/;0;1;0;1;;
gas inserts utah;https://fireplacesutah.com/;0;3;0;8.666.666.666.666.660;;
gas inserts utah;https://fireplacesutah.com/layton-utah-fireplace-contractor/;0;3;0;54.333.333.333.333.300;;
gas inserts utah;https://fireplacesutah.com/log-sets/;0;3;0;57.333.333.333.333.300;;
gas line installation layton;https://fireplacesutah.com/layton-utah-fireplace-contractor/;0;8;0;39.25;;
gas line repair in riverton ut;https://fireplacesutah.com/fireplace-services-in-riverton-utah/;0;3;0;6.733.333.333.333.330;;
gas line repair west valley city;https://fireplacesutah.com/fireplace-services-in-cottonwood-heights-utah/;0;1;0;83;;
gas line repair west valley city;https://fireplacesutah.com/fireplace-services-in-west-valley-city-utah/;0;5;0;83.4;;
gas line replacement in riverton ut;https://fireplacesutah.com/fireplace-services-in-riverton-utah/;0;2;0;57.5;;
gas log btu rating;https://fireplacesutah.com/understanding-meaning-and-importance-of-fireplace-btus/;0;3;0;24;;
gas log cleaning;https://fireplacesutah.com/how-to-clean-your-gas-fireplace-safely-and-effectively/;0;3;0;60;;
gas log fireplace;https://fireplacesutah.com/;0;1;0;2;;
gas log fireplace blower;https://fireplacesutah.com/fireplace-blowers-basics-and-how-they-work/;0;1;0;1;;
gas log fireplace blower kit;https://fireplacesutah.com/fireplace-blowers-answering-common-questions/;0;1;0;1;;
gas log fireplace installation near me;https://fireplacesutah.com/fireplace-design-installation-in-ogden-utah;0;3;0;14;;
gas log fireplace installation near me;https://fireplacesutah.com/fireplace-design-installation-in-ogden-utah/;0;3;0;15;;
gas log fireplace installers;https://fireplacesutah.com/fireplace-design-installation-in-ogden-utah/;0;1;0;99;;
gas log fireplace near me;https://fireplacesutah.com/fireplace-design-installation-in-ogden-utah;0;1;0;73;;
gas log fireplace repair;https://fireplacesutah.com/fireplace-repair-service/;0;2;0;9;;
gas log fireplace service and repair;https://fireplacesutah.com/fireplace-services-in-bountiful-utah/;0;1;0;5;;
gas log fireplace service near me;https://fireplacesutah.com/;0;1;0;6;;
gas log fireplace service near me;https://fireplacesutah.com/fireplace-services-in-west-valley-city-utah/;0;1;0;2;;
gas log fireplace service near me;https://fireplacesutah.com/gas-fireplace-lifespan-factors-blower-pilot-maintenance/;0;1;0;3;;
gas log fireplace thermostat;https://fireplacesutah.com/benefits-of-a-thermostat-for-gas-fireplaces/;0;4;0;10.75;;
gas log installation near me;https://fireplacesutah.com/;0;2;0;8.5;;
gas log installation near me;https://fireplacesutah.com/fireplace-design-installation-in-ogden-utah;0;1;0;40;;
gas log installation near me;https://fireplacesutah.com/fireplace-design-installation-in-ogden-utah/;0;3;0;39.333.333.333.333.300;;
gas log installer near me;https://fireplacesutah.com/fireplace-design-installation-in-ogden-utah/;0;1;0;31;;
gas log installers near me;https://fireplacesutah.com/fireplace-design-installation-in-ogden-utah;0;1;0;32;;
gas log repair;https://fireplacesutah.com/fireplace-repair-service/;0;1;0;9;;
gas log repair near me;https://fireplacesutah.com/;0;1;0;7;;
gas log repair service;https://fireplacesutah.com/fireplace-repair-service/;0;1;0;11;;
gas log repairman;https://fireplacesutah.com/fireplace-repair-service/;0;2;0;80;;
gas log thermostat;https://fireplacesutah.com/benefits-of-a-thermostat-for-gas-fireplaces/;0;12;0;17.75;;
gas logs;https://fireplacesutah.com/log-sets/;0;1;0;1;;
gas logs cleaning;https://fireplacesutah.com/how-to-clean-your-gas-fireplace-safely-and-effectively/;0;4;0;66.5;;
gas logs for fireplace near me;https://fireplacesutah.com/fireplace-design-installation-in-ogden-utah;0;1;0;14;;
gas logs installation near me;https://fireplacesutah.com/fireplace-design-installation-in-ogden-utah;0;4;0;36.25;;
gas logs installation near me;https://fireplacesutah.com/fireplace-design-installation-in-ogden-utah/;0;2;0;21.5;;
gas logs installed near me;https://fireplacesutah.com/fireplace-design-installation-in-ogden-utah;0;2;0;24.5;;
gas logs not lighting;https://fireplacesutah.com/five-signs-fireplace-needs-professional-service/;0;5;0;1;;
gas logs not liting;https://fireplacesutah.com/five-signs-fireplace-needs-professional-service/;0;6;0;1;;
gas logs portsmouth;https://fireplacesutah.com/log-sets/;0;6;0;9.883.333.333.333.330;;
gas logs service near me;https://fireplacesutah.com/fireplace-repair-service/;0;1;0;18;;
gas logs thermostat;https://fireplacesutah.com/benefits-of-a-thermostat-for-gas-fireplaces/;0;5;0;13;;
gas logs with remote and thermostat;https://fireplacesutah.com/benefits-of-a-thermostat-for-gas-fireplaces/;0;1;0;52;;
gas logs with thermostat;https://fireplacesutah.com/benefits-of-a-thermostat-for-gas-fireplaces/;0;1;0;11;;
gas or electric fireplace;https://fireplacesutah.com/breaking-gas-vs-electric-fireplaces/;0;3;0;8.733.333.333.333.330;;
gas powered fireplace midway ut;https://fireplacesutah.com/heber-city-utahs-fireplace-experts/;0;5;0;9.4;;
gas range installation near me;https://fireplacesutah.com/;0;1;0;36;;
gas range installation near me;https://fireplacesutah.com/layton-utah-fireplace-contractor/;0;38;0;4.560.526.315.789.470;;
gas smell from gas fireplace when off;https://fireplacesutah.com/five-signs-fireplace-needs-professional-service/;0;1;0;1;;
gas stove fireplace repair;https://fireplacesutah.com/fireplace-repair-service/;0;1;0;9;;
gas stove fireplace utah;https://fireplacesutah.com/;0;8;0;7.875;;
gas stove fireplace utah;https://fireplacesutah.com/build-your-fireplace/;0;2;0;11;;
gas stove fireplace utah;https://fireplacesutah.com/layton-utah-fireplace-contractor/;0;6;0;52.333.333.333.333.300;;
gas stove fireplace utah;https://fireplacesutah.com/log-sets/;0;8;0;73.25;;
gas stove fireplace utah;https://fireplacesutah.com/products/;0;2;0;11;;
gas stove fireplace utah;https://fireplacesutah.com/reviews/;0;2;0;11;;
gas stove fireplace utah;https://fireplacesutah.com/specials/;0;2;0;11;;
gas stove fireplace utah;https://fireplacesutah.com/traditional-gas-fireplaces/;0;1;0;31;;
gas stove installation near me;https://fireplacesutah.com/;0;33;0;41.303.030.303.030.300;;
gas stove installation near me;https://fireplacesutah.com/fireplace-design-installation-in-ogden-utah;0;1;0;7;;
gas stove installation near me;https://fireplacesutah.com/layton-utah-fireplace-contractor/;0;75;0;15.866.666.666.666.600;;
gas stove installation service near me;https://fireplacesutah.com/layton-utah-fireplace-contractor/;0;31;0;42.903.225.806.451.600;;
gas stove installer near me;https://fireplacesutah.com/;0;184;0;11.983.695.652.173.900;;
gas stove installer near me;https://fireplacesutah.com/layton-utah-fireplace-contractor/;0;79;0;26.873.417.721.518.900;;
gas stove installers;https://fireplacesutah.com/layton-utah-fireplace-contractor/;0;1;0;4;;
gas stove installers near me;https://fireplacesutah.com/;0;194;0;12.597.938.144.329.800;;
gas stove installers near me;https://fireplacesutah.com/fireplace-services-in-west-valley-city-utah/;0;2;0;35.5;;
gas stove installers near me;https://fireplacesutah.com/layton-utah-fireplace-contractor/;0;131;0;22.770.992.366.412.200;;
gas stove installers near me;https://fireplacesutah.com/murray-utah-fireplaces-fire-pits-wood-stoves/;0;23;0;9.608.695.652.173.910;;
gas stove maintenance near me;https://fireplacesutah.com/layton-utah-fireplace-contractor/;0;1;0;7;;
gas stove making noise;https://fireplacesutah.com/five-signs-fireplace-needs-professional-service/;0;1;0;1;;
gas stove on off switch;https://fireplacesutah.com/easy-steps-to-start-a-gas-fireplace/;0;1;0;14;;
gas stove repair service near me;https://fireplacesutah.com/fireplace-services-in-west-valley-city-utah/;0;1;0;10;;
gas technologies inc fireplace;https://fireplacesutah.com/gas-fireplace-lifespan-factors-blower-pilot-maintenance/;0;1;0;4;;
gas to wood burning fireplace conversion;https://fireplacesutah.com/convert-your-fireplace/;0;4;0;52.75;;
gas to wood fireplace;https://fireplacesutah.com/convert-your-fireplace/;0;2;0;57;;
gas to wood fireplace conversion;https://fireplacesutah.com/convert-your-fireplace/;0;7;0;3.557.142.857.142.850;;
gas to wood fireplace conversion cost;https://fireplacesutah.com/convert-your-fireplace/;0;16;0;819.375;;
gas versus electric fireplace;https://fireplacesutah.com/breaking-gas-vs-electric-fireplaces/;0;4;0;79.5;;
gas vs electric fire place;https://fireplacesutah.com/breaking-gas-vs-electric-fireplaces/;0;2;0;7;;
gas vs electric fireplace;https://fireplacesutah.com/breaking-gas-vs-electric-fireplaces/;0;451;0;30.006.651.884.700.600;;
gas vs electric fireplace insert;https://fireplacesutah.com/breaking-gas-vs-electric-fireplaces/;0;9;0;7.477.777.777.777.770;;
gas vs. electric fireplace;https://fireplacesutah.com/breaking-gas-vs-electric-fireplaces/;0;11;0;6.981.818.181.818.180;;
gas wood stove repair;https://fireplacesutah.com/fireplace-repair-service/;0;1;0;11;;
gas wood stoves near me;https://fireplacesutah.com/;0;1;0;11;;
gas+chimney;https://fireplacesutah.com/gas-fireplaces-and-chimneys-basics-and-types/;0;2;0;85;;
gas+fireplace+repair;https://fireplacesutah.com/fireplace-repair-service/;0;14;0;76;;
gas.fireplace repair;https://fireplacesutah.com/fireplace-services-in-riverton-utah/;0;1;0;4;;
gate around fireplace;https://fireplacesutah.com/basic-tips-on-how-to-baby-proof-your-fireplace-area/;0;4;0;32.75;;
gate for around fireplace;https://fireplacesutah.com/basic-tips-on-how-to-baby-proof-your-fireplace-area/;0;2;0;37;;
gate for fireplace baby;https://fireplacesutah.com/basic-tips-on-how-to-baby-proof-your-fireplace-area/;0;1;0;30;;
gates for fireplace;https://fireplacesutah.com/basic-tips-on-how-to-baby-proof-your-fireplace-area/;0;1;0;50;;
gazco fire how to turn on;https://fireplacesutah.com/easy-steps-to-start-a-gas-fireplace/;0;1;0;1;;
get gas fireplace serviced;https://fireplacesutah.com/fireplace-repair-service/;0;1;0;8;;
getting a fireplace installed;https://fireplacesutah.com/fireplace-installation-guide/;0;8;0;42.375;;
getting a gas fireplace installed;https://fireplacesutah.com/fireplace-installation-guide/;0;2;0;74;;
grand strand gas and hearth;https://fireplacesutah.com/gas-fireplace-lifespan-factors-blower-pilot-maintenance/;0;1;0;3;;
green fireplace solutions;https://fireplacesutah.com/;0;3;0;8.333.333.333.333.330;;
haard woonkamer;https://fireplacesutah.com/fireplace-installation-guide/;0;1;0;11;;
handyman fireplace repair;https://fireplacesutah.com/fireplace-repair-service/;0;5;0;8.6;;
has fireplace repair;https://fireplacesutah.com/fireplace-repair-service/;0;1;0;7;;
having a fireplace installed;https://fireplacesutah.com/fireplace-installation-guide/;0;1;0;55;;
hearth and fireplace;https://fireplacesutah.com/;0;1;0;11;;
hearth and home distributors;https://fireplacesutah.com/;0;1;0;100;;
hearth and home distributors of utah;https://fireplacesutah.com/;0;2;0;16.5;;
hearth and home fireplace repair;https://fireplacesutah.com/fireplace-repair-service/;0;3;0;8.333.333.333.333.330;;
hearth and home fireplace service;https://fireplacesutah.com/fireplace-repair-service/;0;1;0;4;;
hearth and home fireplace utah;https://fireplacesutah.com/;0;2;0;16.5;;
hearth and home ogden;https://fireplacesutah.com/;0;1;0;21;;
hearth and home ogden;https://fireplacesutah.com/fireplace-design-installation-in-ogden-utah;0;2;0;20.5;;
hearth and home ogden;https://fireplacesutah.com/fireplace-design-installation-in-ogden-utah/;0;5;0;16.2;;
hearth and home ogden utah;https://fireplacesutah.com/;0;2;0;76.5;;
hearth and home ogden utah;https://fireplacesutah.com/fireplace-design-installation-in-ogden-utah/;0;1;0;21;;
hearth baby protector;https://fireplacesutah.com/basic-tips-on-how-to-baby-proof-your-fireplace-area/;0;1;0;3;;
hearth fireplace near me;https://fireplacesutah.com/;0;1;0;10;;
hearth installation;https://fireplacesutah.com/fireplace-installation-terms-chase-clearances-cool-wall/;0;3;0;13.333.333.333.333.300;;
hearth protector baby;https://fireplacesutah.com/basic-tips-on-how-to-baby-proof-your-fireplace-area/;0;1;0;1;;
hearth replacement;https://fireplacesutah.com/replace-your-fireplace/;0;1;0;1;;
hearth store;https://fireplacesutah.com/;0;1;0;8;;
hearth store near me;https://fireplacesutah.com/;0;1;0;10;;
hearth stores near me;https://fireplacesutah.com/;0;1;0;11;;
heat and glo child proof lock;https://fireplacesutah.com/basic-tips-on-how-to-baby-proof-your-fireplace-area/;0;1;0;1;;
heat and glo fireplace repair near me;https://fireplacesutah.com/fireplace-repair-service/;0;2;0;12;;
heat and glo fireplace repair service near me;https://fireplacesutah.com/;0;1;0;1;;
heat and glo fireplace service;https://fireplacesutah.com/five-signs-fireplace-needs-professional-service/;0;3;0;1;;
heat and glo fireplace service near me;https://fireplacesutah.com/fireplace-services-in-south-jordan-utah/;0;1;0;9;;
heat and glo repair near me;https://fireplacesutah.com/fireplace-services-in-bountiful-utah/;0;1;0;1;;
heat and glo service near me;https://fireplacesutah.com/fireplace-services-in-south-jordan-utah/;0;1;0;13;;
heat blower for fireplace;https://fireplacesutah.com/fireplace-blowers-answering-common-questions/;0;2;0;1;;
heat control thermostat;https://fireplacesutah.com/benefits-of-a-thermostat-for-gas-fireplaces/;0;1;0;1;;
heat glo child proof;https://fireplacesutah.com/basic-tips-on-how-to-baby-proof-your-fireplace-area/;0;5;0;1.2;;
heat n glo fireplace service;https://fireplacesutah.com/five-signs-fireplace-needs-professional-service/;0;1;0;1;;
heat n glo near me;https://fireplacesutah.com/;0;1;0;1;;
heat setting;https://fireplacesutah.com/easy-steps-to-start-a-gas-fireplace/;0;1;0;2;;
heater installation bountiful;https://fireplacesutah.com/fireplace-services-in-bountiful-utah/;0;14;0;7.285.714.285.714.280;;
heater repair bountiful;https://fireplacesutah.com/fireplace-services-in-bountiful-utah/;0;35;0;7.685.714.285.714.280;;
heater repair kaysville;https://fireplacesutah.com/fireplace-services-in-kaysville-utah/;0;3;0;9.466.666.666.666.660;;
heater repair west valley city;https://fireplacesutah.com/fireplace-services-in-west-valley-city-utah/;0;8;0;80.125;;
heater service morgan ut;https://fireplacesutah.com/fireplace-design-installation-in-morgan-utah/;0;4;0;19.75;;
heater tune up midvale ut;https://fireplacesutah.com/fireplace-services-in-midvale-utah/;0;5;0;73.6;;
heatilator fireplace service near me;https://fireplacesutah.com/;0;1;0;12;;
heatilator fireplace service near me;https://fireplacesutah.com/fireplace-services-in-south-jordan-utah/;0;1;0;1;;
heatilator gas fireplace repair near me;https://fireplacesutah.com/fireplace-services-in-south-jordan-utah/;0;1;0;11;;
heatilator service near me;https://fireplacesutah.com/;0;5;0;11;;
heatilator service providers near me;https://fireplacesutah.com/fireplace-services-in-bountiful-utah/;0;1;0;11;;
heating & cooling installation in layton; ut;https://fireplacesutah.com/layton-utah-fireplace-contractor/;0;11;0;919.090.909.090.909;
heating & cooling installation layton; ut;https://fireplacesutah.com/layton-utah-fireplace-contractor/;0;10;0;92.8;
heating and cooling layton ut;https://fireplacesutah.com/layton-utah-fireplace-contractor/;0;13;0;8.076.923.076.923.070;;
heating company bountiful;https://fireplacesutah.com/fireplace-services-in-bountiful-utah/;0;1;0;80;;
heating contractor bluffdale;https://fireplacesutah.com/fireplace-services-in-bluffdale-utah/;0;1;0;76;;
heating contractor bluffdale ut;https://fireplacesutah.com/fireplace-services-in-bluffdale-utah/;0;1;0;77;;
heating installation bluffdale ut;https://fireplacesutah.com/fireplace-services-in-bluffdale-utah/;0;9;0;45.111.111.111.111.100;;
heating installation bountiful;https://fireplacesutah.com/fireplace-services-in-bountiful-utah/;0;34;0;77;;
heating installation kaysville;https://fireplacesutah.com/fireplace-services-in-kaysville-utah/;0;7;0;9.185.714.285.714.280;;
heating installation layton;https://fireplacesutah.com/layton-utah-fireplace-contractor/;0;1;0;65;;
heating installation layton ut;https://fireplacesutah.com/layton-utah-fireplace-contractor/;0;145;0;5.284.137.931.034.480;;
heating installation wasatch front ut;https://fireplacesutah.com/heber-city-utahs-fireplace-experts/;0;29;0;9.258.620.689.655.170;;
heating installation woods cross;https://fireplacesutah.com/fireplace-services-in-woods-cross-utah/;0;1;0;75;;
heating logs for fireplace;https://fireplacesutah.com/basics-electric-fireplace-logs/;0;1;0;59;;
heating maintenance kaysville;https://fireplacesutah.com/fireplace-services-in-kaysville-utah/;0;2;0;79;;
heating maintenance kaysville ut;https://fireplacesutah.com/fireplace-services-in-kaysville-utah/;0;1;0;87;;
heating repair bluffdale;https://fireplacesutah.com/fireplace-services-in-bluffdale-utah/;0;11;0;6.681.818.181.818.180;;
heating repair bluffdale ut;https://fireplacesutah.com/fireplace-services-in-bluffdale-utah/;0;3;0;49.666.666.666.666.600;;
heating repair bountiful;https://fireplacesutah.com/fireplace-services-in-bountiful-utah/;0;24;0;8.945.833.333.333.330;;
heating repair midvale;https://fireplacesutah.com/fireplace-services-in-midvale-utah/;0;19;0;8.621.052.631.578.940;;
heating repair morgan ut;https://fireplacesutah.com/fireplace-design-installation-in-morgan-utah/;0;5;0;43.6;;
heating repair near me centerville;https://fireplacesutah.com/fireplace-services-in-centerville-utah/;0;2;0;38;;
heating repair riverton;https://fireplacesutah.com/fireplace-services-in-riverton-utah/;0;21;0;6.204.761.904.761.900;;
heating repair riverton ut;https://fireplacesutah.com/fireplace-services-in-riverton-utah/;0;9;0;8.522.222.222.222.220;;
heating repair west valley city;https://fireplacesutah.com/fireplace-services-in-west-valley-city-utah/;0;3;0;58.666.666.666.666.600;;
heating repair west valley city ut;https://fireplacesutah.com/fireplace-services-in-west-valley-city-utah/;0;1;0;100;;
heating replacement bluffdale ut;https://fireplacesutah.com/fireplace-services-in-bluffdale-utah/;0;4;0;37.5;;
heating replacement bountiful;https://fireplacesutah.com/fireplace-services-in-bountiful-utah/;0;4;0;61;;
heating replacement kaysville;https://fireplacesutah.com/fireplace-services-in-kaysville-utah/;0;2;0;66.5;;
heating replacement layton;https://fireplacesutah.com/layton-utah-fireplace-contractor/;0;3;0;6.433.333.333.333.330;;
heating replacement riverton;https://fireplacesutah.com/fireplace-services-in-riverton-utah/;0;5;0;51.2;;
heating replacement west valley city;https://fireplacesutah.com/fireplace-services-in-west-valley-city-utah/;0;4;0;54;;
heating service morgan ut;https://fireplacesutah.com/fireplace-design-installation-in-morgan-utah/;0;1;0;39;;
heating stoves near me;https://fireplacesutah.com/layton-utah-fireplace-contractor/;0;1;0;15;;
hmi fireplaces;https://fireplacesutah.com/;0;30;0;69.1;;
home addition bountiful;https://fireplacesutah.com/fireplace-services-in-bountiful-utah/;0;1;0;90;;
home addition herriman;https://fireplacesutah.com/herriman-utah-fireplace-design-installation-repair/;0;7;0;8.814.285.714.285.710;;
home addition herrimon;https://fireplacesutah.com/herriman-utah-fireplace-design-installation-repair/;0;1;0;100;;
home addition kaysville;https://fireplacesutah.com/fireplace-services-in-kaysville-utah/;0;10;0;76.9;;
home addition west jordan;https://fireplacesutah.com/custom-fireplace-design-installation-in-west-jordan-utah/;0;12;0;9.366.666.666.666.660;;
home additions kaysville;https://fireplacesutah.com/fireplace-services-in-kaysville-utah/;0;2;0;79;;
home cleaning bountiful;https://fireplacesutah.com/fireplace-services-in-bountiful-utah/;0;4;0;80;;
home fireplace repair;https://fireplacesutah.com/fireplace-repair-service/;0;1;0;5;;
home gas fireplace repair;https://fireplacesutah.com/fireplace-repair-service/;0;1;0;86;;
home humidifier not working;https://fireplacesutah.com/signs-causes-remedies-low-humidity/;0;1;0;1;;
home repairs bountiful ut;https://fireplacesutah.com/fireplace-services-in-bountiful-utah/;0;4;0;66;;
home repairs centerville ut;https://fireplacesutah.com/fireplace-services-in-centerville-utah/;0;7;0;6.057.142.857.142.850;;
home selling services west valley city;https://fireplacesutah.com/fireplace-services-in-west-valley-city-utah/;0;3;0;58.666.666.666.666.600;;
hot wood kindling;https://fireplacesutah.com/fire-pit-use-tips-igniting-and-putting-out-wood-fires/;0;1;0;1;;
how can i baby proof my fireplace;https://fireplacesutah.com/basic-tips-on-how-to-baby-proof-your-fireplace-area/;0;1;0;1;;
how can i tell if my natural gas fireplace is working properly?;https://fireplacesutah.com/five-signs-fireplace-needs-professional-service/;0;19;0;16.684.210.526.315.700;;
how clean brick fireplace;https://fireplacesutah.com/how-to-clean-fireplace-brick-completing-the-job/;0;8;0;61.75;;
how clean brick fireplace;https://fireplacesutah.com/how-to-clean-fireplace-brick-initial-steps/;0;5;0;84.4;;
how do electric fireplace logs work;https://fireplacesutah.com/basics-electric-fireplace-logs/;0;4;0;2.5;;
how do fireplace blowers work;https://fireplacesutah.com/fireplace-blowers-answering-common-questions/;0;68;0;8.794.117.647.058.820;;
how do fireplace blowers work;https://fireplacesutah.com/fireplace-blowers-basics-and-how-they-work/;0;75;0;28.533.333.333.333.300;;
how do fireplace fans work;https://fireplacesutah.com/fireplace-blowers-basics-and-how-they-work/;0;16;0;116.875;;
how do i choose the right size natural gas fireplace for my room?;https://fireplacesutah.com/fireplace-size-variables-prior-space-btus-room-size/;0;7;0;53.285.714.285.714.200;;
how do i choose the right size natural gas fireplace for my room?;https://fireplacesutah.com/understanding-meaning-and-importance-of-fireplace-btus/;0;1;0;2;;
how do i clean brick fireplace;https://fireplacesutah.com/how-to-clean-fireplace-brick-completing-the-job/;0;2;0;92.5;;
how do i clean brick fireplace;https://fireplacesutah.com/how-to-clean-fireplace-brick-initial-steps/;0;2;0;56.5;;
how do i clean bricks on a fireplace;https://fireplacesutah.com/how-to-clean-fireplace-brick-completing-the-job/;0;30;0;60.166.666.666.666.600;;
how do i clean bricks on a fireplace;https://fireplacesutah.com/how-to-clean-fireplace-brick-initial-steps/;0;47;0;6.293.617.021.276.590;;
how do i clean fireplace brick;https://fireplacesutah.com/how-to-clean-fireplace-brick-completing-the-job/;0;2;0;62;;
how do i clean fireplace brick;https://fireplacesutah.com/how-to-clean-fireplace-brick-initial-steps/;0;1;0;19;;
how do i clean my gas fireplace;https://fireplacesutah.com/how-to-clean-your-gas-fireplace-safely-and-effectively/;0;1;0;58;;
how do i clean soot off brick fireplace;https://fireplacesutah.com/how-to-clean-fireplace-brick-initial-steps/;0;1;0;65;;
how do i know if my fireplace is gas or electric;https://fireplacesutah.com/breaking-gas-vs-electric-fireplaces/;0;2;0;13;;
how do i start a gas fireplace;https://fireplacesutah.com/easy-steps-to-start-a-gas-fireplace/;0;1;0;41;;
how do i start my gas fireplace;https://fireplacesutah.com/easy-steps-to-start-a-gas-fireplace/;0;4;0;39.75;;
how do i use a gas fireplace;https://fireplacesutah.com/easy-steps-to-start-a-gas-fireplace/;0;2;0;80;;
how do you clean a brick fireplace;https://fireplacesutah.com/how-to-clean-fireplace-brick-completing-the-job/;0;4;0;81.75;;
how do you clean a brick fireplace;https://fireplacesutah.com/how-to-clean-fireplace-brick-initial-steps/;0;6;0;48.833.333.333.333.300;;
how do you clean a gas fireplace;https://fireplacesutah.com/how-to-clean-your-gas-fireplace-safely-and-effectively/;0;1;0;43;;
how do you clean brick around a fireplace;https://fireplacesutah.com/how-to-clean-fireplace-brick-completing-the-job/;0;3;0;59.666.666.666.666.600;;
how do you clean brick around a fireplace;https://fireplacesutah.com/how-to-clean-fireplace-brick-initial-steps/;0;3;0;54;;
how do you clean brick fireplace;https://fireplacesutah.com/how-to-clean-fireplace-brick-completing-the-job/;0;4;0;90;;
how do you clean brick fireplace;https://fireplacesutah.com/how-to-clean-fireplace-brick-initial-steps/;0;4;0;56;;
how do you clean brick on a fireplace;https://fireplacesutah.com/how-to-clean-fireplace-brick-completing-the-job/;0;3;0;85;;
how do you clean brick on a fireplace;https://fireplacesutah.com/how-to-clean-fireplace-brick-initial-steps/;0;5;0;53.2;;
how do you clean bricks on a fireplace;https://fireplacesutah.com/how-to-clean-fireplace-brick-completing-the-job/;0;4;0;53;;
how do you clean bricks on a fireplace;https://fireplacesutah.com/how-to-clean-fireplace-brick-initial-steps/;0;5;0;70.2;;
how do you clean fireplace brick;https://fireplacesutah.com/how-to-clean-fireplace-brick-completing-the-job/;0;4;0;72;;
how do you clean fireplace brick;https://fireplacesutah.com/how-to-clean-fireplace-brick-initial-steps/;0;4;0;26.5;;
how do you clean fireplace bricks;https://fireplacesutah.com/how-to-clean-fireplace-brick-completing-the-job/;0;3;0;8.333.333.333.333.330;;
how do you clean fireplace bricks;https://fireplacesutah.com/how-to-clean-fireplace-brick-initial-steps/;0;5;0;47.6;;
how do you clean gas logs;https://fireplacesutah.com/how-to-clean-your-gas-fireplace-safely-and-effectively/;0;1;0;70;;
how do you clean soot from fireplace bricks;https://fireplacesutah.com/how-to-clean-fireplace-brick-initial-steps/;0;3;0;6.566.666.666.666.660;;
how do you convert a gas fireplace to wood burning;https://fireplacesutah.com/convert-your-fireplace/;0;2;0;45.5;;
how do you convert a wood burning fireplace to gas;https://fireplacesutah.com/convert-your-fireplace/;0;2;0;65;;
how do you know if your fireplace is gas or electric;https://fireplacesutah.com/breaking-gas-vs-electric-fireplaces/;0;2;0;13;;
how do you operate a fireplace;https://fireplacesutah.com/easy-steps-to-start-a-gas-fireplace/;0;1;0;85;;
how do you start a fire;https://fireplacesutah.com/fire-pit-use-tips-igniting-and-putting-out-wood-fires/;0;1;0;1;;
how do you start a gas fireplace;https://fireplacesutah.com/easy-steps-to-start-a-gas-fireplace/;0;8;0;32.625;;
how do you start gas fireplace;https://fireplacesutah.com/easy-steps-to-start-a-gas-fireplace/;0;2;0;35.5;;
how do you turn on a gas fireplace with a key;https://fireplacesutah.com/easy-steps-to-start-a-gas-fireplace/;0;1;0;17;;
how do you use a gas fireplace with a key;https://fireplacesutah.com/easy-steps-to-start-a-gas-fireplace/;0;2;0;24;;
how does a blower on a fireplace work;https://fireplacesutah.com/fireplace-blowers-answering-common-questions/;0;4;0;8.75;;
how does a blower on a fireplace work;https://fireplacesutah.com/fireplace-blowers-basics-and-how-they-work/;0;13;0;20.769.230.769.230.700;;
how does a fireplace blower fan work;https://fireplacesutah.com/fireplace-blowers-answering-common-questions/;0;1;0;2;;
how does a fireplace blower fan work;https://fireplacesutah.com/fireplace-blowers-basics-and-how-they-work/;0;71;0;1;;
how does a fireplace blower work;https://fireplacesutah.com/fireplace-blowers-answering-common-questions/;0;109;0;9.972.477.064.220.180;;
how does a fireplace blower work;https://fireplacesutah.com/fireplace-blowers-basics-and-how-they-work/;0;248;0;2.721.774.193.548.380;;
how does a fireplace fan work;https://fireplacesutah.com/fireplace-blowers-basics-and-how-they-work/;0;33;0;13.333.333.333.333.300;;
how does a fireplace work;https://fireplacesutah.com/gas-fireplaces-and-chimneys-basics-and-types/;0;1;0;1;;
how does a gas fireplace blower work;https://fireplacesutah.com/fireplace-blowers-answering-common-questions/;0;1;0;8;;
how does a gas fireplace blower work;https://fireplacesutah.com/fireplace-blowers-basics-and-how-they-work/;0;13;0;18.461.538.461.538.400;;
how does a gas fireplace thermostat work;https://fireplacesutah.com/benefits-of-a-thermostat-for-gas-fireplaces/;0;16;0;44.375;;
how does a wood fireplace blower work;https://fireplacesutah.com/fireplace-blowers-basics-and-how-they-work/;0;6;0;2.166.666.666.666.660;;
how does a wood stove blower work;https://fireplacesutah.com/fireplace-blowers-basics-and-how-they-work/;0;2;0;21;;
how does fireplace blower work;https://fireplacesutah.com/fireplace-blowers-answering-common-questions/;0;30;0;9.666.666.666.666.660;;
how does fireplace blower work;https://fireplacesutah.com/fireplace-blowers-basics-and-how-they-work/;0;42;0;18.095.238.095.238.000;;
how does fireplace fan work;https://fireplacesutah.com/fireplace-blowers-basics-and-how-they-work/;0;6;0;28.666.666.666.666.600;;
how does the blower on a fireplace work;https://fireplacesutah.com/fireplace-blowers-basics-and-how-they-work/;0;8;0;1;;
how does the fan on a fireplace work;https://fireplacesutah.com/fireplace-blowers-basics-and-how-they-work/;0;4;0;1;;
how gas fireplaces work;https://fireplacesutah.com/gas-fireplaces-and-chimneys-basics-and-types/;0;1;0;82;;
how is energy converted in a fireplace system;https://fireplacesutah.com/fireplace-installation-terms-chase-clearances-cool-wall/;0;1;0;3;;
how is the fan noise level?;https://fireplacesutah.com/fireplace-blowers-answering-common-questions/;0;1;0;8;;
how long can i run my gas fireplace;https://fireplacesutah.com/gas-fireplace-lifespan-factors-blower-pilot-maintenance/;0;6;0;7.066.666.666.666.660;;
how long can you run a gas fireplace;https://fireplacesutah.com/gas-fireplace-lifespan-factors-blower-pilot-maintenance/;0;4;0;69.5;;
how long can you run a vented gas fireplace;https://fireplacesutah.com/gas-fireplace-lifespan-factors-blower-pilot-maintenance/;0;2;0;85.5;;
how long can you run gas fireplace;https://fireplacesutah.com/gas-fireplace-lifespan-factors-blower-pilot-maintenance/;0;1;0;66;;
how long do electric fireplaces last;https://fireplacesutah.com/five-signs-fireplace-needs-professional-service/;0;1;0;1;;
how long do electric fireplaces last;https://fireplacesutah.com/gas-fireplace-lifespan-factors-blower-pilot-maintenance/;0;7;0;6.885.714.285.714.280;;
how long do fireplace inserts last;https://fireplacesutah.com/gas-fireplace-lifespan-factors-blower-pilot-maintenance/;0;1;0;72;;
how long do gas fireplace inserts last;https://fireplacesutah.com/gas-fireplace-lifespan-factors-blower-pilot-maintenance/;0;2;0;83.5;;
how long do gas fireplace logs last;https://fireplacesutah.com/gas-fireplace-lifespan-factors-blower-pilot-maintenance/;0;2;0;90.5;;
how long do gas fireplaces last;https://fireplacesutah.com/gas-fireplace-lifespan-factors-blower-pilot-maintenance/;0;32;0;1.946.875;;
how long do gas logs last;https://fireplacesutah.com/gas-fireplace-lifespan-factors-blower-pilot-maintenance/;0;1;0;69;;
how long does a gas fireplace insert last;https://fireplacesutah.com/gas-fireplace-lifespan-factors-blower-pilot-maintenance/;0;2;0;87;;
how long does a gas fireplace last;https://fireplacesutah.com/gas-fireplace-lifespan-factors-blower-pilot-maintenance/;0;4;0;24.25;;
how long does gas fireplace last;https://fireplacesutah.com/gas-fireplace-lifespan-factors-blower-pilot-maintenance/;0;9;0;18.444.444.444.444.400;;
how long does installation typically take?;https://fireplacesutah.com/fireplace-installation-guide/;0;1;0;4;;
how long does it take for a fireplace blower to turn off;https://fireplacesutah.com/fireplace-blowers-answering-common-questions/;0;1;0;3;;
how long does it take for a fireplace blower to turn on;https://fireplacesutah.com/fireplace-blowers-basics-and-how-they-work/;0;1;0;3;;
how long does it take to install a fireplace;https://fireplacesutah.com/fireplace-installation-guide/;0;6;0;1;;
how long does it take to install a gas fireplace;https://fireplacesutah.com/fireplace-installation-guide/;0;1;0;1;;
how long does wood burn in a fire pit;https://fireplacesutah.com/fire-pit-use-tips-igniting-and-putting-out-wood-fires/;0;2;0;75;;
how long should a blower motor last;https://fireplacesutah.com/gas-fireplace-lifespan-factors-blower-pilot-maintenance/;0;1;0;1;;
how loud is it;https://fireplacesutah.com/fireplace-blowers-answering-common-questions/;0;1;0;3;;
how loud is the blower during operation?;https://fireplacesutah.com/fireplace-blowers-answering-common-questions/;0;6;0;4.666.666.666.666.660;;
how loud is the fan during operation?;https://fireplacesutah.com/fireplace-blowers-answering-common-questions/;0;2;0;2.5;;
how loud is the fan noise?;https://fireplacesutah.com/fireplace-blowers-answering-common-questions/;0;1;0;5;;
how loud is the fan on high?;https://fireplacesutah.com/fireplace-blowers-answering-common-questions/;0;1;0;6;;
how loud is the fan on its highest setting?;https://fireplacesutah.com/fireplace-blowers-answering-common-questions/;0;1;0;4;;
how many btu are gas logs;https://fireplacesutah.com/understanding-meaning-and-importance-of-fireplace-btus/;0;2;0;20;;
how many btu does a fireplace put out;https://fireplacesutah.com/understanding-meaning-and-importance-of-fireplace-btus/;0;40;0;10.525;;
how many btu does a gas fireplace use;https://fireplacesutah.com/understanding-meaning-and-importance-of-fireplace-btus/;0;9;0;17.666.666.666.666.600;;
how many btu fireplace do i need;https://fireplacesutah.com/understanding-meaning-and-importance-of-fireplace-btus/;0;3;0;13;;
how many btu for gas fireplace;https://fireplacesutah.com/understanding-meaning-and-importance-of-fireplace-btus/;0;4;0;6.25;;
how many btu gas fireplace do i need;https://fireplacesutah.com/understanding-meaning-and-importance-of-fireplace-btus/;0;12;0;9.166.666.666.666.660;;
how many btu is a fireplace;https://fireplacesutah.com/understanding-meaning-and-importance-of-fireplace-btus/;0;43;0;7.488.372.093.023.250;;
how many btu is a gas fireplace;https://fireplacesutah.com/understanding-meaning-and-importance-of-fireplace-btus/;0;7;0;9.428.571.428.571.420;;
how many btus does a fireplace put out;https://fireplacesutah.com/understanding-meaning-and-importance-of-fireplace-btus/;0;2;0;9.5;;
how many btus does a fireplace use;https://fireplacesutah.com/understanding-meaning-and-importance-of-fireplace-btus/;0;19;0;6.315.789.473.684.210;;
how many btus does a gas fireplace put out;https://fireplacesutah.com/understanding-meaning-and-importance-of-fireplace-btus/;0;24;0;9.333.333.333.333.330;;
how many btus does a gas fireplace use;https://fireplacesutah.com/understanding-meaning-and-importance-of-fireplace-btus/;0;6;0;9.5;;
how many btus does a gas range need;https://fireplacesutah.com/understanding-meaning-and-importance-of-fireplace-btus/;0;1;0;75;;
how many btus for gas fireplace;https://fireplacesutah.com/fireplace-size-variables-prior-space-btus-room-size/;0;2;0;67.5;;
how many btus for gas fireplace;https://fireplacesutah.com/understanding-meaning-and-importance-of-fireplace-btus/;0;5;0;11;;
how many btus in a therm of natural gas;https://fireplacesutah.com/understanding-meaning-and-importance-of-fireplace-btus/;0;2;0;99.5;;
how many btus is a fireplace;https://fireplacesutah.com/fireplace-size-variables-prior-space-btus-room-size/;0;1;0;52;;
how many btus is a fireplace;https://fireplacesutah.com/understanding-meaning-and-importance-of-fireplace-btus/;0;19;0;10.473.684.210.526.300;;
how many btus is a gas fireplace;https://fireplacesutah.com/understanding-meaning-and-importance-of-fireplace-btus/;0;5;0;12;;
how many btus is a gas range;https://fireplacesutah.com/understanding-meaning-and-importance-of-fireplace-btus/;0;3;0;7.766.666.666.666.660;;
how much does it cost to install a fireplace and chimney;https://fireplacesutah.com/fireplace-installation-guide/;0;1;0;1;;
how much heat does a wood stove produce;https://fireplacesutah.com/understanding-meaning-and-importance-of-fireplace-btus/;0;1;0;1;;
how much noise does it generate?;https://fireplacesutah.com/fireplace-blowers-answering-common-questions/;0;1;0;2;;
how much noise does it produce?;https://fireplacesutah.com/fireplace-blowers-answering-common-questions/;0;1;0;4;;
how much to convert a gas fireplace to wood burning;https://fireplacesutah.com/convert-your-fireplace/;0;2;0;44;;
how much to convert a wood fireplace to gas;https://fireplacesutah.com/convert-your-fireplace/;0;2;0;53;;
how much to convert gas fireplace to wood;https://fireplacesutah.com/convert-your-fireplace/;0;3;0;46.333.333.333.333.300;;
how much to convert gas fireplace to wood burning;https://fireplacesutah.com/convert-your-fireplace/;0;4;0;73;;
how much to convert to gas fireplace;https://fireplacesutah.com/convert-your-fireplace/;0;1;0;55;;
how much to convert wood burning fireplace to gas;https://fireplacesutah.com/convert-your-fireplace/;0;2;0;51;;
how much to convert wood fireplace to gas;https://fireplacesutah.com/convert-your-fireplace/;0;4;0;51.25;;
how noisy is the blower during operation?;https://fireplacesutah.com/fireplace-blowers-answering-common-questions/;0;10;0;3.3;;
how often should you clean your gas fireplace;https://fireplacesutah.com/how-to-clean-your-gas-fireplace-safely-and-effectively/;0;41;0;10.048.780.487.804.800;;
how quiet is the fan during operation?;https://fireplacesutah.com/fireplace-blowers-answering-common-questions/;0;1;0;6;;
how safe is a gas fireplace;https://fireplacesutah.com/safety-precautions-for-gas-fireplace-use/;0;1;0;97;;
how to adjust flame height on gas fireplace;https://fireplacesutah.com/easy-steps-to-start-a-gas-fireplace/;0;2;0;15.5;;
how to adjust flame on gas fireplace;https://fireplacesutah.com/easy-steps-to-start-a-gas-fireplace/;0;1;0;13;;
how to adjust the flame on a gas fireplace;https://fireplacesutah.com/easy-steps-to-start-a-gas-fireplace/;0;1;0;16;;
how to baby proof a brick fireplace;https://fireplacesutah.com/basic-tips-on-how-to-baby-proof-your-fireplace-area/;0;21;0;34.285.714.285.714.200;;
how to baby proof a fireplace;https://fireplacesutah.com/basic-tips-on-how-to-baby-proof-your-fireplace-area/;0;365;0;6.736.986.301.369.860;;
how to baby proof a fireplace hearth;https://fireplacesutah.com/basic-tips-on-how-to-baby-proof-your-fireplace-area/;0;46;0;19.130.434.782.608.600;;
how to baby proof a gas fireplace;https://fireplacesutah.com/basic-tips-on-how-to-baby-proof-your-fireplace-area/;0;15;0;3.2;;
how to baby proof a hearth;https://fireplacesutah.com/basic-tips-on-how-to-baby-proof-your-fireplace-area/;0;7;0;2.571.428.571.428.570;;
how to baby proof a stone fireplace;https://fireplacesutah.com/basic-tips-on-how-to-baby-proof-your-fireplace-area/;0;1;0;56;;
how to baby proof brick fireplace;https://fireplacesutah.com/basic-tips-on-how-to-baby-proof-your-fireplace-area/;0;13;0;1;;
how to baby proof brick hearth;https://fireplacesutah.com/basic-tips-on-how-to-baby-proof-your-fireplace-area/;0;11;0;1;;
how to baby proof fireplace;https://fireplacesutah.com/basic-tips-on-how-to-baby-proof-your-fireplace-area/;0;261;0;4.218.390.804.597.700;;
how to baby proof fireplace brick;https://fireplacesutah.com/basic-tips-on-how-to-baby-proof-your-fireplace-area/;0;16;0;1.125;;
how to baby proof fireplace hearth;https://fireplacesutah.com/basic-tips-on-how-to-baby-proof-your-fireplace-area/;0;52;0;27.115.384.615.384.600;;
how to baby proof fireplace screen;https://fireplacesutah.com/basic-tips-on-how-to-baby-proof-your-fireplace-area/;0;1;0;1;;
how to baby proof gas fireplace;https://fireplacesutah.com/basic-tips-on-how-to-baby-proof-your-fireplace-area/;0;22;0;4.045.454.545.454.540;;
how to babyproof a fireplace;https://fireplacesutah.com/basic-tips-on-how-to-baby-proof-your-fireplace-area/;0;284;0;5.292.253.521.126.760;;
how to babyproof fireplace;https://fireplacesutah.com/basic-tips-on-how-to-baby-proof-your-fireplace-area/;0;42;0;4.023.809.523.809.520;;
how to block cold air from fireplace;https://fireplacesutah.com/fireplace-installation-terms-chase-clearances-cool-wall/;0;12;0;1;;
how to block fireplace from baby;https://fireplacesutah.com/basic-tips-on-how-to-baby-proof-your-fireplace-area/;0;3;0;25;;
how to block up a fireplace from the inside;https://fireplacesutah.com/preparing-fireplaces-new-season/;0;1;0;1;;
how to build a fireplace chase;https://fireplacesutah.com/fireplace-installation-terms-chase-clearances-cool-wall/;0;1;0;40;;
how to build an open fireplace;https://fireplacesutah.com/fireplace-installation-guide/;0;1;0;2;;
how to change a gas fireplace into wood burning;https://fireplacesutah.com/convert-your-fireplace/;0;1;0;49;;
how to change a gas fireplace to electric;https://fireplacesutah.com/convert-your-fireplace/;0;1;0;94;;
how to change a wood burning fireplace to gas;https://fireplacesutah.com/convert-your-fireplace/;0;1;0;1;;
how to child proof a fireplace;https://fireplacesutah.com/basic-tips-on-how-to-baby-proof-your-fireplace-area/;0;16;0;30.625;;
how to child proof fireplace;https://fireplacesutah.com/basic-tips-on-how-to-baby-proof-your-fireplace-area/;0;1;0;1;;
how to childproof a fireplace;https://fireplacesutah.com/basic-tips-on-how-to-baby-proof-your-fireplace-area/;0;58;0;5.793.103.448.275.860;;
how to childproof fireplace;https://fireplacesutah.com/basic-tips-on-how-to-baby-proof-your-fireplace-area/;0;23;0;808.695.652.173.913;;
how to clean;https://fireplacesutah.com/how-to-clean-your-gas-fireplace-safely-and-effectively/;0;1;0;1;;
how to clean a brick fireplace;https://fireplacesutah.com/how-to-clean-fireplace-brick-completing-the-job/;0;41;0;83;;
how to clean a brick fireplace;https://fireplacesutah.com/how-to-clean-fireplace-brick-initial-steps/;0;69;0;54.869.565.217.391.300;;
how to clean a brick fireplace exterior;https://fireplacesutah.com/how-to-clean-fireplace-brick-completing-the-job/;0;2;0;50;;
how to clean a brick fireplace exterior;https://fireplacesutah.com/how-to-clean-fireplace-brick-initial-steps/;0;2;0;86.5;;
how to clean a brick fireplace hearth;https://fireplacesutah.com/how-to-clean-fireplace-brick-completing-the-job/;0;4;0;63.25;;
how to clean a brick fireplace hearth;https://fireplacesutah.com/how-to-clean-fireplace-brick-initial-steps/;0;2;0;69.5;;
how to clean a brick hearth;https://fireplacesutah.com/how-to-clean-fireplace-brick-completing-the-job/;0;4;0;56;;
how to clean a brick hearth;https://fireplacesutah.com/how-to-clean-fireplace-brick-initial-steps/;0;2;0;90.5;;
how to clean a fireplace brick;https://fireplacesutah.com/how-to-clean-fireplace-brick-completing-the-job/;0;13;0;8.015.384.615.384.610;;
how to clean a fireplace brick;https://fireplacesutah.com/how-to-clean-fireplace-brick-initial-steps/;0;15;0;5.953.333.333.333.330;;
how to clean a gas chimney;https://fireplacesutah.com/how-to-clean-your-gas-fireplace-safely-and-effectively/;0;1;0;56;;
how to clean a gas fireplace;https://fireplacesutah.com/how-to-clean-your-gas-fireplace-safely-and-effectively/;0;29;0;63.689.655.172.413.700;;
how to clean a gas fireplace;https://fireplacesutah.com/steps-for-cleaning-and-maintaining-gas-fireplaces-part-1/;0;6;0;52.833.333.333.333.300;;
how to clean a gas fireplace burner;https://fireplacesutah.com/how-to-clean-your-gas-fireplace-safely-and-effectively/;0;2;0;69;;
how to clean a gas fireplace chimney;https://fireplacesutah.com/how-to-clean-your-gas-fireplace-safely-and-effectively/;0;3;0;8.466.666.666.666.660;;
how to clean a gas fireplace glass on the inside;https://fireplacesutah.com/steps-for-cleaning-and-maintaining-gas-fireplaces-part-1/;0;1;0;74;;
how to clean a gas fireplace insert;https://fireplacesutah.com/how-to-clean-your-gas-fireplace-safely-and-effectively/;0;26;0;5.530.769.230.769.230;;
how to clean a gas fireplace insert;https://fireplacesutah.com/steps-for-cleaning-and-maintaining-gas-fireplaces-part-1/;0;1;0;44;;
how to clean a gas fireplace logs;https://fireplacesutah.com/how-to-clean-your-gas-fireplace-safely-and-effectively/;0;6;0;61.5;;
how to clean a gas log fireplace;https://fireplacesutah.com/how-to-clean-your-gas-fireplace-safely-and-effectively/;0;8;0;47.25;;
how to clean a propane fireplace;https://fireplacesutah.com/how-to-clean-your-gas-fireplace-safely-and-effectively/;0;6;0;6.866.666.666.666.660;;
how to clean a red brick fireplace;https://fireplacesutah.com/how-to-clean-fireplace-brick-completing-the-job/;0;7;0;7.028.571.428.571.420;;
how to clean a red brick fireplace;https://fireplacesutah.com/how-to-clean-fireplace-brick-initial-steps/;0;11;0;83;;
how to clean a ventless gas fireplace;https://fireplacesutah.com/how-to-clean-your-gas-fireplace-safely-and-effectively/;0;1;0;66;;
how to clean an old brick fireplace;https://fireplacesutah.com/how-to-clean-fireplace-brick-completing-the-job/;0;4;0;92;;
how to clean an old brick fireplace;https://fireplacesutah.com/how-to-clean-fireplace-brick-initial-steps/;0;3;0;68;;
how to clean and maintain a fireplace;https://fireplacesutah.com/steps-for-cleaning-and-maintaining-gas-fireplaces-part-1/;0;1;0;47;;
how to clean ash off brick fireplace;https://fireplacesutah.com/how-to-clean-fireplace-brick-initial-steps/;0;1;0;80;;
how to clean black soot off fireplace bricks;https://fireplacesutah.com/how-to-clean-fireplace-brick-initial-steps/;0;2;0;69.5;;
how to clean brick around fireplace;https://fireplacesutah.com/how-to-clean-fireplace-brick-completing-the-job/;0;6;0;7.716.666.666.666.660;;
how to clean brick around fireplace;https://fireplacesutah.com/how-to-clean-fireplace-brick-initial-steps/;0;7;0;48.285.714.285.714.200;;
how to clean brick chimney inside;https://fireplacesutah.com/how-to-clean-fireplace-brick-initial-steps/;0;2;0;43;;
how to clean brick fireplace;https://fireplacesutah.com/how-to-clean-fireplace-brick-completing-the-job/;0;67;0;7.985.074.626.865.670;;
how to clean brick fireplace;https://fireplacesutah.com/how-to-clean-fireplace-brick-initial-steps/;0;76;0;54.921.052.631.578.900;;
how to clean brick fireplace exterior;https://fireplacesutah.com/how-to-clean-fireplace-brick-completing-the-job/;0;1;0;53;;
how to clean brick fireplace hearth;https://fireplacesutah.com/how-to-clean-fireplace-brick-completing-the-job/;0;3;0;51;;
how to clean brick fireplace hearth;https://fireplacesutah.com/how-to-clean-fireplace-brick-initial-steps/;0;5;0;78;;
how to clean brick fireplace indoors;https://fireplacesutah.com/how-to-clean-fireplace-brick-initial-steps/;0;8;0;50;;
how to clean brick fireplace inside house;https://fireplacesutah.com/how-to-clean-fireplace-brick-initial-steps/;0;5;0;71.6;;
how to clean brick fireplace surround;https://fireplacesutah.com/how-to-clean-fireplace-brick-completing-the-job/;0;2;0;72.5;;
how to clean brick fireplace surround;https://fireplacesutah.com/how-to-clean-fireplace-brick-initial-steps/;0;2;0;67.5;;
how to clean brick hearth;https://fireplacesutah.com/how-to-clean-fireplace-brick-completing-the-job/;0;7;0;75;;
how to clean brick hearth;https://fireplacesutah.com/how-to-clean-fireplace-brick-initial-steps/;0;14;0;5.542.857.142.857.140;;
how to clean brick hearth for fireplace;https://fireplacesutah.com/how-to-clean-fireplace-brick-initial-steps/;0;1;0;59;;
how to clean brick in fireplace;https://fireplacesutah.com/how-to-clean-fireplace-brick-completing-the-job/;0;1;0;87;;
how to clean brick in fireplace;https://fireplacesutah.com/how-to-clean-fireplace-brick-initial-steps/;0;2;0;41.5;;
how to clean brick inside fireplace;https://fireplacesutah.com/how-to-clean-fireplace-brick-completing-the-job/;0;4;0;85;;
how to clean brick inside fireplace;https://fireplacesutah.com/how-to-clean-fireplace-brick-initial-steps/;0;2;0;64.5;;
how to clean brick on a fireplace;https://fireplacesutah.com/how-to-clean-fireplace-brick-completing-the-job/;0;6;0;7.466.666.666.666.660;;
how to clean brick on a fireplace;https://fireplacesutah.com/how-to-clean-fireplace-brick-initial-steps/;0;8;0;63.125;;
how to clean brick on fireplace;https://fireplacesutah.com/how-to-clean-fireplace-brick-completing-the-job/;0;11;0;730.909.090.909.091;;
how to clean brick on fireplace;https://fireplacesutah.com/how-to-clean-fireplace-brick-initial-steps/;0;7;0;6.957.142.857.142.850;;
how to clean bricks around fireplace;https://fireplacesutah.com/how-to-clean-fireplace-brick-completing-the-job/;0;2;0;46.5;;
how to clean bricks around fireplace;https://fireplacesutah.com/how-to-clean-fireplace-brick-initial-steps/;0;2;0;72;;
how to clean bricks in fireplace;https://fireplacesutah.com/how-to-clean-fireplace-brick-completing-the-job/;0;6;0;6.666.666.666.666.660;;
how to clean bricks in fireplace;https://fireplacesutah.com/how-to-clean-fireplace-brick-initial-steps/;0;5;0;73.8;;
how to clean bricks on a fireplace;https://fireplacesutah.com/how-to-clean-fireplace-brick-completing-the-job/;0;2;0;67;;
how to clean bricks on a fireplace;https://fireplacesutah.com/how-to-clean-fireplace-brick-initial-steps/;0;6;0;62.166.666.666.666.600;;
how to clean bricks on fireplace;https://fireplacesutah.com/how-to-clean-fireplace-brick-completing-the-job/;0;8;0;73.875;;
how to clean bricks on fireplace;https://fireplacesutah.com/how-to-clean-fireplace-brick-initial-steps/;0;6;0;7.216.666.666.666.660;;
how to clean chimney brick;https://fireplacesutah.com/how-to-clean-fireplace-brick-completing-the-job/;0;2;0;51;;
how to clean chimney brick;https://fireplacesutah.com/how-to-clean-fireplace-brick-initial-steps/;0;14;0;5.642.857.142.857.140;;
how to clean chimney bricks;https://fireplacesutah.com/how-to-clean-fireplace-brick-completing-the-job/;0;3;0;46;;
how to clean chimney bricks;https://fireplacesutah.com/how-to-clean-fireplace-brick-initial-steps/;0;9;0;6.644.444.444.444.440;;
how to clean creosote from brick;https://fireplacesutah.com/how-to-clean-fireplace-brick-initial-steps/;0;4;0;33.25;;
how to clean creosote from fireplace brick;https://fireplacesutah.com/how-to-clean-fireplace-brick-initial-steps/;0;3;0;7;;
how to clean dust from gas fireplace;https://fireplacesutah.com/how-to-clean-your-gas-fireplace-safely-and-effectively/;0;2;0;1;;
how to clean dust off brick fireplace;https://fireplacesutah.com/how-to-clean-fireplace-brick-completing-the-job/;0;1;0;98;;
how to clean dust off brick fireplace;https://fireplacesutah.com/how-to-clean-fireplace-brick-initial-steps/;0;2;0;54;;
how to clean electric fireplace tv stand;https://fireplacesutah.com/steps-for-cleaning-and-maintaining-gas-fireplaces-part-1/;0;14;0;1;;
how to clean fire brick;https://fireplacesutah.com/how-to-clean-fireplace-brick-completing-the-job/;0;1;0;63;;
how to clean fire brick inside fireplace;https://fireplacesutah.com/how-to-clean-fireplace-brick-completing-the-job/;0;2;0;58.5;;
how to clean fire brick inside fireplace;https://fireplacesutah.com/how-to-clean-fireplace-brick-initial-steps/;0;2;0;56.5;;
how to clean fire bricks;https://fireplacesutah.com/how-to-clean-fireplace-brick-initial-steps/;0;5;0;35.2;;
how to clean fire place brick;https://fireplacesutah.com/how-to-clean-fireplace-brick-initial-steps/;0;2;0;28;;
how to clean fireplace brick;https://fireplacesutah.com/how-to-clean-fireplace-brick-completing-the-job/;0;70;0;59.885.714.285.714.200;;
how to clean fireplace brick;https://fireplacesutah.com/how-to-clean-fireplace-brick-initial-steps/;0;226;0;23.964.601.769.911.500;;
how to clean fireplace brick and mortar;https://fireplacesutah.com/how-to-clean-fireplace-brick-initial-steps/;0;4;0;69;;
how to clean fireplace brick hearth;https://fireplacesutah.com/how-to-clean-fireplace-brick-completing-the-job/;0;1;0;86;;
how to clean fireplace brick hearth;https://fireplacesutah.com/how-to-clean-fireplace-brick-initial-steps/;0;2;0;56;;
how to clean fireplace brick soot;https://fireplacesutah.com/how-to-clean-fireplace-brick-initial-steps/;0;6;0;44.5;;
how to clean fireplace brick with vinegar;https://fireplacesutah.com/how-to-clean-fireplace-brick-completing-the-job/;0;2;0;43.5;;
how to clean fireplace brick with vinegar;https://fireplacesutah.com/how-to-clean-fireplace-brick-initial-steps/;0;5;0;16.8;;
how to clean fireplace bricks;https://fireplacesutah.com/how-to-clean-fireplace-brick-completing-the-job/;0;12;0;82;;
how to clean fireplace bricks;https://fireplacesutah.com/how-to-clean-fireplace-brick-initial-steps/;0;20;0;55.65;;
how to clean fireplace bricks with vinegar;https://fireplacesutah.com/how-to-clean-fireplace-brick-initial-steps/;0;2;0;56;;
how to clean fireplace bricks without harsh chemicals;https://fireplacesutah.com/how-to-clean-fireplace-brick-initial-steps/;0;25;0;14.6;;
how to clean fireplaces;https://fireplacesutah.com/how-to-clean-fireplace-brick-initial-steps/;0;3;0;37;;
how to clean gas fire coals;https://fireplacesutah.com/how-to-clean-your-gas-fireplace-safely-and-effectively/;0;2;0;56;;
how to clean gas fireplace;https://fireplacesutah.com/how-to-clean-your-gas-fireplace-safely-and-effectively/;0;27;0;4.022.222.222.222.220;;
how to clean gas fireplace;https://fireplacesutah.com/steps-for-cleaning-and-maintaining-gas-fireplaces-part-1/;0;4;0;84;;
how to clean gas fireplace;https://fireplacesutah.com/steps-for-cleaning-and-maintaining-gas-fireplaces-part-2/;0;2;0;92.5;;
how to clean gas fireplace burner;https://fireplacesutah.com/how-to-clean-your-gas-fireplace-safely-and-effectively/;0;1;0;73;;
how to clean gas fireplace burners;https://fireplacesutah.com/how-to-clean-your-gas-fireplace-safely-and-effectively/;0;5;0;54;;
how to clean gas fireplace chimney;https://fireplacesutah.com/how-to-clean-your-gas-fireplace-safely-and-effectively/;0;1;0;82;;
how to clean gas fireplace insert;https://fireplacesutah.com/how-to-clean-your-gas-fireplace-safely-and-effectively/;0;1;0;55;;
how to clean gas fireplace rocks;https://fireplacesutah.com/how-to-clean-your-gas-fireplace-safely-and-effectively/;0;1;0;89;;
how to clean gas fireplace vent;https://fireplacesutah.com/steps-for-cleaning-and-maintaining-gas-fireplaces-part-2/;0;1;0;1;;
how to clean gas log fireplace;https://fireplacesutah.com/how-to-clean-your-gas-fireplace-safely-and-effectively/;0;7;0;5.757.142.857.142.850;;
how to clean gas logs;https://fireplacesutah.com/how-to-clean-your-gas-fireplace-safely-and-effectively/;0;5;0;47.6;;
how to clean gas logs in fireplace;https://fireplacesutah.com/how-to-clean-your-gas-fireplace-safely-and-effectively/;0;1;0;64;;
how to clean hearth bricks;https://fireplacesutah.com/how-to-clean-fireplace-brick-initial-steps/;0;1;0;44;;
how to clean indoor brick fireplace;https://fireplacesutah.com/how-to-clean-fireplace-brick-completing-the-job/;0;5;0;64;;
how to clean indoor brick fireplace;https://fireplacesutah.com/how-to-clean-fireplace-brick-initial-steps/;0;5;0;77.6;;
how to clean indoor fireplace brick;https://fireplacesutah.com/how-to-clean-fireplace-brick-completing-the-job/;0;4;0;55.75;;
how to clean indoor fireplace brick;https://fireplacesutah.com/how-to-clean-fireplace-brick-initial-steps/;0;3;0;85;;
how to clean inside brick fireplace;https://fireplacesutah.com/how-to-clean-fireplace-brick-completing-the-job/;0;2;0;51;;
how to clean inside brick fireplace;https://fireplacesutah.com/how-to-clean-fireplace-brick-initial-steps/;0;2;0;71.5;;
how to clean inside fireplace brick;https://fireplacesutah.com/how-to-clean-fireplace-brick-completing-the-job/;0;3;0;94;;
how to clean inside fireplace brick;https://fireplacesutah.com/how-to-clean-fireplace-brick-initial-steps/;0;8;0;43.75;;
how to clean inside gas fireplace;https://fireplacesutah.com/how-to-clean-your-gas-fireplace-safely-and-effectively/;0;2;0;67.5;;
how to clean inside of fireplace;https://fireplacesutah.com/how-to-clean-fireplace-brick-initial-steps/;0;3;0;45.333.333.333.333.300;;
how to clean inside of fireplace brick;https://fireplacesutah.com/how-to-clean-fireplace-brick-completing-the-job/;0;3;0;97;;
how to clean inside of fireplace brick;https://fireplacesutah.com/how-to-clean-fireplace-brick-initial-steps/;0;5;0;41.2;;
how to clean inside of gas fireplace;https://fireplacesutah.com/how-to-clean-your-gas-fireplace-safely-and-effectively/;0;4;0;42.75;;
how to clean interior brick fireplace;https://fireplacesutah.com/how-to-clean-fireplace-brick-completing-the-job/;0;3;0;80;;
how to clean interior brick fireplace;https://fireplacesutah.com/how-to-clean-fireplace-brick-initial-steps/;0;7;0;5.357.142.857.142.850;;
how to clean my gas fireplace;https://fireplacesutah.com/how-to-clean-your-gas-fireplace-safely-and-effectively/;0;1;0;48;;
how to clean natural gas fireplace;https://fireplacesutah.com/how-to-clean-your-gas-fireplace-safely-and-effectively/;0;1;0;49;;
how to clean old brick fireplace;https://fireplacesutah.com/how-to-clean-fireplace-brick-completing-the-job/;0;4;0;86;;
how to clean old brick fireplace;https://fireplacesutah.com/how-to-clean-fireplace-brick-initial-steps/;0;8;0;59;;
how to clean out gas fireplace;https://fireplacesutah.com/how-to-clean-your-gas-fireplace-safely-and-effectively/;0;1;0;1;;
how to clean painted brick fireplace;https://fireplacesutah.com/how-to-clean-fireplace-brick-completing-the-job/;0;3;0;9.333.333.333.333.330;;
how to clean propane fireplace;https://fireplacesutah.com/how-to-clean-your-gas-fireplace-safely-and-effectively/;0;2;0;63;;
how to clean propane fireplace;https://fireplacesutah.com/steps-for-cleaning-and-maintaining-gas-fireplaces-part-1/;0;1;0;1;;
how to clean red brick fireplace;https://fireplacesutah.com/how-to-clean-fireplace-brick-completing-the-job/;0;12;0;6.908.333.333.333.330;;
how to clean red brick fireplace;https://fireplacesutah.com/how-to-clean-fireplace-brick-initial-steps/;0;7;0;8.214.285.714.285.710;;
how to clean red bricks on a fireplace;https://fireplacesutah.com/how-to-clean-fireplace-brick-completing-the-job/;0;8;0;67.25;;
how to clean red bricks on a fireplace;https://fireplacesutah.com/how-to-clean-fireplace-brick-initial-steps/;0;6;0;89.5;;
how to clean smoke from fireplace bricks;https://fireplacesutah.com/how-to-clean-fireplace-brick-initial-steps/;0;1;0;48;;
how to clean soot from brick fireplace;https://fireplacesutah.com/how-to-clean-fireplace-brick-initial-steps/;0;2;0;54;;
how to clean soot from fireplace brick;https://fireplacesutah.com/how-to-clean-fireplace-brick-initial-steps/;0;7;0;5.142.857.142.857.140;;
how to clean soot from fireplace bricks;https://fireplacesutah.com/how-to-clean-fireplace-brick-initial-steps/;0;3;0;89;;
how to clean soot off a brick fireplace;https://fireplacesutah.com/how-to-clean-fireplace-brick-initial-steps/;0;1;0;71;;
how to clean soot off brick fireplace;https://fireplacesutah.com/how-to-clean-fireplace-brick-initial-steps/;0;10;0;46.5;;
how to clean soot off bricks in fireplace;https://fireplacesutah.com/how-to-clean-fireplace-brick-initial-steps/;0;1;0;71;;
how to clean soot off fireplace brick;https://fireplacesutah.com/how-to-clean-fireplace-brick-initial-steps/;0;5;0;55.8;;
how to clean sooty fireplace bricks;https://fireplacesutah.com/how-to-clean-fireplace-brick-initial-steps/;0;1;0;69;;
how to clean the brick inside a fireplace;https://fireplacesutah.com/how-to-clean-fireplace-brick-completing-the-job/;0;2;0;93.5;;
how to clean the brick inside a fireplace;https://fireplacesutah.com/how-to-clean-fireplace-brick-initial-steps/;0;2;0;56;;
how to clean the bricks on a fireplace;https://fireplacesutah.com/how-to-clean-fireplace-brick-completing-the-job/;0;5;0;71.4;;
how to clean the bricks on a fireplace;https://fireplacesutah.com/how-to-clean-fireplace-brick-initial-steps/;0;3;0;7.366.666.666.666.660;;
how to clean the fireplace brick;https://fireplacesutah.com/how-to-clean-fireplace-brick-completing-the-job/;0;6;0;8.083.333.333.333.330;;
how to clean the fireplace brick;https://fireplacesutah.com/how-to-clean-fireplace-brick-initial-steps/;0;8;0;44.5;;
how to clean the fireplace bricks;https://fireplacesutah.com/how-to-clean-fireplace-brick-initial-steps/;0;3;0;7.633.333.333.333.330;;
how to clean the glass on a gas fireplace insert;https://fireplacesutah.com/steps-for-cleaning-and-maintaining-gas-fireplaces-part-1/;0;1;0;74;;
how to clean the inside of a brick fireplace;https://fireplacesutah.com/how-to-clean-fireplace-brick-initial-steps/;0;2;0;62;;
how to clean the inside of a gas fireplace;https://fireplacesutah.com/how-to-clean-your-gas-fireplace-safely-and-effectively/;0;3;0;50.666.666.666.666.600;;
how to clean the inside of a gas fireplace;https://fireplacesutah.com/steps-for-cleaning-and-maintaining-gas-fireplaces-part-1/;0;1;0;97;;
how to clean up a brick fireplace;https://fireplacesutah.com/how-to-clean-fireplace-brick-initial-steps/;0;4;0;77.25;;
how to clean up bricks in fireplace;https://fireplacesutah.com/how-to-clean-fireplace-brick-completing-the-job/;0;3;0;66;;
how to clean up bricks in fireplace;https://fireplacesutah.com/how-to-clean-fireplace-brick-initial-steps/;0;2;0;49.5;;
how to clean white brick fireplace;https://fireplacesutah.com/how-to-clean-fireplace-brick-completing-the-job/;0;3;0;72;;
how to clean white brick fireplace;https://fireplacesutah.com/how-to-clean-fireplace-brick-initial-steps/;0;2;0;55;;
how to clean your gas fireplace;https://fireplacesutah.com/how-to-clean-your-gas-fireplace-safely-and-effectively/;0;42;0;30.714.285.714.285.700;;
how to convert a gas fireplace back to wood burning;https://fireplacesutah.com/convert-your-fireplace/;0;1;0;46;;
how to convert a gas fireplace to wood;https://fireplacesutah.com/convert-your-fireplace/;0;6;0;60.166.666.666.666.600;;
how to convert a gas fireplace to wood burning;https://fireplacesutah.com/convert-your-fireplace/;0;2;0;46.5;;
how to convert a wood burning fireplace to gas;https://fireplacesutah.com/convert-your-fireplace/;0;1;0;59;;
how to convert fireplace to gas;https://fireplacesutah.com/convert-your-fireplace/;0;2;0;77.5;;
how to convert gas fireplace to wood;https://fireplacesutah.com/convert-your-fireplace/;0;2;0;45.5;;
how to convert gas fireplace to wood burning;https://fireplacesutah.com/convert-your-fireplace/;0;3;0;46.333.333.333.333.300;;
how to convert gas fireplace to wood burning stove;https://fireplacesutah.com/convert-your-fireplace/;0;3;0;44;;
how to convert wood fireplace to electric;https://fireplacesutah.com/convert-your-fireplace/;0;1;0;91;;
how to convert wood fireplace to gas;https://fireplacesutah.com/convert-your-fireplace/;0;3;0;7.566.666.666.666.660;;
how to deal with low humidity;https://fireplacesutah.com/signs-causes-remedies-low-humidity/;0;2;0;90.5;;
how to do a fireplace;https://fireplacesutah.com/fireplace-installation-guide/;0;1;0;1;;
how to dust brick fireplace;https://fireplacesutah.com/how-to-clean-fireplace-brick-completing-the-job/;0;1;0;100;;
how to dust brick fireplace;https://fireplacesutah.com/how-to-clean-fireplace-brick-initial-steps/;0;2;0;60;;
how to fix a electric fireplace;https://fireplacesutah.com/five-signs-fireplace-needs-professional-service/;0;13;0;1;;
how to gas fireplace;https://fireplacesutah.com/easy-steps-to-start-a-gas-fireplace/;0;1;0;28;;
how to get a gas fireplace started;https://fireplacesutah.com/easy-steps-to-start-a-gas-fireplace/;0;6;0;11;;
how to get black soot off fireplace brick;https://fireplacesutah.com/how-to-clean-fireplace-brick-initial-steps/;0;1;0;88;;
how to get fire in the forge;https://fireplacesutah.com/fire-pit-use-tips-igniting-and-putting-out-wood-fires/;0;1;0;2;;
how to get gas fireplace started;https://fireplacesutah.com/easy-steps-to-start-a-gas-fireplace/;0;1;0;5;;
how to get gas logs started;https://fireplacesutah.com/gas-fireplace-lifespan-factors-blower-pilot-maintenance/;0;1;0;3;;
how to get rid of fireplace smell;https://fireplacesutah.com/avoiding-fireplace-odors-vinegar-charcoal-inspection/;0;1;0;1;;
how to get rid of smell from gas fireplace;https://fireplacesutah.com/avoiding-fireplace-odors-vinegar-charcoal-inspection/;0;2;0;73.5;;
how to get soot off of brick fireplace;https://fireplacesutah.com/how-to-clean-fireplace-brick-initial-steps/;0;1;0;51;;
how to increase flame on gas fireplace;https://fireplacesutah.com/easy-steps-to-start-a-gas-fireplace/;0;1;0;32;;
how to install a fireplace fan;https://fireplacesutah.com/fireplace-blowers-basics-and-how-they-work/;0;1;0;2;;
how to install a new fireplace;https://fireplacesutah.com/fireplace-installation-guide/;0;2;0;51;;
how to install gas fireplace blower;https://fireplacesutah.com/steps-for-cleaning-and-maintaining-gas-fireplaces-part-1/;0;1;0;3;;
how to install gas fireplaces;https://fireplacesutah.com/easy-steps-to-start-a-gas-fireplace/;0;1;0;93;;
how to install gas fireplaces;https://fireplacesutah.com/fireplace-installation-guide/;0;2;0;90;;
how to keep fire going in fire pit;https://fireplacesutah.com/fire-pit-use-tips-igniting-and-putting-out-wood-fires/;0;1;0;63;;
how to keep fireplace from smelling;https://fireplacesutah.com/avoiding-fireplace-odors-vinegar-charcoal-inspection/;0;1;0;92;;
how to light a gas fireplace for the first time;https://fireplacesutah.com/easy-steps-to-start-a-gas-fireplace/;0;1;0;1;;
how to light a gas fireplace if power is out;https://fireplacesutah.com/preparing-fireplaces-new-season/;0;1;0;1;;
how to light pilot light on propane fireplace;https://fireplacesutah.com/easy-steps-to-start-a-gas-fireplace/;0;1;0;1;;
how to maintain a gas fireplace;https://fireplacesutah.com/steps-for-cleaning-and-maintaining-gas-fireplaces-part-1/;0;7;0;54.714.285.714.285.700;;
how to maintain a gas fireplace;https://fireplacesutah.com/steps-for-cleaning-and-maintaining-gas-fireplaces-part-2/;0;7;0;8.857.142.857.142.850;;
how to maintain fireplaces;https://fireplacesutah.com/steps-for-cleaning-and-maintaining-gas-fireplaces-part-1/;0;4;0;93;;
how to maintain gas fireplace;https://fireplacesutah.com/steps-for-cleaning-and-maintaining-gas-fireplaces-part-1/;0;1;0;48;;
how to maintain gas fireplace;https://fireplacesutah.com/steps-for-cleaning-and-maintaining-gas-fireplaces-part-2/;0;1;0;89;;
how to make a fireplace dayz;https://fireplacesutah.com/fire-pit-use-tips-igniting-and-putting-out-wood-fires/;0;1;0;1;;
how to make a gas fireplace into wood burning;https://fireplacesutah.com/convert-your-fireplace/;0;1;0;78;;
how to make a small fire at home;https://fireplacesutah.com/fire-pit-use-tips-igniting-and-putting-out-wood-fires/;0;1;0;1;;
how to make homemade lighter;https://fireplacesutah.com/fire-pit-use-tips-igniting-and-putting-out-wood-fires/;0;1;0;1;;
how to make odor absorber;https://fireplacesutah.com/avoiding-fireplace-odors-vinegar-charcoal-inspection/;0;1;0;1;;
how to manually light a fireplace;https://fireplacesutah.com/easy-steps-to-start-a-gas-fireplace/;0;1;0;1;;
how to open fireplace vent;https://fireplacesutah.com/differences-vented-vent-free-fireplaces/;0;1;0;1;;
how to operate a gas fireplace;https://fireplacesutah.com/easy-steps-to-start-a-gas-fireplace/;0;1;0;37;;
how to operate a gas fireplace with key;https://fireplacesutah.com/easy-steps-to-start-a-gas-fireplace/;0;11;0;4.736.363.636.363.630;;
how to operate gas fireplace with key;https://fireplacesutah.com/easy-steps-to-start-a-gas-fireplace/;0;2;0;39;;
how to operate my gas fireplace;https://fireplacesutah.com/easy-steps-to-start-a-gas-fireplace/;0;1;0;58;;
how to place firewood in fire pit;https://fireplacesutah.com/fire-pit-use-tips-firewood-and-tinder-considerations/;0;2;0;21;;
how to place logs in electric fireplace;https://fireplacesutah.com/basics-electric-fireplace-logs/;0;1;0;9;;
how to place wood in a fire pit;https://fireplacesutah.com/fire-pit-use-tips-igniting-and-putting-out-wood-fires/;0;4;0;23.75;;
how to place wood in fire pit;https://fireplacesutah.com/fire-pit-use-tips-igniting-and-putting-out-wood-fires/;0;1;0;25;;
how to prep a fireplace;https://fireplacesutah.com/preparing-fireplaces-new-season/;0;3;0;1;;
how to properly clean a gas fireplace;https://fireplacesutah.com/how-to-clean-your-gas-fireplace-safely-and-effectively/;0;4;0;5.75;;
how to properly clean a gas fireplace;https://fireplacesutah.com/steps-for-cleaning-and-maintaining-gas-fireplaces-part-1/;0;1;0;37;;
how to protect baby from fireplace hearth;https://fireplacesutah.com/basic-tips-on-how-to-baby-proof-your-fireplace-area/;0;4;0;12;;
how to protect fireplace from baby;https://fireplacesutah.com/basic-tips-on-how-to-baby-proof-your-fireplace-area/;0;4;0;7.25;;
how to put a gas fireplace in your house;https://fireplacesutah.com/gas-fireplaces-and-chimneys-basics-and-types/;0;1;0;1;;
how to put fire out in fire pit;https://fireplacesutah.com/fire-pit-use-tips-igniting-and-putting-out-wood-fires/;0;2;0;63;;
how to put fire pit out;https://fireplacesutah.com/fire-pit-use-tips-igniting-and-putting-out-wood-fires/;0;1;0;53;;
how to put out a fire pit fire safely and properly;https://fireplacesutah.com/fire-pit-use-tips-igniting-and-putting-out-wood-fires/;0;13;0;906.923.076.923.077;;
how to put out a wood fire pit;https://fireplacesutah.com/fire-pit-use-tips-igniting-and-putting-out-wood-fires/;0;12;0;3;;
how to put out fire in firepit;https://fireplacesutah.com/fire-pit-use-tips-igniting-and-putting-out-wood-fires/;0;1;0;69;;
how to remove soot from brick fireplace;https://fireplacesutah.com/how-to-clean-fireplace-brick-initial-steps/;0;2;0;53;;
how to remove soot from fireplace brick;https://fireplacesutah.com/how-to-clean-fireplace-brick-initial-steps/;0;2;0;51;;
how to replace a fireplace;https://fireplacesutah.com/replace-your-fireplace/;0;2;0;56;;
how to replace igniter on gas fireplace;https://fireplacesutah.com/steps-for-cleaning-and-maintaining-gas-fireplaces-part-1/;0;1;0;3;;
how to reset electric fireplace;https://fireplacesutah.com/five-signs-fireplace-needs-professional-service/;0;3;0;1;;
how to service a gas fireplace;https://fireplacesutah.com/steps-for-cleaning-and-maintaining-gas-fireplaces-part-1/;0;4;0;52.5;;
how to service gas fireplace;https://fireplacesutah.com/steps-for-cleaning-and-maintaining-gas-fireplaces-part-1/;0;3;0;48.333.333.333.333.300;;
how to service gas fireplace;https://fireplacesutah.com/steps-for-cleaning-and-maintaining-gas-fireplaces-part-2/;0;2;0;99;;
how to set up a gas fireplace;https://fireplacesutah.com/easy-steps-to-start-a-gas-fireplace/;0;4;0;37;;
how to set up firewood in fire pit;https://fireplacesutah.com/fire-pit-use-tips-igniting-and-putting-out-wood-fires/;0;1;0;55;;
how to set up gas fireplace;https://fireplacesutah.com/easy-steps-to-start-a-gas-fireplace/;0;2;0;49;;
how to stack wood to start a fire;https://fireplacesutah.com/fire-pit-use-tips-igniting-and-putting-out-wood-fires/;0;1;0;1;;
how to start a campfire without tinder;https://fireplacesutah.com/fire-pit-use-tips-igniting-and-putting-out-wood-fires/;0;1;0;1;;
how to start a fire;https://fireplacesutah.com/fire-pit-use-tips-igniting-and-putting-out-wood-fires/;0;5;0;1;;
how to start a fire in a gas fireplace;https://fireplacesutah.com/easy-steps-to-start-a-gas-fireplace/;0;2;0;44;;
how to start a fire pit with wood;https://fireplacesutah.com/fire-pit-use-tips-igniting-and-putting-out-wood-fires/;0;4;0;39.75;;
how to start a fire with paper;https://fireplacesutah.com/fire-pit-use-tips-igniting-and-putting-out-wood-fires/;0;1;0;1;;
how to start a fireplace gas;https://fireplacesutah.com/easy-steps-to-start-a-gas-fireplace/;0;7;0;26.428.571.428.571.400;;
how to start a gas fire place;https://fireplacesutah.com/easy-steps-to-start-a-gas-fireplace/;0;11;0;10.181.818.181.818.100;;
how to start a gas fireplace for the first time;https://fireplacesutah.com/easy-steps-to-start-a-gas-fireplace/;0;88;0;5.261.363.636.363.630;;
how to start a gas fireplace insert;https://fireplacesutah.com/easy-steps-to-start-a-gas-fireplace/;0;1;0;41;;
how to start a gas fireplace with electric starter;https://fireplacesutah.com/easy-steps-to-start-a-gas-fireplace/;0;1;0;44;;
how to start a gas fireplace with key;https://fireplacesutah.com/easy-steps-to-start-a-gas-fireplace/;0;4;0;14.25;;
how to start a gas foreplace;https://fireplacesutah.com/easy-steps-to-start-a-gas-fireplace/;0;1;0;6;;
how to start a natural gas fireplace;https://fireplacesutah.com/easy-steps-to-start-a-gas-fireplace/;0;2;0;37.5;;
how to start a propane fireplace;https://fireplacesutah.com/easy-steps-to-start-a-gas-fireplace/;0;1;0;57;;
how to start a wood burning fire pit;https://fireplacesutah.com/fire-pit-use-tips-igniting-and-putting-out-wood-fires/;0;2;0;61.5;;
how to start a wood fire in a fire pit;https://fireplacesutah.com/fire-pit-use-tips-igniting-and-putting-out-wood-fires/;0;8;0;63.625;;
how to start an indoor fire;https://fireplacesutah.com/easy-steps-to-start-a-gas-fireplace/;0;1;0;1;;
how to start fire;https://fireplacesutah.com/fire-pit-use-tips-igniting-and-putting-out-wood-fires/;0;1;0;1;;
how to start fire in fire pit;https://fireplacesutah.com/fire-pit-use-tips-igniting-and-putting-out-wood-fires/;0;4;0;53.75;;
how to start fire in fireplace;https://fireplacesutah.com/fire-pit-use-tips-igniting-and-putting-out-wood-fires/;0;1;0;1;;
how to start fireplace gas;https://fireplacesutah.com/easy-steps-to-start-a-gas-fireplace/;0;3;0;38.333.333.333.333.300;;
how to start gas fireplace;https://fireplacesutah.com/easy-steps-to-start-a-gas-fireplace/;0;36;0;1.813.888.888.888.880;;
how to start gas fireplace for the first time;https://fireplacesutah.com/easy-steps-to-start-a-gas-fireplace/;0;10;0;4.2;;
how to start gas fireplace with key;https://fireplacesutah.com/easy-steps-to-start-a-gas-fireplace/;0;21;0;10.238.095.238.095.200;;
how to start gas fireplace with knob;https://fireplacesutah.com/easy-steps-to-start-a-gas-fireplace/;0;3;0;40.333.333.333.333.300;;
how to start gas logs for the first time;https://fireplacesutah.com/easy-steps-to-start-a-gas-fireplace/;0;1;0;10;;
how to start my gas fireplace;https://fireplacesutah.com/easy-steps-to-start-a-gas-fireplace/;0;12;0;23.083.333.333.333.300;;
how to start the fireplace;https://fireplacesutah.com/easy-steps-to-start-a-gas-fireplace/;0;1;0;2;;
how to start the gas fireplace;https://fireplacesutah.com/easy-steps-to-start-a-gas-fireplace/;0;1;0;43;;
how to start up a gas fireplace;https://fireplacesutah.com/easy-steps-to-start-a-gas-fireplace/;0;10;0;11;;
how to start your gas fireplace;https://fireplacesutah.com/easy-steps-to-start-a-gas-fireplace/;0;4;0;24.75;;
how to stop cold air coming from fireplace;https://fireplacesutah.com/fireplace-installation-terms-chase-clearances-cool-wall/;0;1;0;1;;
how to stop cold air from fireplace;https://fireplacesutah.com/fireplace-installation-terms-chase-clearances-cool-wall/;0;2;0;1;;
how to tell if gas fireplace is leaking;https://fireplacesutah.com/five-signs-fireplace-needs-professional-service/;0;1;0;39;;
how to turn a gas fireplace into wood burning;https://fireplacesutah.com/convert-your-fireplace/;0;2;0;44.5;;
how to turn gas fireplace;https://fireplacesutah.com/easy-steps-to-start-a-gas-fireplace/;0;1;0;55;;
how to turn gas fireplace into wood burning;https://fireplacesutah.com/convert-your-fireplace/;0;1;0;44;;
how to turn gas on fireplace;https://fireplacesutah.com/easy-steps-to-start-a-gas-fireplace/;0;4;0;80.25;;
how to turn in a gas fireplace;https://fireplacesutah.com/convert-your-fireplace/;0;2;0;69.5;;
how to turn in gas fireplace;https://fireplacesutah.com/convert-your-fireplace/;0;3;0;62.666.666.666.666.600;;
how to turn off a gas fireplace;https://fireplacesutah.com/easy-steps-to-start-a-gas-fireplace/;0;1;0;1;;
how to turn off gas fireplace;https://fireplacesutah.com/five-signs-fireplace-needs-professional-service/;0;1;0;1;;
how to turn on a chimney fire;https://fireplacesutah.com/easy-steps-to-start-a-gas-fireplace/;0;1;0;1;;
how to turn on a gas fireplace;https://fireplacesutah.com/easy-steps-to-start-a-gas-fireplace/;0;1;0;5;;
how to turn on a gas fireplace with a wall key;https://fireplacesutah.com/easy-steps-to-start-a-gas-fireplace/;0;1;0;1;;
how to turn on gas fire place;https://fireplacesutah.com/easy-steps-to-start-a-gas-fireplace/;0;1;0;1;;
how to turn on gas fireplace;https://fireplacesutah.com/easy-steps-to-start-a-gas-fireplace/;0;23;0;1;;
how to turn on gas fireplace with floor key;https://fireplacesutah.com/easy-steps-to-start-a-gas-fireplace/;0;18;0;20.555.555.555.555.500;;
how to turn on gas valve for fireplace;https://fireplacesutah.com/easy-steps-to-start-a-gas-fireplace/;0;1;0;47;;
how to turn on gas wall heater;https://fireplacesutah.com/easy-steps-to-start-a-gas-fireplace/;0;1;0;1;;
how to turn wood burning fireplace into gas;https://fireplacesutah.com/convert-your-fireplace/;0;1;0;50;;
how to use;https://fireplacesutah.com/basics-electric-fireplace-logs/;0;1;0;19;;
how to use a fireplace insert with blower;https://fireplacesutah.com/fireplace-blowers-answering-common-questions/;0;1;0;67;;
how to use a fireplace with a blower;https://fireplacesutah.com/fireplace-blowers-answering-common-questions/;0;1;0;67;;
how to use a fireplace with a blower;https://fireplacesutah.com/fireplace-blowers-basics-and-how-they-work/;0;8;0;5.875;;
how to use a gas fireplace;https://fireplacesutah.com/easy-steps-to-start-a-gas-fireplace/;0;14;0;46.785.714.285.714.200;;
how to use a gas fireplace;https://fireplacesutah.com/steps-for-cleaning-and-maintaining-gas-fireplaces-part-1/;0;1;0;1;;
how to use a gas fireplace for the first time;https://fireplacesutah.com/easy-steps-to-start-a-gas-fireplace/;0;19;0;14.157.894.736.842.100;;
how to use a gas fireplace starter;https://fireplacesutah.com/easy-steps-to-start-a-gas-fireplace/;0;2;0;51.5;;
how to use a gas fireplace with a key;https://fireplacesutah.com/easy-steps-to-start-a-gas-fireplace/;0;3;0;41;;
how to use electric stove;https://fireplacesutah.com/easy-steps-to-start-a-gas-fireplace/;0;1;0;2;;
how to use fireplace fan;https://fireplacesutah.com/fireplace-blowers-basics-and-how-they-work/;0;11;0;27.272.727.272.727.200;;
how to use fireplace gas;https://fireplacesutah.com/easy-steps-to-start-a-gas-fireplace/;0;2;0;44;;
how to use fireplace with gas starter;https://fireplacesutah.com/easy-steps-to-start-a-gas-fireplace/;0;1;0;97;;
how to use gas fireplace;https://fireplacesutah.com/easy-steps-to-start-a-gas-fireplace/;0;7;0;14.571.428.571.428.500;;
how to use gas fireplace for the first time;https://fireplacesutah.com/easy-steps-to-start-a-gas-fireplace/;0;9;0;7.888.888.888.888.880;;
how to use gas fireplace key;https://fireplacesutah.com/easy-steps-to-start-a-gas-fireplace/;0;4;0;41;;
how to use gas fireplace with key;https://fireplacesutah.com/easy-steps-to-start-a-gas-fireplace/;0;3;0;39;;
how to use the gas fireplace;https://fireplacesutah.com/easy-steps-to-start-a-gas-fireplace/;0;2;0;68;;
how to use wood burning fireplace with blower;https://fireplacesutah.com/fireplace-blowers-answering-common-questions/;0;1;0;61;;
how to use wood burning fireplace with blower;https://fireplacesutah.com/fireplace-blowers-basics-and-how-they-work/;0;4;0;43.25;;
how to wash a brick fireplace;https://fireplacesutah.com/how-to-clean-fireplace-brick-completing-the-job/;0;3;0;60;;
how to wash brick fireplace;https://fireplacesutah.com/how-to-clean-fireplace-brick-completing-the-job/;0;7;0;59.714.285.714.285.700;;
how to wire a thermostat to a gas fireplace;https://fireplacesutah.com/benefits-of-a-thermostat-for-gas-fireplaces/;0;1;0;31;;
how to work a gas fireplace with a key;https://fireplacesutah.com/easy-steps-to-start-a-gas-fireplace/;0;7;0;35.714.285.714.285.700;;
how to work gas fireplace;https://fireplacesutah.com/easy-steps-to-start-a-gas-fireplace/;0;2;0;38.5;;
how to.start a gas fireplace;https://fireplacesutah.com/easy-steps-to-start-a-gas-fireplace/;0;8;0;13.75;;
how to.turn on gas fireplace;https://fireplacesutah.com/easy-steps-to-start-a-gas-fireplace/;0;2;0;1;;
how turn on a gas fireplace;https://fireplacesutah.com/easy-steps-to-start-a-gas-fireplace/;0;1;0;81;;
how use gas fireplace;https://fireplacesutah.com/easy-steps-to-start-a-gas-fireplace/;0;3;0;53.333.333.333.333.300;;
hvac fireplace;https://fireplacesutah.com/;0;3;0;7.333.333.333.333.330;;
hvac service west valley city utah;https://fireplacesutah.com/fireplace-services-in-west-valley-city-utah/;0;3;0;8.733.333.333.333.330;;
i have a gas fireplace;https://fireplacesutah.com/how-to-clean-your-gas-fireplace-safely-and-effectively/;0;1;0;2;;
ignite fires;https://fireplacesutah.com/fire-pit-use-tips-igniting-and-putting-out-wood-fires/;0;1;0;50;;
igniting;https://fireplacesutah.com/fire-pit-use-tips-igniting-and-putting-out-wood-fires/;0;3;0;6.566.666.666.666.660;;
igniting a fire;https://fireplacesutah.com/fire-pit-use-tips-igniting-and-putting-out-wood-fires/;0;2;0;32;;
igniting fire;https://fireplacesutah.com/fire-pit-use-tips-igniting-and-putting-out-wood-fires/;0;4;0;24.75;;
ignition failure;https://fireplacesutah.com/five-signs-fireplace-needs-professional-service/;0;1;0;1;;
images of electric fireplaces;https://fireplacesutah.com/five-signs-fireplace-needs-professional-service/;0;1;0;6;;
indoor fan blower;https://fireplacesutah.com/fireplace-blowers-answering-common-questions/;0;2;0;1;;
indoor fireplaces;https://fireplacesutah.com/;0;1;0;8;;
indoor gas fireplace repair near me;https://fireplacesutah.com/fireplace-repair-service/;0;5;0;10.8;;
indoor gas fireplace repair near me;https://fireplacesutah.com/fireplace-services-in-riverton-utah/;0;1;0;7;;
indoor gas fireplace repair near me;https://fireplacesutah.com/layton-utah-fireplace-contractor/;0;1;0;6;;
indoor gas fireplace replacement;https://fireplacesutah.com/fireplace-installation-guide/;0;1;0;2;;
indoor gas heater with thermostat;https://fireplacesutah.com/benefits-of-a-thermostat-for-gas-fireplaces/;0;1;0;1;;
indoor gas log installation near me;https://fireplacesutah.com/fireplace-installation-guide/;0;1;0;1;;
insert blower for fireplace;https://fireplacesutah.com/fireplace-blowers-answering-common-questions/;0;1;0;1;;
insert fireplace repair;https://fireplacesutah.com/fireplace-repair-service/;0;2;0;63;;
insta flame gas fireplace how to start;https://fireplacesutah.com/easy-steps-to-start-a-gas-fireplace/;0;1;0;28;;
insta-flame gas fireplace how to start;https://fireplacesutah.com/easy-steps-to-start-a-gas-fireplace/;0;2;0;30.5;;
install gas fireplace;https://fireplacesutah.com/;0;3;0;2;;
install gas fireplace near me;https://fireplacesutah.com/;0;1;0;9;;
install gas fireplace near me;https://fireplacesutah.com/fireplace-design-installation-in-ogden-utah;0;2;0;24.5;;
install gas stove near me;https://fireplacesutah.com/layton-utah-fireplace-contractor/;0;58;0;4.208.620.689.655.170;;
install heber city ut;https://fireplacesutah.com/heber-city-utahs-fireplace-experts/;0;3;0;56;;
install park city ut;https://fireplacesutah.com/fireplaces-fire-pits-wood-stoves-in-park-city-utah/;0;6;0;51.333.333.333.333.300;;
installation fireplace;https://fireplacesutah.com/fireplace-installation-guide/;0;2;0;59;;
installation of fireplace;https://fireplacesutah.com/fireplace-installation-guide/;0;2;0;31.5;;
installation of fireplaces;https://fireplacesutah.com/fireplace-installation-guide/;0;1;0;17;;
installing a new gas fireplace;https://fireplacesutah.com/fireplace-installation-guide/;0;1;0;100;;
installing a real fireplace;https://fireplacesutah.com/fireplace-installation-guide/;0;5;0;58;;
installing a wood fireplace in an existing home;https://fireplacesutah.com/fireplace-installation-guide/;0;1;0;96;;
installing electric logs in an existing fireplace opening;https://fireplacesutah.com/basics-electric-fireplace-logs/;0;2;0;95;;
installing fireplace in existing home;https://fireplacesutah.com/fireplace-installation-guide/;0;1;0;74;;
installing new fireplace;https://fireplacesutah.com/fireplace-installation-guide/;0;1;0;79;;
instructions for gas fireplace;https://fireplacesutah.com/easy-steps-to-start-a-gas-fireplace/;0;1;0;89;;
insulation contractors near me;https://fireplacesutah.com/;0;1;0;1;;
interlocking foam mats;https://fireplacesutah.com/basic-tips-on-how-to-baby-proof-your-fireplace-area/;0;1;0;1;;
intermountain comfort supply;https://fireplacesutah.com/blog/;0;2;0;11.5;;
intermountain comfort supply;https://fireplacesutah.com/gallery/;0;2;0;11.5;;
intermountain comfort supply;https://fireplacesutah.com/products/;0;5;0;10.6;;
intermountain comfort supply;https://fireplacesutah.com/reviews/;0;5;0;10.6;;
intermountain comfort supply;https://fireplacesutah.com/showrooms/;0;2;0;11.5;;
intermountain comfort supply;https://fireplacesutah.com/specials/;0;5;0;10.6;;
intermountain comfort supply;https://fireplacesutah.com/videos/;0;5;0;10.6;;
intermountain mantels;https://fireplacesutah.com/fireplace-mantels/;0;4;0;37.5;;
is a fireplace blower worth it;https://fireplacesutah.com/fireplace-blowers-answering-common-questions/;0;1;0;42;;
is a fireplace blower worth it;https://fireplacesutah.com/fireplace-blowers-basics-and-how-they-work/;0;1;0;17;;
is it hard to install a gas fireplace;https://fireplacesutah.com/fireplace-installation-guide/;0;1;0;67;;
is it loud;https://fireplacesutah.com/fireplace-blowers-answering-common-questions/;0;1;0;1;;
is it normal for an electric fireplace to smell;https://fireplacesutah.com/five-signs-fireplace-needs-professional-service/;0;6;0;1;;
is it normal to hear the pilot light on a gas fireplace;https://fireplacesutah.com/five-signs-fireplace-needs-professional-service/;0;1;0;1;;
is my fireplace gas or electric;https://fireplacesutah.com/breaking-gas-vs-electric-fireplaces/;0;1;0;13;;
is my home's value affected by adding a gas fireplace?;https://fireplacesutah.com/connection-between-fireplaces-and-home-value/;0;5;0;87.8;;
is pine good for pyrography;https://fireplacesutah.com/fire-pit-use-tips-firewood-and-tinder-considerations/;0;1;0;1;;
is that bad;https://fireplacesutah.com/five-signs-fireplace-needs-professional-service/;0;1;0;3;;
is there humidity in the winter;https://fireplacesutah.com/signs-causes-remedies-low-humidity/;0;4;0;1;;
is this bad;https://fireplacesutah.com/five-signs-fireplace-needs-professional-service/;0;1;0;2;;
ise tampons as fire starter;https://fireplacesutah.com/fire-pit-use-tips-igniting-and-putting-out-wood-fires/;0;4;0;1;;
it services west valley;https://fireplacesutah.com/fireplace-services-in-west-valley-city-utah/;0;6;0;83.5;;
it services west valley city;https://fireplacesutah.com/fireplace-services-in-west-valley-city-utah/;0;1;0;98;;
jordan comfort solutions;https://fireplacesutah.com/custom-fireplace-design-installation-in-west-jordan-utah/;0;1;0;27;;
jotul f 500 v3 oslo;https://fireplacesutah.com/product/jotul-f-500-v3-oslo/;0;4;0;40.25;;
jotul f 500 v3 oslo cf;https://fireplacesutah.com/product/jotul-f-500-v3-oslo/;0;2;0;47;;
jotul f 500 v3 oslo price;https://fireplacesutah.com/product/jotul-f-500-v3-oslo/;0;1;0;56;;
jotul f500 v3;https://fireplacesutah.com/product/jotul-f-500-v3-oslo/;0;2;0;53.5;;
jotul f500 v3 oslo;https://fireplacesutah.com/product/jotul-f-500-v3-oslo/;0;2;0;57;;
jotul f500 v3 oslo cf;https://fireplacesutah.com/product/jotul-f-500-v3-oslo/;0;1;0;100;;
jotul f500 v3 oslo price;https://fireplacesutah.com/product/jotul-f-500-v3-oslo/;0;2;0;59;;
jøtul 3 wood stove manual;https://fireplacesutah.com/wp-content/uploads/2019/10/MANUAL-139946_R03-F-500-V3_USA.pdf;0;3;0;9.666.666.666.666.660;;
jøtul 500;https://fireplacesutah.com/product/jotul-f-500-v3-oslo/;0;2;0;87.5;;
jøtul f 500 oslo;https://fireplacesutah.com/product/jotul-f-500-v3-oslo/;0;3;0;7.633.333.333.333.330;;
jøtul f500 oslo;https://fireplacesutah.com/product/jotul-f-500-v3-oslo/;0;1;0;85;;
kaysville utah fix heater;https://fireplacesutah.com/fireplace-services-in-kaysville-utah/;0;1;0;88;;
kaysville utah heater repair;https://fireplacesutah.com/fireplace-services-in-kaysville-utah/;0;1;0;99;;
ke krbu;https://fireplacesutah.com/benefits-of-a-thermostat-for-gas-fireplaces/;0;1;0;24;;
keep kids safe around fireplaces;https://fireplacesutah.com/basic-tips-on-how-to-baby-proof-your-fireplace-area/;0;1;0;77;;
key to turn on gas fireplace;https://fireplacesutah.com/easy-steps-to-start-a-gas-fireplace/;0;2;0;42;;
kid proof fireplace screen;https://fireplacesutah.com/basic-tips-on-how-to-baby-proof-your-fireplace-area/;0;2;0;1;;
kindling timber;https://fireplacesutah.com/fire-pit-use-tips-igniting-and-putting-out-wood-fires/;0;1;0;1;;
kozy heat fireplace instructions;https://fireplacesutah.com/easy-steps-to-start-a-gas-fireplace/;0;1;0;2;;
layton city fire; fire station; layton;https://fireplacesutah.com/layton-utah-fireplace-contractor/;0;1;0;83
ledge above fireplace;https://fireplacesutah.com/fireplace-installation-terms-finishing-flue-hearth-mantel/;0;1;0;2;;
legal requirements for adding a gas burning fire pit to a neighbor's backyard in riverton; utah;https://fireplacesutah.com/fireplace-installation-guide/;0;1;0;25;
lennox fireplace repair near me;https://fireplacesutah.com/fireplace-design-installation-in-ogden-utah;0;1;0;10;;
lennox fireplace repair near me;https://fireplacesutah.com/fireplace-services-in-kaysville-utah/;0;1;0;6;;
lennox fireplace service near me;https://fireplacesutah.com/fireplace-repair-service/;0;4;0;3;;
lennox fireplace service near me;https://fireplacesutah.com/fireplace-services-in-bountiful-utah/;0;1;0;12;;
lennox fireplace service near me;https://fireplacesutah.com/fireplace-services-in-south-jordan-utah/;0;1;0;7;;
lennox fireplaces;https://fireplacesutah.com/;0;1;0;4;;
licensed fireplace installer;https://fireplacesutah.com/fireplace-repair-service/;0;1;0;91;;
licensed gas fireplace technician;https://fireplacesutah.com/fireplace-repair-service/;0;2;0;8.5;;
lifespan of gas fireplace;https://fireplacesutah.com/gas-fireplace-lifespan-factors-blower-pilot-maintenance/;0;5;0;12.6;;
light a gas fireplace;https://fireplacesutah.com/steps-for-cleaning-and-maintaining-gas-fireplaces-part-1/;0;1;0;1;;
light it up fireplace service & repair;https://fireplacesutah.com/fireplace-repair-service/;0;2;0;88.5;;
lighter pine wood;https://fireplacesutah.com/fire-pit-use-tips-igniting-and-putting-out-wood-fires/;0;1;0;1;;
lighting a gas fireplace for the first time;https://fireplacesutah.com/easy-steps-to-start-a-gas-fireplace/;0;2;0;1;;
litting fire;https://fireplacesutah.com/fire-pit-use-tips-igniting-and-putting-out-wood-fires/;0;1;0;1;;
local fireplace companies;https://fireplacesutah.com/fireplace-services-in-riverton-utah/;0;1;0;7;;
local fireplace experts;https://fireplacesutah.com/;0;1;0;10;;
local fireplace experts;https://fireplacesutah.com/fireplace-services-in-riverton-utah/;0;1;0;4;;
local fireplace repair;https://fireplacesutah.com/fireplace-repair-service/;0;2;0;7.5;;
local gas fireplace installers;https://fireplacesutah.com/fireplace-repair-service/;0;1;0;1;;
local gas fireplace repair;https://fireplacesutah.com/fireplace-repair-service/;0;3;0;4;;
local heating contractor bluffdale ut;https://fireplacesutah.com/fireplace-services-in-bluffdale-utah/;0;1;0;71;;
log company leeton ut;https://fireplacesutah.com/layton-utah-fireplace-contractor/;0;4;0;28.25;;
log electrical;https://fireplacesutah.com/basics-electric-fireplace-logs/;0;1;0;77;;
log fire fan;https://fireplacesutah.com/fireplace-blowers-basics-and-how-they-work/;0;1;0;1;;
log supplier tridell ut;https://fireplacesutah.com/log-sets/;0;2;0;22;;
logs for fire place;https://fireplacesutah.com/log-sets/;0;1;0;57;;
loud fireplace fan;https://fireplacesutah.com/fireplace-blowers-answering-common-questions/;0;5;0;2.6;;
love's fireplaces;https://fireplacesutah.com/electric-fireplaces/;0;1;0;11;;
love's fireplaces;https://fireplacesutah.com/fireplaces-fire-pits-wood-stoves-in-park-city-utah/;0;1;0;10;;
love's fireplaces;https://fireplacesutah.com/indoor-outdoor-fireplaces-in-salt-lake-city-utah/;0;1;0;8;;
loves fireplace utah;https://fireplacesutah.com/indoor-outdoor-fireplaces-in-salt-lake-city-utah/;0;9;0;8.222.222.222.222.220;;
low humidity;https://fireplacesutah.com/signs-causes-remedies-low-humidity/;0;55;0;8.987.272.727.272.720;;
low humidity meaning;https://fireplacesutah.com/signs-causes-remedies-low-humidity/;0;1;0;95;;
low humidity problems;https://fireplacesutah.com/signs-causes-remedies-low-humidity/;0;2;0;86;;
low humidity signs;https://fireplacesutah.com/signs-causes-remedies-low-humidity/;0;2;0;9;;
low humidity symptoms;https://fireplacesutah.com/signs-causes-remedies-low-humidity/;0;11;0;6.009.090.909.090.900;;
low voltage thermostat for gas fireplace;https://fireplacesutah.com/benefits-of-a-thermostat-for-gas-fireplaces/;0;1;0;1;;
lowes fireplace blower;https://fireplacesutah.com/fireplace-blowers-basics-and-how-they-work/;0;1;0;5;;
lowes fireplace electric;https://fireplacesutah.com/fireplace-services-in-bluffdale-utah/;0;1;0;1;;
luxury electric fireplace insert utah;https://fireplacesutah.com/;0;10;0;31.9;;
luxury electric fireplace insert utah;https://fireplacesutah.com/electric-fireplaces/;0;6;0;8.016.666.666.666.660;;
luxury electric fireplace insert utah;https://fireplacesutah.com/traditional-gas-fireplaces/;0;2;0;96.5;;
luxury fireplace installation utah;https://fireplacesutah.com/;0;8;0;11.125;;
luxury fireplace installation utah;https://fireplacesutah.com/build-your-fireplace/;0;5;0;11;;
luxury fireplace installation utah;https://fireplacesutah.com/indoor-outdoor-fireplaces-in-salt-lake-city-utah/;0;7;0;6.628.571.428.571.420;;
luxury fireplace installation utah;https://fireplacesutah.com/products/;0;5;0;11;;
luxury fireplace installation utah;https://fireplacesutah.com/reviews/;0;5;0;11;;
luxury fireplace installation utah;https://fireplacesutah.com/specials/;0;5;0;11;;
luxury fireplaces utah;https://fireplacesutah.com/;0;7;0;7.457.142.857.142.850;;
luxury fireplaces utah;https://fireplacesutah.com/product/truflame-direct-vent-luxury-fireplaces/;0;7;0;43.857.142.857.142.800;;
luxury fireplaces utah;https://fireplacesutah.com/traditional-gas-fireplaces/;0;8;0;12.5;;
luxury gas fireplace insert utah;https://fireplacesutah.com/;0;10;0;43.9;;
luxury gas fireplace insert utah;https://fireplacesutah.com/fireplace-design-installation-in-ogden-utah;0;2;0;99;;
luxury gas fireplace insert utah;https://fireplacesutah.com/traditional-gas-fireplaces/;0;9;0;11;;
magikflame dealers near me;https://fireplacesutah.com/;0;1;0;11;;
magnetic fireplace draft stoppers;https://fireplacesutah.com/fireplace-installation-terms-chase-clearances-cool-wall/;0;1;0;6;;
maintain gas fireplace;https://fireplacesutah.com/how-to-clean-your-gas-fireplace-safely-and-effectively/;0;1;0;87;;
maintain gas fireplace;https://fireplacesutah.com/steps-for-cleaning-and-maintaining-gas-fireplaces-part-1/;0;1;0;97;;
maintaining gas fireplace;https://fireplacesutah.com/steps-for-cleaning-and-maintaining-gas-fireplaces-part-1/;0;9;0;57.666.666.666.666.600;;
maintaining gas fireplace;https://fireplacesutah.com/steps-for-cleaning-and-maintaining-gas-fireplaces-part-2/;0;5;0;88.2;;
maintenance for gas fireplace;https://fireplacesutah.com/steps-for-cleaning-and-maintaining-gas-fireplaces-part-1/;0;15;0;67.8;;
maintenance for gas fireplace;https://fireplacesutah.com/steps-for-cleaning-and-maintaining-gas-fireplaces-part-2/;0;15;0;8.066.666.666.666.660;;
maintenance gas fireplace;https://fireplacesutah.com/steps-for-cleaning-and-maintaining-gas-fireplaces-part-1/;0;12;0;6.708.333.333.333.330;;
maintenance gas fireplace;https://fireplacesutah.com/steps-for-cleaning-and-maintaining-gas-fireplaces-part-2/;0;5;0;75.2;;
maintenance of gas fireplace;https://fireplacesutah.com/steps-for-cleaning-and-maintaining-gas-fireplaces-part-1/;0;17;0;8.617.647.058.823.520;;
maintenance of gas fireplace;https://fireplacesutah.com/steps-for-cleaning-and-maintaining-gas-fireplaces-part-2/;0;2;0;93.5;;
maintenance of gas logs;https://fireplacesutah.com/steps-for-cleaning-and-maintaining-gas-fireplaces-part-1/;0;1;0;99;;
maintenance on a gas fireplace;https://fireplacesutah.com/steps-for-cleaning-and-maintaining-gas-fireplaces-part-1/;0;28;0;62.714.285.714.285.700;;
maintenance on a gas fireplace;https://fireplacesutah.com/steps-for-cleaning-and-maintaining-gas-fireplaces-part-2/;0;3;0;7.633.333.333.333.330;;
maintenance on gas fireplace;https://fireplacesutah.com/steps-for-cleaning-and-maintaining-gas-fireplaces-part-1/;0;4;0;87.75;;
maintenance on gas fireplace;https://fireplacesutah.com/steps-for-cleaning-and-maintaining-gas-fireplaces-part-2/;0;5;0;70.4;;
majestic fireplace how to turn on;https://fireplacesutah.com/easy-steps-to-start-a-gas-fireplace/;0;5;0;2;;
majestic fireplace service near me;https://fireplacesutah.com/herriman-utah-fireplace-design-installation-repair/;0;2;0;12;;
majestic gas fireplace fan not working;https://fireplacesutah.com/five-signs-fireplace-needs-professional-service/;0;1;0;3;;
majestic gas fireplace how to start;https://fireplacesutah.com/easy-steps-to-start-a-gas-fireplace/;0;1;0;40;;
mantel fireplace near me;https://fireplacesutah.com/fireplace-mantels/;0;4;0;10;;
mantel near me;https://fireplacesutah.com/fireplace-mantels/;0;3;0;12;;
mantel store near me;https://fireplacesutah.com/;0;2;0;12;;
mantel surround englewood;https://fireplacesutah.com/fireplace-mantels/;0;19;0;6.763.157.894.736.840;;
mantels near me;https://fireplacesutah.com/fireplace-mantels/;0;7;0;8.285.714.285.714.280;;
mantles near me;https://fireplacesutah.com/fireplace-mantels/;0;2;0;11.5;;
manual air blower for fireplace;https://fireplacesutah.com/fireplace-blowers-basics-and-how-they-work/;0;2;0;3.5;;
manual override key;https://fireplacesutah.com/easy-steps-to-start-a-gas-fireplace/;0;1;0;1;;
manual start gas fireplace;https://fireplacesutah.com/easy-steps-to-start-a-gas-fireplace/;0;1;0;96;;
maple mountain fireplace;https://fireplacesutah.com/;0;3;0;7.533.333.333.333.330;;
maple mountain fireplaces;https://fireplacesutah.com/;0;2;0;73.5;;
masonry fireplace blower;https://fireplacesutah.com/fireplace-blowers-answering-common-questions/;0;10;0;1;;
masonry fireplace blower system;https://fireplacesutah.com/fireplace-blowers-basics-and-how-they-work/;0;2;0;2.5;;
masonry fireplace contractors near me;https://fireplacesutah.com/indoor-outdoor-fireplaces-in-salt-lake-city-utah/;0;1;0;10;;
meaning of fire place;https://fireplacesutah.com/understanding-meaning-and-importance-of-fireplace-btus/;0;10;0;2.2;;
meaning of fireplace;https://fireplacesutah.com/understanding-meaning-and-importance-of-fireplace-btus/;0;233;0;6.613.733.905.579.390;;
mendota fireplace dealers near me;https://fireplacesutah.com/;0;1;0;12;;
mendota fireplaces;https://fireplacesutah.com/;0;1;0;2;;
mental for fireplace;https://fireplacesutah.com/fireplace-mantels/;0;27;0;5.851.851.851.851.850;;
michiana fireplace and home center;https://fireplacesutah.com/;0;1;0;64;;
modern flames dealers near me;https://fireplacesutah.com/fireplace-design-installation-in-ogden-utah/;0;1;0;12;;
montigo fireplace repair near me;https://fireplacesutah.com/fireplace-repair-service/;0;1;0;10;;
montigo fireplace repair near me;https://fireplacesutah.com/fireplace-services-in-south-jordan-utah/;0;1;0;8;;
morgan fire restoration;https://fireplacesutah.com/fireplace-design-installation-in-morgan-utah/;0;1;0;16;;
motor for fireplace;https://fireplacesutah.com/fireplace-blowers-basics-and-how-they-work/;0;1;0;2;;
my electric fireplace is making a clicking noise;https://fireplacesutah.com/five-signs-fireplace-needs-professional-service/;0;3;0;1;;
my electric fireplace is making noise;https://fireplacesutah.com/five-signs-fireplace-needs-professional-service/;0;3;0;1;;
my electric fireplace smells like burning;https://fireplacesutah.com/five-signs-fireplace-needs-professional-service/;0;30;0;1;;
my electric fireplace won't light up;https://fireplacesutah.com/five-signs-fireplace-needs-professional-service/;0;10;0;1;;
my gas fireplace keeps going out;https://fireplacesutah.com/gas-fireplace-lifespan-factors-blower-pilot-maintenance/;0;1;0;3;;
my gas fireplace pilot light went out;https://fireplacesutah.com/five-signs-fireplace-needs-professional-service/;0;1;0;1;;
my gas fireplace repair;https://fireplacesutah.com/fireplace-repair-service/;0;1;0;9;;
napoleon ascent 36;https://fireplacesutah.com/product/ascent-36/;0;1;0;10;;
napoleon ascent 36 gas fireplace;https://fireplacesutah.com/product/ascent-36/;0;1;0;14;;
napoleon fireplace;https://fireplacesutah.com/;0;1;0;3;;
napoleon fireplace dealer near me;https://fireplacesutah.com/fireplace-design-installation-in-ogden-utah;0;1;0;9;;
napoleon fireplace dealer near me;https://fireplacesutah.com/fireplace-design-installation-in-ogden-utah/;0;1;0;8;;
napoleon fireplace dealers utah;https://fireplacesutah.com/fireplace-design-installation-in-ogden-utah;0;1;0;41;;
napoleon fireplace dealers utah;https://fireplacesutah.com/fireplace-design-installation-in-ogden-utah/;0;1;0;39;;
napoleon fireplace dealers utah;https://fireplacesutah.com/fireplace-repair-service/;0;1;0;20;;
napoleon fireplace fan replacement;https://fireplacesutah.com/fireplace-blowers-basics-and-how-they-work/;0;1;0;1;;
napoleon fireplace repair;https://fireplacesutah.com/fireplace-repair-service/;0;4;0;5.25;;
napoleon fireplace repair near me;https://fireplacesutah.com/fireplace-repair-service/;0;3;0;4;;
napoleon fireplace service;https://fireplacesutah.com/gas-fireplace-lifespan-factors-blower-pilot-maintenance/;0;1;0;3;;
napoleon fireplace service near me;https://fireplacesutah.com/;0;1;0;1;;
napoleon fireplace service near me;https://fireplacesutah.com/fireplace-repair-service/;0;2;0;3;;
napoleon fireplace service near me;https://fireplacesutah.com/fireplace-services-in-draper-utah/;0;1;0;10;;
napoleon gas fireplace dealers near me;https://fireplacesutah.com/fireplace-design-installation-in-ogden-utah;0;1;0;7;;
napoleon gas fireplace repair near me;https://fireplacesutah.com/fireplace-design-installation-in-ogden-utah/;0;1;0;5;;
napoleon gas fireplace repair near me;https://fireplacesutah.com/fireplace-repair-service/;0;2;0;5;;
napoleon gas fireplace service near me;https://fireplacesutah.com/fireplace-repair-service/;0;2;0;4;;
natural gas btus;https://fireplacesutah.com/understanding-meaning-and-importance-of-fireplace-btus/;0;1;0;72;;
natural gas fire pit park city ut;https://fireplacesutah.com/fireplaces-fire-pits-wood-stoves-in-park-city-utah/;0;5;0;6.8;;
natural gas fire pit park city ut;https://fireplacesutah.com/sandy-utah-fireplace-contractor/;0;3;0;37.666.666.666.666.600;;
natural gas fireplace btu;https://fireplacesutah.com/understanding-meaning-and-importance-of-fireplace-btus/;0;3;0;1;;
natural gas fireplace insert;https://fireplacesutah.com/safety-precautions-for-gas-fireplace-use/;0;1;0;3;;
natural gas fireplace inserts near me;https://fireplacesutah.com/fireplace-design-installation-in-ogden-utah/;0;1;0;1;;
natural gas fireplace installers near me;https://fireplacesutah.com/fireplace-design-installation-in-ogden-utah;0;8;0;7.625;;
natural gas fireplace installers near me;https://fireplacesutah.com/fireplace-design-installation-in-ogden-utah/;0;9;0;1.877.777.777.777.770;;
natural gas fireplace installers near me;https://fireplacesutah.com/layton-utah-fireplace-contractor/;0;3;0;4.333.333.333.333.330;;
natural gas fireplace keeps going out;https://fireplacesutah.com/five-signs-fireplace-needs-professional-service/;0;1;0;1;;
natural gas fireplace pilot assembly;https://fireplacesutah.com/gas-fireplace-lifespan-factors-blower-pilot-maintenance/;0;1;0;6;;
natural gas fireplace repair;https://fireplacesutah.com/fireplace-repair-service/;0;6;0;37.5;;
natural gas fireplace repair near me;https://fireplacesutah.com/fireplace-services-in-south-jordan-utah/;0;1;0;4;;
natural gas fireplace service near me;https://fireplacesutah.com/fireplace-services-in-bluffdale-utah/;0;3;0;7.866.666.666.666.660;;
natural gas fireplace service near me;https://fireplacesutah.com/fireplace-services-in-kaysville-utah/;0;1;0;6;;
natural gas fireplace service near me;https://fireplacesutah.com/fireplace-services-in-roy-utah/;0;1;0;10;;
natural gas fireplace with thermostat;https://fireplacesutah.com/benefits-of-a-thermostat-for-gas-fireplaces/;0;2;0;16.5;;
natural gas grill installation near me;https://fireplacesutah.com/;0;1;0;20;;
natural gas heater;https://fireplacesutah.com/differences-vented-vent-free-fireplaces/;0;1;0;1;;
natural gas heater with thermostat;https://fireplacesutah.com/benefits-of-a-thermostat-for-gas-fireplaces/;0;1;0;1;;
natural gas pilot light assembly;https://fireplacesutah.com/gas-fireplace-lifespan-factors-blower-pilot-maintenance/;0;1;0;2;;
natural gas vented fireplace;https://fireplacesutah.com/differences-vented-vent-free-fireplaces/;0;1;0;3;;
nearest fireplace store;https://fireplacesutah.com/;0;1;0;10;;
new electric fireplace smell;https://fireplacesutah.com/five-signs-fireplace-needs-professional-service/;0;1;0;1;;
new fireplace installation;https://fireplacesutah.com/fireplace-installation-guide/;0;11;0;4.381.818.181.818.180;;
new fireplace installation;https://fireplacesutah.com/stages-of-fireplace-installation/;0;23;0;6.430.434.782.608.690;;
new gas fireplace utah;http://fireplacesutah.com/safety-precautions-for-gas-fireplace-use/;0;1;0;36;;
new gas fireplace utah;https://fireplacesutah.com/;0;8;0;7;;
new gas fireplace utah;https://fireplacesutah.com/layton-utah-fireplace-contractor/;0;8;0;61.75;;
new gas fireplace utah;https://fireplacesutah.com/log-sets/;0;7;0;8.271.428.571.428.570;;
new wood burner smell dangerous;https://fireplacesutah.com/five-signs-fireplace-needs-professional-service/;0;1;0;1;;
noisy fireplace blower;https://fireplacesutah.com/fireplace-blowers-answering-common-questions/;0;1;0;22;;
noisy fireplace fan;https://fireplacesutah.com/fireplace-blowers-answering-common-questions/;0;3;0;13.333.333.333.333.300;;
non combustible;https://fireplacesutah.com/non-combustible-utah-fireplace-materials-basics-and-necessity/;0;2;0;77;;
non combustible board for fireplace;https://fireplacesutah.com/non-combustible-utah-fireplace-materials-basics-and-necessity/;0;4;0;26.25;;
non combustible drywall for fireplace;https://fireplacesutah.com/fireplace-installation-terms-chase-clearances-cool-wall/;0;1;0;1;;
non combustible drywall for fireplace;https://fireplacesutah.com/non-combustible-utah-fireplace-materials-basics-and-necessity/;0;1;0;72;;
non combustible fireplace material;https://fireplacesutah.com/non-combustible-utah-fireplace-materials-basics-and-necessity/;0;18;0;6.666.666.666.666.660;;
non combustible fireplace surround material;https://fireplacesutah.com/non-combustible-utah-fireplace-materials-basics-and-necessity/;0;7;0;16.142.857.142.857.100;;
non combustible hearth;https://fireplacesutah.com/non-combustible-utah-fireplace-materials-basics-and-necessity/;0;34;0;10.294.117.647.058.800;;
non combustible material;https://fireplacesutah.com/non-combustible-utah-fireplace-materials-basics-and-necessity/;0;16;0;555.625;;
non combustible material for fireplace;https://fireplacesutah.com/non-combustible-utah-fireplace-materials-basics-and-necessity/;0;58;0;31.379.310.344.827.500;;
non combustible material for fireplace surround;https://fireplacesutah.com/non-combustible-utah-fireplace-materials-basics-and-necessity/;0;6;0;10;;
non combustible materials;https://fireplacesutah.com/non-combustible-utah-fireplace-materials-basics-and-necessity/;0;57;0;3.005.263.157.894.730;;
non combustible materials for fireplace;https://fireplacesutah.com/non-combustible-utah-fireplace-materials-basics-and-necessity/;0;37;0;7.081.081.081.081.080;;
non combustible materials for fireplace surround;https://fireplacesutah.com/non-combustible-utah-fireplace-materials-basics-and-necessity/;0;31;0;8.064.516.129.032.250;;
non combustible materials for gas fireplace surround;https://fireplacesutah.com/non-combustible-utah-fireplace-materials-basics-and-necessity/;0;2;0;8.5;;
non combustible sheet materials;https://fireplacesutah.com/non-combustible-utah-fireplace-materials-basics-and-necessity/;0;3;0;19.666.666.666.666.600;;
non combustion;https://fireplacesutah.com/non-combustible-utah-fireplace-materials-basics-and-necessity/;0;1;0;28;;
non-combustible hearth;https://fireplacesutah.com/non-combustible-utah-fireplace-materials-basics-and-necessity/;0;28;0;11.428.571.428.571.400;;
non-combustible material;https://fireplacesutah.com/non-combustible-utah-fireplace-materials-basics-and-necessity/;0;1;0;54;;
non-combustible materials;https://fireplacesutah.com/non-combustible-utah-fireplace-materials-basics-and-necessity/;0;4;0;14.25;;
non-combustible meaning;https://fireplacesutah.com/non-combustible-utah-fireplace-materials-basics-and-necessity/;0;1;0;73;;
noncombustible examples;https://fireplacesutah.com/non-combustible-utah-fireplace-materials-basics-and-necessity/;0;10;0;51.3;;
noncombustible material;https://fireplacesutah.com/non-combustible-utah-fireplace-materials-basics-and-necessity/;0;1;0;56;;
northern fireplaces;https://fireplacesutah.com/indoor-outdoor-fireplaces-in-salt-lake-city-utah/;0;1;0;57;;
odor from fireplace;https://fireplacesutah.com/avoiding-fireplace-odors-vinegar-charcoal-inspection/;0;5;0;16;;
of a fire;https://fireplacesutah.com/wp-content/uploads/2023/04/fire-pit-use-wood.jpg;0;1;0;1;;
oj fireplaces;https://fireplacesutah.com/;0;2;0;53;;
old fire blower;https://fireplacesutah.com/fireplace-blowers-basics-and-how-they-work/;0;2;0;2;;
old fireplace blower;https://fireplacesutah.com/fireplace-blowers-basics-and-how-they-work/;0;3;0;2;;
old gas fireplace won't light;https://fireplacesutah.com/five-signs-fireplace-needs-professional-service/;0;1;0;1;;
on a gas fireplace which way does the knob need to be turned for the gas flow;https://fireplacesutah.com/easy-steps-to-start-a-gas-fireplace/;0;48;0;31.875;;
open fire fan;https://fireplacesutah.com/fireplace-blowers-basics-and-how-they-work/;0;3;0;1;;
open fire fan blower;https://fireplacesutah.com/fireplace-blowers-answering-common-questions/;0;5;0;1.8;;
open fireplace blower;https://fireplacesutah.com/fireplace-blowers-answering-common-questions/;0;6;0;1;;
open fireplace dimensions;https://fireplacesutah.com/wp-content/uploads/2019/10/framing-FF-H-wood.pdf;0;6;0;9.783.333.333.333.330;;
open fireplace fan blower;https://fireplacesutah.com/fireplace-blowers-answering-common-questions/;0;1;0;1;;
operating gas fireplace;https://fireplacesutah.com/easy-steps-to-start-a-gas-fireplace/;0;2;0;36.5;;
oslo wood stove;https://fireplacesutah.com/product/jotul-f-500-v3-oslo/;0;2;0;59;;
outdoor comfort solutions;https://fireplacesutah.com/;0;4;0;83.5;;
outdoor fire pit contractors herriman ut;https://fireplacesutah.com/custom-fireplace-design-installation-in-west-jordan-utah/;0;3;0;18.666.666.666.666.600;;
outdoor fire pit contractors herriman ut;https://fireplacesutah.com/fireplace-design-installation-in-morgan-utah/;0;2;0;30.5;;
outdoor fire pit contractors herriman ut;https://fireplacesutah.com/herriman-utah-fireplace-design-installation-repair/;0;6;0;4.666.666.666.666.660;;
outdoor fire pit contractors herriman ut;https://fireplacesutah.com/indoor-outdoor-fireplaces-in-salt-lake-city-utah/;0;1;0;51;;
outdoor fire pit contractors herriman ut;https://fireplacesutah.com/murray-utah-fireplaces-fire-pits-wood-stoves/;0;1;0;42;;
outdoor fire pit installers herriman ut;https://fireplacesutah.com/custom-fireplace-design-installation-in-west-jordan-utah/;0;7;0;18.714.285.714.285.700;;
outdoor fire pit installers herriman ut;https://fireplacesutah.com/fireplace-services-in-bluffdale-utah/;0;2;0;50;;
outdoor fire pit installers herriman ut;https://fireplacesutah.com/fireplaces-fire-pits-wood-stoves-in-park-city-utah/;0;1;0;93;;
outdoor fire pit installers herriman ut;https://fireplacesutah.com/herriman-utah-fireplace-design-installation-repair/;0;11;0;3;;
outdoor fire pit installers herriman ut;https://fireplacesutah.com/indoor-outdoor-fireplaces-in-salt-lake-city-utah/;0;3;0;51.666.666.666.666.600;;
outdoor fire pit installers herriman ut;https://fireplacesutah.com/sandy-utah-fireplace-contractor/;0;2;0;30.5;;
outdoor fire pit installers near me;https://fireplacesutah.com/fireplaces-fire-pits-wood-stoves-in-park-city-utah/;0;2;0;7;;
outdoor fire pit park city ut;https://fireplacesutah.com/fireplaces-fire-pits-wood-stoves-in-park-city-utah/;0;20;0;11.2;;
outdoor fire pit repair near me;https://fireplacesutah.com/fireplace-repair-service/;0;2;0;10.5;;
outdoor fire pit repair near me;https://fireplacesutah.com/fireplaces-fire-pits-wood-stoves-in-park-city-utah/;0;1;0;10;;
outdoor fire pits utah;https://fireplacesutah.com/indoor-outdoor-fireplaces-in-salt-lake-city-utah/;0;12;0;69.75;;
outdoor fire stick;https://fireplacesutah.com/fire-pit-use-tips-igniting-and-putting-out-wood-fires/;0;1;0;1;;
outdoor fireplace blower;https://fireplacesutah.com/fireplace-blowers-answering-common-questions/;0;12;0;1;;
outdoor fireplace builders near me;https://fireplacesutah.com/layton-utah-fireplace-contractor/;0;1;0;6;;
outdoor fireplace companies near me;https://fireplacesutah.com/indoor-outdoor-fireplaces-in-salt-lake-city-utah/;0;1;0;19;;
outdoor fireplace contractor;https://fireplacesutah.com/sandy-utah-fireplace-contractor/;0;1;0;89;;
outdoor fireplace contractors;https://fireplacesutah.com/;0;2;0;10.5;;
outdoor fireplace contractors near me;https://fireplacesutah.com/;0;2;0;10.5;;
outdoor fireplace contractors near me;https://fireplacesutah.com/indoor-outdoor-fireplaces-in-salt-lake-city-utah/;0;1;0;36;;
outdoor fireplace contractors near me;https://fireplacesutah.com/sandy-utah-fireplace-contractor/;0;1;0;10;;
outdoor fireplace insert utah;https://fireplacesutah.com/;0;9;0;6.888.888.888.888.880;;
outdoor fireplace insert utah;https://fireplacesutah.com/build-your-fireplace/;0;7;0;7.285.714.285.714.280;;
outdoor fireplace insert utah;https://fireplacesutah.com/fireplace-design-installation-in-morgan-utah/;0;8;0;46.125;;
outdoor fireplace insert utah;https://fireplacesutah.com/fireplace-design-installation-in-ogden-utah;0;5;0;23.4;;
outdoor fireplace insert utah;https://fireplacesutah.com/fireplace-design-installation-in-ogden-utah/;0;3;0;26.666.666.666.666.600;;
outdoor fireplace insert utah;https://fireplacesutah.com/indoor-outdoor-fireplaces-in-salt-lake-city-utah/;0;9;0;6.811.111.111.111.110;;
outdoor fireplace insert utah;https://fireplacesutah.com/layton-utah-fireplace-contractor/;0;8;0;46.5;;
outdoor fireplace insert utah;https://fireplacesutah.com/products/;0;7;0;7.285.714.285.714.280;;
outdoor fireplace insert utah;https://fireplacesutah.com/reviews/;0;7;0;7.285.714.285.714.280;;
outdoor fireplace insert utah;https://fireplacesutah.com/specials/;0;7;0;7.285.714.285.714.280;;
outdoor fireplace installation lake forest;https://fireplacesutah.com/fireplace-design-installation-in-ogden-utah;0;1;0;54;;
outdoor fireplace installation lake forest;https://fireplacesutah.com/fireplace-design-installation-in-ogden-utah/;0;1;0;63;;
outdoor fireplace installation near me;https://fireplacesutah.com/fireplace-design-installation-in-ogden-utah;0;68;0;635.735.294.117.647;;
outdoor fireplace installation near me;https://fireplacesutah.com/fireplace-design-installation-in-ogden-utah/;0;95;0;538.421.052.631.579;;
outdoor fireplace installation near me;https://fireplacesutah.com/indoor-outdoor-fireplaces-in-salt-lake-city-utah/;0;68;0;5.488.235.294.117.640;;
outdoor fireplace installations utah;https://fireplacesutah.com/;0;9;0;11.555.555.555.555.500;;
outdoor fireplace installations utah;https://fireplacesutah.com/build-your-fireplace/;0;2;0;13;;
outdoor fireplace installations utah;https://fireplacesutah.com/custom-fireplace-design-installation-in-west-jordan-utah/;0;11;0;36;;
outdoor fireplace installations utah;https://fireplacesutah.com/fireplace-design-installation-in-morgan-utah/;0;9;0;38.333.333.333.333.300;;
outdoor fireplace installations utah;https://fireplacesutah.com/fireplace-design-installation-in-ogden-utah;0;7;0;44.285.714.285.714.200;;
outdoor fireplace installations utah;https://fireplacesutah.com/fireplace-design-installation-in-ogden-utah/;0;3;0;60.666.666.666.666.600;;
outdoor fireplace installations utah;https://fireplacesutah.com/indoor-outdoor-fireplaces-in-salt-lake-city-utah/;0;2;0;91;;
outdoor fireplace installations utah;https://fireplacesutah.com/layton-utah-fireplace-contractor/;0;9;0;5.555.555.555.555.550;;
outdoor fireplace installations utah;https://fireplacesutah.com/products/;0;2;0;13;;
outdoor fireplace installations utah;https://fireplacesutah.com/reviews/;0;2;0;13;;
outdoor fireplace installations utah;https://fireplacesutah.com/sandy-utah-fireplace-contractor/;0;10;0;49.9;;
outdoor fireplace installations utah;https://fireplacesutah.com/specials/;0;2;0;13;;
outdoor fireplace installer;https://fireplacesutah.com/indoor-outdoor-fireplaces-in-salt-lake-city-utah/;0;1;0;79;;
outdoor fireplace installers near me;https://fireplacesutah.com/fireplace-design-installation-in-ogden-utah;0;4;0;56;;
outdoor fireplace installers near me;https://fireplacesutah.com/fireplace-design-installation-in-ogden-utah/;0;1;0;13;;
outdoor fireplace ogden nc;https://fireplacesutah.com/fireplace-design-installation-in-ogden-utah/;0;1;0;68;;
outdoor fireplace repair near me;https://fireplacesutah.com/fireplace-repair-service/;0;1;0;7;;
outdoor fireplace sandy;https://fireplacesutah.com/;0;12;0;15.583.333.333.333.300;;
outdoor fireplace sandy;https://fireplacesutah.com/sandy-utah-fireplace-contractor/;0;22;0;4.909.090.909.090.900;;
outdoor fireplace services;https://fireplacesutah.com/;0;1;0;10;;
outdoor fireplace services;https://fireplacesutah.com/fireplace-repair-service/;0;1;0;96;;
outdoor fireplace setup utah;https://fireplacesutah.com/custom-fireplace-design-installation-in-west-jordan-utah/;0;4;0;18.25;;
outdoor fireplace setup utah;https://fireplacesutah.com/fireplace-design-installation-in-morgan-utah/;0;4;0;54.5;;
outdoor fireplace setup utah;https://fireplacesutah.com/fireplace-design-installation-in-ogden-utah;0;4;0;43.75;;
outdoor fireplace setup utah;https://fireplacesutah.com/fireplaces-fire-pits-wood-stoves-in-park-city-utah/;0;1;0;92;;
outdoor fireplace setup utah;https://fireplacesutah.com/indoor-outdoor-fireplaces-in-salt-lake-city-utah/;0;1;0;83;;
outdoor fireplace setup utah;https://fireplacesutah.com/layton-utah-fireplace-contractor/;0;2;0;86;;
outdoor fireplace setup utah;https://fireplacesutah.com/sandy-utah-fireplace-contractor/;0;3;0;28.666.666.666.666.600;;
outdoor fireplace south salt lake city ut;https://fireplacesutah.com/;0;1;0;22;;
outdoor fireplace south salt lake city ut;https://fireplacesutah.com/custom-fireplace-design-installation-in-west-jordan-utah/;0;2;0;33.5;;
outdoor fireplace south salt lake city ut;https://fireplacesutah.com/fireplace-design-installation-in-morgan-utah/;0;1;0;35;;
outdoor fireplace south salt lake city ut;https://fireplacesutah.com/indoor-outdoor-fireplaces-in-salt-lake-city-utah/;0;2;0;9;;
outdoor fireplace stores near me;https://fireplacesutah.com/;0;2;0;12;;
outdoor fireplace utah;https://fireplacesutah.com/;0;6;0;35.666.666.666.666.600;;
outdoor fireplace utah;https://fireplacesutah.com/fireplace-design-installation-in-morgan-utah/;0;3;0;23;;
outdoor fireplace utah;https://fireplacesutah.com/fireplace-design-installation-in-ogden-utah/;0;2;0;31.5;;
outdoor fireplace utah;https://fireplacesutah.com/indoor-outdoor-fireplaces-in-salt-lake-city-utah/;0;16;0;190.625;;
outdoor fireplace utah;https://fireplacesutah.com/sandy-utah-fireplace-contractor/;0;2;0;27;;
outdoor fireplaces near me;https://fireplacesutah.com/;0;1;0;23;;
outdoor fireplaces utah;https://fireplacesutah.com/;0;106;0;5.027.358.490.566.030;;
outdoor fireplaces utah;https://fireplacesutah.com/custom-fireplace-design-installation-in-west-jordan-utah/;0;16;0;60.625;;
outdoor fireplaces utah;https://fireplacesutah.com/envira/outdoor-fireplaces/;0;28;0;63.392.857.142.857.100;;
outdoor fireplaces utah;https://fireplacesutah.com/fireplace-design-installation-in-morgan-utah/;0;91;0;27.373.626.373.626.300;;
outdoor fireplaces utah;https://fireplacesutah.com/fireplace-design-installation-in-ogden-utah;0;45;0;3.886.666.666.666.660;;
outdoor fireplaces utah;https://fireplacesutah.com/fireplace-design-installation-in-ogden-utah/;0;69;0;382.463.768.115.942;;
outdoor fireplaces utah;https://fireplacesutah.com/indoor-outdoor-fireplaces-in-salt-lake-city-utah/;0;121;0;29.421.487.603.305.700;;
outdoor fireplaces utah;https://fireplacesutah.com/sandy-utah-fireplace-contractor/;0;4;0;80.25;;
outdoor gas fireplace repair;https://fireplacesutah.com/fireplace-repair-service/;0;7;0;12;;
outdoor kitchen installation herriman ut;https://fireplacesutah.com/herriman-utah-fireplace-design-installation-repair/;0;2;0;59.5;;
overheating;https://fireplacesutah.com/five-signs-fireplace-needs-professional-service/;0;1;0;1;;
park city ut fire;https://fireplacesutah.com/fireplaces-fire-pits-wood-stoves-in-park-city-utah/;0;1;0;92;;
park city utah fire;https://fireplacesutah.com/fireplaces-fire-pits-wood-stoves-in-park-city-utah/;0;1;0;55;;
parts of a fire pit;https://fireplacesutah.com/fire-pit-use-tips-igniting-and-putting-out-wood-fires/;0;2;0;80.5;;
parts of a fireplace;https://fireplacesutah.com/fireplace-installation-terms-finishing-flue-hearth-mantel/;0;1;0;2;;
parts of a pilot assembly;https://fireplacesutah.com/gas-fireplace-lifespan-factors-blower-pilot-maintenance/;0;1;0;3;;
patio fire pit park city ut;https://fireplacesutah.com/fireplaces-fire-pits-wood-stoves-in-park-city-utah/;0;67;0;8.522.388.059.701.490;;
patio installers herriman ut;https://fireplacesutah.com/herriman-utah-fireplace-design-installation-repair/;0;1;0;97;;
paver installation park city ut;https://fireplacesutah.com/fireplaces-fire-pits-wood-stoves-in-park-city-utah/;0;9;0;77;;
pellet stove companies near me;https://fireplacesutah.com/;0;1;0;10;;
pellet stove dealers in my area;https://fireplacesutah.com/;0;1;0;7;;
pellet stove dealers in my area;https://fireplacesutah.com/layton-utah-fireplace-contractor/;0;2;0;10;;
pellet stove fake logs;https://fireplacesutah.com/log-sets/;0;1;0;41;;
pellet stove insert dealers near me;https://fireplacesutah.com/;0;1;0;13;;
pellet stove insert installation near me;https://fireplacesutah.com/;0;1;0;7;;
pellet stove install near me;https://fireplacesutah.com/;0;1;0;8;;
pellet stove installation near me;https://fireplacesutah.com/;0;5;0;10;;
pellet stove installers near me;https://fireplacesutah.com/;0;1;0;9;;
pellet stove installers near me;https://fireplacesutah.com/layton-utah-fireplace-contractor/;0;1;0;18;;
pellet stove sales and installation near me;https://fireplacesutah.com/;0;2;0;7;;
pellet stove service and repair near me;https://fireplacesutah.com/fireplace-services-in-west-valley-city-utah/;0;1;0;5;;
perfection supply fireplace;https://fireplacesutah.com/;0;1;0;87;;
person who repairs and maintains fireplaces;https://fireplacesutah.com/fireplace-repair-service/;0;1;0;6;;
peterson gas logs dealers near me;https://fireplacesutah.com/;0;1;0;1;;
pilot ass;https://fireplacesutah.com/gas-fireplace-lifespan-factors-blower-pilot-maintenance/;0;6;0;11.666.666.666.666.600;;
pilot assemblies;https://fireplacesutah.com/gas-fireplace-lifespan-factors-blower-pilot-maintenance/;0;5;0;1.2;;
pilot assembly;https://fireplacesutah.com/gas-fireplace-lifespan-factors-blower-pilot-maintenance/;0;143;0;1.118.881.118.881.110;;
pilot assembly fireplace;https://fireplacesutah.com/gas-fireplace-lifespan-factors-blower-pilot-maintenance/;0;1;0;1;;
pilot assembly for gas fireplace;https://fireplacesutah.com/gas-fireplace-lifespan-factors-blower-pilot-maintenance/;0;1;0;2;;
pilot assembly gas fireplace;https://fireplacesutah.com/gas-fireplace-lifespan-factors-blower-pilot-maintenance/;0;5;0;1.8;;
pilot assembly in fireplace replacement parts;https://fireplacesutah.com/gas-fireplace-lifespan-factors-blower-pilot-maintenance/;0;5;0;1.8;;
pilot assembly parts;https://fireplacesutah.com/gas-fireplace-lifespan-factors-blower-pilot-maintenance/;0;1;0;2;;
pilot assembly replacement;https://fireplacesutah.com/gas-fireplace-lifespan-factors-blower-pilot-maintenance/;0;66;0;14.242.424.242.424.200;;
pilot assembly replacement kit;https://fireplacesutah.com/gas-fireplace-lifespan-factors-blower-pilot-maintenance/;0;1;0;5;;
pilot burner assembly;https://fireplacesutah.com/gas-fireplace-lifespan-factors-blower-pilot-maintenance/;0;1;0;1;;
pilot hood assembly;https://fireplacesutah.com/gas-fireplace-lifespan-factors-blower-pilot-maintenance/;0;1;0;1;;
pilot light assembly for gas fireplace;https://fireplacesutah.com/gas-fireplace-lifespan-factors-blower-pilot-maintenance/;0;24;0;1;;
pilot light fireplace;https://fireplacesutah.com/gas-fireplace-lifespan-factors-blower-pilot-maintenance/;0;1;0;1;;
pilot light off on gas fireplace;https://fireplacesutah.com/five-signs-fireplace-needs-professional-service/;0;1;0;1;;
pilot light out on gas fireplace;https://fireplacesutah.com/five-signs-fireplace-needs-professional-service/;0;1;0;1;;
pilot system assembly;https://fireplacesutah.com/gas-fireplace-lifespan-factors-blower-pilot-maintenance/;0;2;0;1;;
pine kindling;https://fireplacesutah.com/fire-pit-use-tips-igniting-and-putting-out-wood-fires/;0;1;0;1;;
piolet assembly;https://fireplacesutah.com/gas-fireplace-lifespan-factors-blower-pilot-maintenance/;0;1;0;1;;
pleasant hearth vent free gas fireplace;https://fireplacesutah.com/differences-vented-vent-free-fireplaces/;0;1;0;2;;
plug in fireplace logs;https://fireplacesutah.com/basics-electric-fireplace-logs/;0;2;0;40.5;;
plug in logs for fireplace;https://fireplacesutah.com/basics-electric-fireplace-logs/;0;2;0;36;;
plumber for gas fireplace;https://fireplacesutah.com/fireplace-repair-service/;0;2;0;9.5;;
poor ventilation;https://fireplacesutah.com/avoiding-fireplace-odors-vinegar-charcoal-inspection/;0;1;0;1;;
porch wood burning stove;https://fireplacesutah.com/fireplaces-fire-pits-wood-stoves-in-park-city-utah/;0;1;0;92;;
porches sandy ut;https://fireplacesutah.com/sandy-utah-fireplace-contractor/;0;1;0;52;;
primary heat source;https://fireplacesutah.com/benefits-of-a-thermostat-for-gas-fireplaces/;0;1;0;6;;
products offered by fireplace showcase;https://fireplacesutah.com/fireplace-services-in-woods-cross-utah/;0;1;0;54;;
programmable thermostat for gas fireplace;https://fireplacesutah.com/benefits-of-a-thermostat-for-gas-fireplaces/;0;1;0;62;;
propane fire blower;https://fireplacesutah.com/fireplace-blowers-answering-common-questions/;0;1;0;1;;
propane fireplace blower;https://fireplacesutah.com/fireplace-blowers-answering-common-questions/;0;40;0;1;;
propane fireplace cleaning;https://fireplacesutah.com/how-to-clean-your-gas-fireplace-safely-and-effectively/;0;3;0;7.733.333.333.333.330;;
propane fireplace conversion;https://fireplacesutah.com/convert-your-fireplace/;0;4;0;18.25;;
propane fireplace insert blower;https://fireplacesutah.com/fireplace-blowers-answering-common-questions/;0;1;0;3;;
propane fireplace insert installation near me;https://fireplacesutah.com/fireplace-design-installation-in-ogden-utah;0;1;0;29;;
propane fireplace insert repair;https://fireplacesutah.com/fireplace-repair-service/;0;1;0;93;;
propane fireplace inspection near me;https://fireplacesutah.com/fireplace-repair-service/;0;1;0;9;;
propane fireplace installation near me;https://fireplacesutah.com/fireplace-design-installation-in-ogden-utah;0;5;0;26.8;;
propane fireplace installation near me;https://fireplacesutah.com/fireplace-design-installation-in-ogden-utah/;0;22;0;3.109.090.909.090.900;;
propane fireplace installers near me;https://fireplacesutah.com/fireplace-design-installation-in-ogden-utah;0;2;0;14.5;;
propane fireplace installers near me;https://fireplacesutah.com/fireplace-design-installation-in-ogden-utah/;0;5;0;21.2;;
propane fireplace maintenance near me;https://fireplacesutah.com/fireplace-services-in-bluffdale-utah/;0;1;0;84;;
propane fireplace repair;https://fireplacesutah.com/fireplace-repair-service/;0;2;0;6.5;;
propane fireplace repair near me;https://fireplacesutah.com/fireplace-services-in-south-jordan-utah/;0;1;0;6;;
propane fireplace service;https://fireplacesutah.com/fireplace-repair-service/;0;6;0;9.133.333.333.333.330;;
propane fireplace servicing;https://fireplacesutah.com/fireplace-repair-service/;0;1;0;94;;
propane fireplace thermostat;https://fireplacesutah.com/benefits-of-a-thermostat-for-gas-fireplaces/;0;7;0;4.242.857.142.857.140;;
propane fireplace troubleshooting;https://fireplacesutah.com/five-signs-fireplace-needs-professional-service/;0;1;0;1;;
propane fireplace vs electric;https://fireplacesutah.com/breaking-gas-vs-electric-fireplaces/;0;1;0;12;;
propane gas fireplace repair;https://fireplacesutah.com/fireplace-repair-service/;0;1;0;41;;
propane gas fireplace service near me;https://fireplacesutah.com/fireplace-design-installation-in-ogden-utah;0;1;0;6;;
propane gas stove installers near me;https://fireplacesutah.com/;0;46;0;2.626.086.956.521.730;;
propane gas stove installers near me;https://fireplacesutah.com/layton-utah-fireplace-contractor/;0;99;0;11.303.030.303.030.300;;
propane gas stove installers near me;https://fireplacesutah.com/murray-utah-fireplaces-fire-pits-wood-stoves/;0;1;0;7;;
propane heating stoves for sale near me;https://fireplacesutah.com/murray-utah-fireplaces-fire-pits-wood-stoves/;0;1;0;11;;
propane stove thermostat;https://fireplacesutah.com/benefits-of-a-thermostat-for-gas-fireplaces/;0;3;0;7.566.666.666.666.660;;
propane vs electric fireplace;https://fireplacesutah.com/breaking-gas-vs-electric-fireplaces/;0;2;0;12.5;;
protect baby from fireplace;https://fireplacesutah.com/basic-tips-on-how-to-baby-proof-your-fireplace-area/;0;1;0;50;;
pulseur d'air cheminee;https://fireplacesutah.com/fireplace-blowers-answering-common-questions/;0;1;0;3;;
purpose of fan on fireplace;https://fireplacesutah.com/fireplace-blowers-basics-and-how-they-work/;0;6;0;1;;
put out fire pit;https://fireplacesutah.com/fire-pit-use-tips-igniting-and-putting-out-wood-fires/;0;2;0;57.5;;
putting fire;https://fireplacesutah.com/fire-pit-use-tips-igniting-and-putting-out-wood-fires/;0;3;0;7.833.333.333.333.330;;
putting out fire pit;https://fireplacesutah.com/fire-pit-use-tips-igniting-and-putting-out-wood-fires/;0;2;0;39.5;;
quadra fire pellet stove near me;https://fireplacesutah.com/;0;1;0;1;;
quality fireplace solutions;https://fireplacesutah.com/fireplace-services-in-bluffdale-utah/;0;3;0;20.333.333.333.333.300;;
quality fireplace solutions;https://fireplacesutah.com/fireplace-services-in-bountiful-utah/;0;3;0;61.666.666.666.666.600;;
quiet fireplace blower;https://fireplacesutah.com/fireplace-blowers-answering-common-questions/;0;26;0;1;;
quiet fireplace blower fan;https://fireplacesutah.com/fireplace-blowers-answering-common-questions/;0;3;0;1;;
quiet fireplace fan;https://fireplacesutah.com/fireplace-blowers-answering-common-questions/;0;2;0;1;;
quietest fireplace blower;https://fireplacesutah.com/fireplace-blowers-answering-common-questions/;0;1;0;1;;
rain in fireplace;https://fireplacesutah.com/five-signs-fireplace-needs-professional-service/;0;1;0;1;;
raised fireplace hearth;https://fireplacesutah.com/basic-tips-on-how-to-baby-proof-your-fireplace-area/;0;1;0;1;;
range hood installation near me;https://fireplacesutah.com/layton-utah-fireplace-contractor/;0;1;0;5;;
realistic electric fireplace logs;https://fireplacesutah.com/basics-electric-fireplace-logs/;0;5;0;6.6;;
realistic logs for electric fireplace;https://fireplacesutah.com/basics-electric-fireplace-logs/;0;1;0;47;;
regency fireplace fan;https://fireplacesutah.com/fireplace-blowers-basics-and-how-they-work/;0;1;0;3;;
regency fireplace insert blower replacement;https://fireplacesutah.com/fireplace-blowers-basics-and-how-they-work/;0;1;0;5;;
regency fireplace insert instructions;https://fireplacesutah.com/easy-steps-to-start-a-gas-fireplace/;0;1;0;3;;
regency gas fireplace troubleshooting;https://fireplacesutah.com/five-signs-fireplace-needs-professional-service/;0;4;0;1;;
remove fireplace smell from house;https://fireplacesutah.com/avoiding-fireplace-odors-vinegar-charcoal-inspection/;0;1;0;67;;
remove odors with vinegar;https://fireplacesutah.com/avoiding-fireplace-odors-vinegar-charcoal-inspection/;0;1;0;29;;
remove soot from brick fireplace;https://fireplacesutah.com/how-to-clean-fireplace-brick-initial-steps/;0;2;0;95;;
repair fireplace;https://fireplacesutah.com/fireplace-repair-service/;0;10;0;48.5;;
repair fireplaces;https://fireplacesutah.com/fireplace-repair-service/;0;7;0;8.142.857.142.857.140;;
repair fireplaces;https://fireplacesutah.com/fireplace-services-in-bluffdale-utah/;0;1;0;79;;
repair for gas fireplace;https://fireplacesutah.com/fireplace-repair-service/;0;1;0;55;;
repair gas fireplace;https://fireplacesutah.com/fireplace-repair-service/;0;6;0;29.5;;
repair gas fireplace;https://fireplacesutah.com/fireplace-services-in-south-jordan-utah/;0;1;0;4;;
repair gas fireplace;https://fireplacesutah.com/gas-fireplace-lifespan-factors-blower-pilot-maintenance/;0;4;0;2;;
repair gas fireplace insert;https://fireplacesutah.com/fireplace-repair-service/;0;1;0;45;;
repair gas fireplace near me;https://fireplacesutah.com/;0;1;0;1;;
repair gas fireplace near me;https://fireplacesutah.com/fireplace-repair-service/;0;1;0;15;;
repair gas fireplace near me;https://fireplacesutah.com/fireplace-services-in-bluffdale-utah/;0;1;0;21;;
repair gas fireplace near me;https://fireplacesutah.com/fireplace-services-in-south-jordan-utah/;0;1;0;4;;
repair gas fireplaces near me;https://fireplacesutah.com/sandy-utah-fireplace-contractor/;0;1;0;5;;
repairing a gas fireplace;https://fireplacesutah.com/five-signs-fireplace-needs-professional-service/;0;1;0;1;;
repairing fireplaces;https://fireplacesutah.com/fireplace-repair-service/;0;7;0;8.485.714.285.714.280;;
repairman for gas fireplace;https://fireplacesutah.com/fireplace-repair-service/;0;2;0;91.5;;
replace fireplace blower;https://fireplacesutah.com/fireplace-blowers-basics-and-how-they-work/;0;1;0;3;;
replace fireplace utah;https://fireplacesutah.com/;0;10;0;2.2;;
replace fireplace utah;https://fireplacesutah.com/fireplace-design-installation-in-morgan-utah/;0;2;0;63;;
replace fireplace utah;https://fireplacesutah.com/fireplace-design-installation-in-ogden-utah;0;3;0;54.333.333.333.333.300;;
replace fireplace utah;https://fireplacesutah.com/fireplace-design-installation-in-ogden-utah/;0;2;0;61;;
replace fireplace utah;https://fireplacesutah.com/fireplace-services-in-bluffdale-utah/;0;10;0;47.2;;
replace fireplace utah;https://fireplacesutah.com/fireplace-services-in-riverton-utah/;0;2;0;79;;
replace fireplace utah;https://fireplacesutah.com/layton-utah-fireplace-contractor/;0;11;0;3.245.454.545.454.540;;
replace fireplace utah;https://fireplacesutah.com/replace-your-fireplace/;0;9;0;18.666.666.666.666.600;;
replace fireplace with gas;https://fireplacesutah.com/convert-your-fireplace/;0;1;0;88;;
replace gas fireplace with wood burning;https://fireplacesutah.com/convert-your-fireplace/;0;14;0;8.142.857.142.857.140;;
replace gas fireplace with wood burning stove;https://fireplacesutah.com/convert-your-fireplace/;0;4;0;47.5;;
replace gas fireplace with wood stove;https://fireplacesutah.com/convert-your-fireplace/;0;2;0;38;;
replace gas fireplace with wood stove insert;https://fireplacesutah.com/convert-your-fireplace/;0;1;0;47;;
replace gas insert with wood burning stove;https://fireplacesutah.com/convert-your-fireplace/;0;2;0;41.5;;
replace wood burning fireplace;https://fireplacesutah.com/convert-your-fireplace/;0;2;0;58;;
replace wood stove with gas fireplace;https://fireplacesutah.com/convert-your-fireplace/;0;3;0;49.666.666.666.666.600;;
replacement fireplace blower;https://fireplacesutah.com/fireplace-blowers-basics-and-how-they-work/;0;1;0;2;;
replacement fireplace fan;https://fireplacesutah.com/fireplace-blowers-basics-and-how-they-work/;0;1;0;3;;
replacement logs for log home;https://fireplacesutah.com/log-sets/;0;1;0;75;;
replacing a gas fireplace with a wood stove;https://fireplacesutah.com/convert-your-fireplace/;0;2;0;48;;
replacing gas fireplace with wood burning;https://fireplacesutah.com/convert-your-fireplace/;0;1;0;87;;
replacing gas fireplace with wood stove;https://fireplacesutah.com/convert-your-fireplace/;0;2;0;44.5;;
reset module;https://fireplacesutah.com/steps-for-cleaning-and-maintaining-gas-fireplaces-part-1/;0;1;0;1;;
residential gas fireplace service;https://fireplacesutah.com/fireplace-repair-service/;0;2;0;31;;
residential heating contractor bluffdale;https://fireplacesutah.com/fireplace-services-in-bluffdale-utah/;0;1;0;63;;
residential heating contractor bluffdale ut;https://fireplacesutah.com/fireplace-services-in-bluffdale-utah/;0;1;0;64;;
restore fireplace brick;https://fireplacesutah.com/how-to-clean-fireplace-brick-initial-steps/;0;7;0;7.514.285.714.285.710;;
restoring fireplace brickwork;https://fireplacesutah.com/how-to-clean-fireplace-brick-initial-steps/;0;5;0;84;;
retrofit gas fireplace;https://fireplacesutah.com/convert-your-fireplace/;0;1;0;94;;
rewiring bountiful ut;https://fireplacesutah.com/fireplace-services-in-bountiful-utah/;0;2;0;58.5;;
rheem water heater pilot assembly;https://fireplacesutah.com/gas-fireplace-lifespan-factors-blower-pilot-maintenance/;0;1;0;5;;
safety gates for fireplace;https://fireplacesutah.com/basic-tips-on-how-to-baby-proof-your-fireplace-area/;0;1;0;34;;
safety gates for fireplaces;https://fireplacesutah.com/basic-tips-on-how-to-baby-proof-your-fireplace-area/;0;3;0;27.333.333.333.333.300;;
safety screens;https://fireplacesutah.com/basic-tips-on-how-to-baby-proof-your-fireplace-area/;0;1;0;2;;
salt in fireplace;https://fireplacesutah.com/how-to-clean-fireplace-brick-initial-steps/;0;1;0;47;;
salt lake city fire pit builders;https://fireplacesutah.com/custom-fireplace-design-installation-in-west-jordan-utah/;0;6;0;36.333.333.333.333.300;;
salt lake city fire pit builders;https://fireplacesutah.com/indoor-outdoor-fireplaces-in-salt-lake-city-utah/;0;9;0;1.811.111.111.111.110;;
salt lake city fire pit contractors;https://fireplacesutah.com/custom-fireplace-design-installation-in-west-jordan-utah/;0;7;0;31.857.142.857.142.800;;
salt lake city fire pit contractors;https://fireplacesutah.com/fireplaces-fire-pits-wood-stoves-in-park-city-utah/;0;10;0;54.6;;
salt lake city fire pit contractors;https://fireplacesutah.com/indoor-outdoor-fireplaces-in-salt-lake-city-utah/;0;15;0;13.066.666.666.666.600;;
salt lake city fire pit contractors;https://fireplacesutah.com/sandy-utah-fireplace-contractor/;0;9;0;4.177.777.777.777.770;;
salt lake city fireplace stores;https://fireplacesutah.com/;0;6;0;8.333.333.333.333.330;;
salt lake city fireplace stores;https://fireplacesutah.com/build-your-fireplace/;0;5;0;8;;
salt lake city fireplace stores;https://fireplacesutah.com/gallery/;0;3;0;8.333.333.333.333.330;;
salt lake city fireplace stores;https://fireplacesutah.com/products/;0;5;0;8;;
salt lake city fireplace stores;https://fireplacesutah.com/reviews/;0;3;0;8.333.333.333.333.330;;
salt lake city fireplace stores;https://fireplacesutah.com/showrooms/;0;5;0;8;;
salt lake city fireplace stores;https://fireplacesutah.com/specials/;0;5;0;8;;
salt lake city fireplace stores;https://fireplacesutah.com/videos/;0;3;0;8.333.333.333.333.330;;
salt lake city fireplaces;https://fireplacesutah.com/;0;12;0;6.666.666.666.666.660;;
salt lake city fireplaces;https://fireplacesutah.com/blog/;0;1;0;6;;
salt lake city fireplaces;https://fireplacesutah.com/gallery/;0;1;0;6;;
salt lake city fireplaces;https://fireplacesutah.com/indoor-outdoor-fireplaces-in-salt-lake-city-utah/;0;10;0;31.4;;
salt lake city fireplaces;https://fireplacesutah.com/products/;0;6;0;6.833.333.333.333.330;;
salt lake city fireplaces;https://fireplacesutah.com/reviews/;0;6;0;6.833.333.333.333.330;;
salt lake city fireplaces;https://fireplacesutah.com/showrooms/;0;6;0;6.833.333.333.333.330;;
salt lake city fireplaces;https://fireplacesutah.com/specials/;0;6;0;6.833.333.333.333.330;;
salt lake city fireplaces;https://fireplacesutah.com/traditional-gas-fireplaces/;0;3;0;34.333.333.333.333.300;;
salt lake city fireplaces;https://fireplacesutah.com/videos/;0;1;0;6;;
salt lake city gas fireplaces;https://fireplacesutah.com/;0;4;0;7.25;;
salt lake city gas fireplaces;https://fireplacesutah.com/indoor-outdoor-fireplaces-in-salt-lake-city-utah/;0;4;0;46.75;;
salt lake fireplace;https://fireplacesutah.com/;0;5;0;7;;
salt lake fireplace;https://fireplacesutah.com/build-your-fireplace/;0;2;0;6.5;;
salt lake fireplace;https://fireplacesutah.com/electric-fireplaces/;0;1;0;72;;
salt lake fireplace;https://fireplacesutah.com/indoor-outdoor-fireplaces-in-salt-lake-city-utah/;0;4;0;50;;
salt lake fireplace;https://fireplacesutah.com/products/;0;2;0;6.5;;
salt lake fireplace;https://fireplacesutah.com/showrooms/;0;3;0;20.666.666.666.666.600;;
salt lake fireplace;https://fireplacesutah.com/specials/;0;2;0;6.5;;
salt lake fireplace;https://fireplacesutah.com/traditional-gas-fireplaces/;0;5;0;30.8;;
schalks gas fireplace repair;https://fireplacesutah.com/fireplace-repair-service/;0;2;0;34;;
seattle fireplace service;https://fireplacesutah.com/five-signs-fireplace-needs-professional-service/;0;1;0;1;;
service a gas fireplace;https://fireplacesutah.com/fireplace-repair-service/;0;2;0;51.5;;
service for gas fireplace;https://fireplacesutah.com/fireplace-repair-service/;0;2;0;8.5;;
service for gas fireplace near me;https://fireplacesutah.com/fireplace-services-in-bluffdale-utah/;0;7;0;6.914.285.714.285.710;;
service for gas fireplace near me;https://fireplacesutah.com/gas-fireplace-lifespan-factors-blower-pilot-maintenance/;0;1;0;3;;
service gas fireplace;https://fireplacesutah.com/fireplace-repair-service/;0;22;0;6.436.363.636.363.630;;
service gas fireplace near me;https://fireplacesutah.com/sandy-utah-fireplace-contractor/;0;1;0;6;;
service gas fireplaces;https://fireplacesutah.com/fireplace-repair-service/;0;19;0;6.136.842.105.263.150;;
servicing a gas fire;https://fireplacesutah.com/steps-for-cleaning-and-maintaining-gas-fireplaces-part-1/;0;16;0;696.875;;
servicing a gas fireplace;https://fireplacesutah.com/steps-for-cleaning-and-maintaining-gas-fireplaces-part-1/;0;1;0;77;;
servicing fireplace;https://fireplacesutah.com/fireplace-repair-service/;0;2;0;55.5;;
servicing gas fireplace;https://fireplacesutah.com/fireplace-repair-service/;0;1;0;8;;
setting up a fireplace;https://fireplacesutah.com/easy-steps-to-start-a-gas-fireplace/;0;2;0;78;;
setting up a gas fireplace;https://fireplacesutah.com/easy-steps-to-start-a-gas-fireplace/;0;3;0;33;;
should a gas fireplace be cleaned;https://fireplacesutah.com/how-to-clean-your-gas-fireplace-safely-and-effectively/;0;1;0;87;;
should a gas fireplace make noise;https://fireplacesutah.com/fireplace-blowers-answering-common-questions/;0;1;0;3;;
should flames go up the chimney;https://fireplacesutah.com/five-signs-fireplace-needs-professional-service/;0;1;0;1;;
should i be able to hear my gas fireplace;https://fireplacesutah.com/fireplace-blowers-answering-common-questions/;0;1;0;1;;
signs of low humidity;https://fireplacesutah.com/signs-causes-remedies-low-humidity/;0;32;0;909.375;;
signs of low humidity in home;https://fireplacesutah.com/signs-causes-remedies-low-humidity/;0;2;0;33.5;;
signs of low humidity in house;https://fireplacesutah.com/signs-causes-remedies-low-humidity/;0;3;0;18;;
small fan for fireplace;https://fireplacesutah.com/fireplace-blowers-basics-and-how-they-work/;0;1;0;1;;
small fire pit park city ut;https://fireplacesutah.com/fireplaces-fire-pits-wood-stoves-in-park-city-utah/;0;85;0;6.905.882.352.941.170;;
smart thermostat gas fireplace;https://fireplacesutah.com/benefits-of-a-thermostat-for-gas-fireplaces/;0;1;0;56;;
smell from electric fireplace;https://fireplacesutah.com/five-signs-fireplace-needs-professional-service/;0;10;0;1;;
smell of charcoal;https://fireplacesutah.com/avoiding-fireplace-odors-vinegar-charcoal-inspection/;0;1;0;49;;
smells like burning;https://fireplacesutah.com/five-signs-fireplace-needs-professional-service/;0;1;0;1;;
smog utah;https://fireplacesutah.com/daq-stove-conversion/;0;1;0;1;;
smokeless fire wood;https://fireplacesutah.com/fire-pit-use-tips-firewood-and-tinder-considerations/;0;1;0;1;;
solid surface fireplace surround;https://fireplacesutah.com/non-combustible-utah-fireplace-materials-basics-and-necessity/;0;1;0;2;;
soo fireplace;https://fireplacesutah.com/;0;4;0;79;;
soo fireplace and stone;https://fireplacesutah.com/;0;1;0;53;;
soot on fireplace brick;https://fireplacesutah.com/how-to-clean-fireplace-brick-initial-steps/;0;1;0;26;;
soot remover for fireplace;https://fireplacesutah.com/how-to-clean-your-gas-fireplace-safely-and-effectively/;0;13;0;10.769.230.769.230.700;;
soufflerie insert;https://fireplacesutah.com/fireplace-blowers-answering-common-questions/;0;1;0;3;;
souffleur pour cheminée ouverte;https://fireplacesutah.com/fireplace-blowers-answering-common-questions/;0;1;0;3;;
south y fireplace;https://fireplacesutah.com/fireplace-services-in-south-jordan-utah/;0;1;0;19;;
southern utah fireplaces;https://fireplacesutah.com/;0;3;0;8.466.666.666.666.660;;
southern utah fireplaces;https://fireplacesutah.com/layton-utah-fireplace-contractor/;0;4;0;49.25;;
southwest fireplaces;https://fireplacesutah.com/;0;1;0;8;;
specific heat is the amount of heat necessary to raise temp of 1 lb of which 1f;https://fireplacesutah.com/understanding-meaning-and-importance-of-fireplace-btus/;0;1;0;1;;
st50h;https://fireplacesutah.com/wp-content/uploads/2019/10/specs-ST50H.pdf;0;1;0;7;;
standard fireplace opening dimensions;https://fireplacesutah.com/wp-content/uploads/2019/10/framing-FF-H-wood.pdf;0;2;0;94.5;;
standard fireplace opening size;https://fireplacesutah.com/wp-content/uploads/2019/10/framing-FF-H-wood.pdf;0;1;0;99;;
standard wood burning fireplace dimensions;https://fireplacesutah.com/wp-content/uploads/2019/10/framing-FF-H-wood.pdf;0;1;0;66;;
start fireplace;https://fireplacesutah.com/easy-steps-to-start-a-gas-fireplace/;0;1;0;91;;
start gas fireplace;https://fireplacesutah.com/easy-steps-to-start-a-gas-fireplace/;0;24;0;10.708.333.333.333.300;;
starting a gas fireplace;https://fireplacesutah.com/easy-steps-to-start-a-gas-fireplace/;0;101;0;9.801.980.198.019.800;;
starting a gas fireplace for the first time;https://fireplacesutah.com/easy-steps-to-start-a-gas-fireplace/;0;59;0;39.152.542.372.881.300;;
starting gas fireplace first time;https://fireplacesutah.com/easy-steps-to-start-a-gas-fireplace/;0;2;0;1;;
starting gas logs first time;https://fireplacesutah.com/easy-steps-to-start-a-gas-fireplace/;0;1;0;43;;
stelton gas fireplace repair;https://fireplacesutah.com/fireplace-repair-service/;0;3;0;7.066.666.666.666.660;;
stelton gas fireplace repair;https://fireplacesutah.com/fireplace-services-in-riverton-utah/;0;21;0;3.695.238.095.238.090;;
stelton gas fireplace repair;https://fireplacesutah.com/layton-utah-fireplace-contractor/;0;17;0;3.976.470.588.235.290;;
stone fireplace contractors near me;https://fireplacesutah.com/;0;1;0;5;;
stone fireplace contractors near me;https://fireplacesutah.com/layton-utah-fireplace-contractor/;0;1;0;7;;
stone fireplace installers;https://fireplacesutah.com/;0;1;0;4;;
stove and fireplace shop near me;https://fireplacesutah.com/;0;2;0;8.5;;
stove installation near me;https://fireplacesutah.com/fireplaces-fire-pits-wood-stoves-in-park-city-utah/;0;1;0;6;;
stove installer;https://fireplacesutah.com/fireplaces-fire-pits-wood-stoves-in-park-city-utah/;0;1;0;4;;
stove pipe installation near me;https://fireplacesutah.com/layton-utah-fireplace-contractor/;0;1;0;8;;
stove shops near me;https://fireplacesutah.com/;0;1;0;10;;
stove store near me;https://fireplacesutah.com/;0;1;0;11;;
stove stores near me;https://fireplacesutah.com/;0;1;0;10;;
stove warehouse near me;https://fireplacesutah.com/;0;1;0;10;;
superior fireplace dealer near me;https://fireplacesutah.com/;0;1;0;12;;
superior fireplace service near me;https://fireplacesutah.com/;0;1;0;1;;
superior fireplace service near me;https://fireplacesutah.com/fireplace-repair-service/;0;1;0;1;;
superior fireplace service near me;https://fireplacesutah.com/fireplace-services-in-roy-utah/;0;1;0;1;;
superior fireplace service near me;https://fireplacesutah.com/fireplace-services-in-south-jordan-utah/;0;1;0;1;;
superior gas fireplace;https://fireplacesutah.com/gas-fireplace-lifespan-factors-blower-pilot-maintenance/;0;1;0;3;;
superior gas fireplace repair;https://fireplacesutah.com/five-signs-fireplace-needs-professional-service/;0;1;0;1;;
superior gas fireplace repair near me;https://fireplacesutah.com/fireplace-services-in-farmington-utah/;0;1;0;6;;
superior gas fireplace service near me;https://fireplacesutah.com/fireplace-services-in-south-jordan-utah/;0;1;0;6;;
symptoms of low humidity;https://fireplacesutah.com/signs-causes-remedies-low-humidity/;0;5;0;83.4;;
symptoms of low humidity in home;https://fireplacesutah.com/signs-causes-remedies-low-humidity/;0;7;0;41.285.714.285.714.200;;
the fireplace;https://fireplacesutah.com/;0;4;0;7.5;;
the fireplace company;https://fireplacesutah.com/;0;1;0;10;;
the fireplace connection photos;https://fireplacesutah.com/fireplace-installation-guide/;0;1;0;5;;
the fireplace guy;https://fireplacesutah.com/fireplace-services-in-draper-utah/;0;1;0;3;;
the fireplace shop near me;https://fireplacesutah.com/;0;1;0;8;;
the fireplace solution;https://fireplacesutah.com/;0;5;0;49.8;;
the fireplace store;https://fireplacesutah.com/;0;1;0;12;;
the fireplace store cedar city;https://fireplacesutah.com/;0;1;0;15;;
thefireplacestore;https://fireplacesutah.com/;0;1;0;15;;
thermostat;https://fireplacesutah.com/benefits-of-a-thermostat-for-gas-fireplaces/;0;1;0;7;;
thermostat control for gas fireplace;https://fireplacesutah.com/benefits-of-a-thermostat-for-gas-fireplaces/;0;2;0;28;;
thermostat controlled fireplace;https://fireplacesutah.com/benefits-of-a-thermostat-for-gas-fireplaces/;0;3;0;23;;
thermostat controlled gas fireplace;https://fireplacesutah.com/benefits-of-a-thermostat-for-gas-fireplaces/;0;37;0;9;;
thermostat controlled gas logs;https://fireplacesutah.com/benefits-of-a-thermostat-for-gas-fireplaces/;0;3;0;39;;
thermostat fireplace;https://fireplacesutah.com/benefits-of-a-thermostat-for-gas-fireplaces/;0;22;0;5.636.363.636.363.630;;
thermostat for a gas fireplace;https://fireplacesutah.com/benefits-of-a-thermostat-for-gas-fireplaces/;0;13;0;3.261.538.461.538.460;;
thermostat for fireplace;https://fireplacesutah.com/benefits-of-a-thermostat-for-gas-fireplaces/;0;17;0;3.788.235.294.117.640;;
thermostat for fireplace insert;https://fireplacesutah.com/benefits-of-a-thermostat-for-gas-fireplaces/;0;2;0;17.5;;
thermostat for gas;https://fireplacesutah.com/benefits-of-a-thermostat-for-gas-fireplaces/;0;1;0;100;;
thermostat for gas fireplace;https://fireplacesutah.com/benefits-of-a-thermostat-for-gas-fireplaces/;0;145;0;8.744.827.586.206.890;;
thermostat for gas fireplace insert;https://fireplacesutah.com/benefits-of-a-thermostat-for-gas-fireplaces/;0;5;0;35.8;;
thermostat for gas log fireplace;https://fireplacesutah.com/benefits-of-a-thermostat-for-gas-fireplaces/;0;2;0;11;;
thermostat for gas logs;https://fireplacesutah.com/benefits-of-a-thermostat-for-gas-fireplaces/;0;17;0;10.764.705.882.352.900;;
thermostat for propane fireplace;https://fireplacesutah.com/benefits-of-a-thermostat-for-gas-fireplaces/;0;3;0;47.333.333.333.333.300;;
thermostat for propane stove;https://fireplacesutah.com/benefits-of-a-thermostat-for-gas-fireplaces/;0;1;0;54;;
thermostat for smoker;https://fireplacesutah.com/benefits-of-a-thermostat-for-gas-fireplaces/;0;1;0;2;;
thermostat for wood stove;https://fireplacesutah.com/benefits-of-a-thermostat-for-gas-fireplaces/;0;1;0;2;;
thermostat function;https://fireplacesutah.com/benefits-of-a-thermostat-for-gas-fireplaces/;0;1;0;1;;
thermostat gas fireplace;https://fireplacesutah.com/benefits-of-a-thermostat-for-gas-fireplaces/;0;17;0;27.058.823.529.411.700;;
thermostat gas logs;https://fireplacesutah.com/benefits-of-a-thermostat-for-gas-fireplaces/;0;2;0;15;;
thermostat in same room as fireplace;https://fireplacesutah.com/benefits-of-a-thermostat-for-gas-fireplaces/;0;1;0;1;;
thermostat on gas fireplace;https://fireplacesutah.com/benefits-of-a-thermostat-for-gas-fireplaces/;0;18;0;938.888.888.888.889;;
thermostats for gas fireplaces;https://fireplacesutah.com/benefits-of-a-thermostat-for-gas-fireplaces/;0;3;0;21.666.666.666.666.600;;
tinder firewood;https://fireplacesutah.com/fire-pit-use-tips-firewood-and-tinder-considerations/;0;70;0;10.042.857.142.857.100;;
tinder for fire pit;https://fireplacesutah.com/fire-pit-use-tips-firewood-and-tinder-considerations/;0;24;0;5;;
tinder for fire pit;https://fireplacesutah.com/fire-pit-use-tips-igniting-and-putting-out-wood-fires/;0;1;0;75;;
tinder for fireplace;https://fireplacesutah.com/fire-pit-use-tips-firewood-and-tinder-considerations/;0;1;0;87;;
tinder wood;https://fireplacesutah.com/fire-pit-use-tips-firewood-and-tinder-considerations/;0;1;0;1;;
toddler proof fireplace;https://fireplacesutah.com/basic-tips-on-how-to-baby-proof-your-fireplace-area/;0;1;0;1;;
tool to blow air on fire;https://fireplacesutah.com/fireplace-blowers-basics-and-how-they-work/;0;1;0;2;;
top rated fireplace repair near me;https://fireplacesutah.com/;0;1;0;4;;
top rated fireplace repair near me;https://fireplacesutah.com/fireplace-repair-service/;0;1;0;11;;
top rated fireplace stores near me;https://fireplacesutah.com/;0;1;0;9;;
top rated gas fireplace service;https://fireplacesutah.com/fireplace-repair-service/;0;1;0;10;;
top rated gas fireplace service;https://fireplacesutah.com/fireplace-services-in-bluffdale-utah/;0;1;0;12;;
top rated hvac companies near me;https://fireplacesutah.com/;0;1;0;1;;
trane furnace repair riverton;https://fireplacesutah.com/basic-tips-on-how-to-baby-proof-your-fireplace-area/;0;7;0;80;;
trane furnace repair riverton;https://fireplacesutah.com/build-your-fireplace/;0;9;0;44;;
trane furnace repair riverton;https://fireplacesutah.com/convert-your-fireplace/;0;15;0;5.546.666.666.666.660;;
trane furnace repair riverton;https://fireplacesutah.com/fireplace-mantels/;0;1;0;75;;
trane furnace repair riverton;https://fireplacesutah.com/fireplace-services-in-riverton-utah/;0;1;0;32;;
trane furnace repair riverton;https://fireplacesutah.com/herriman-utah-fireplace-design-installation-repair/;0;3;0;81;;
trane salt lake city utah;https://fireplacesutah.com/about-us/;0;1;0;90;;
truflame;https://fireplacesutah.com/product/truflame-direct-vent-luxury-fireplaces/;0;2;0;59.5;;
truflame fireplace;https://fireplacesutah.com/product/truflame-direct-vent-luxury-fireplaces/;0;1;0;67;;
tube fireplace blower;https://fireplacesutah.com/fireplace-blowers-answering-common-questions/;0;7;0;1;;
tune up gas fireplace;https://fireplacesutah.com/fireplace-repair-service/;0;1;0;12;;
turn a gas fireplace to wood burning;https://fireplacesutah.com/convert-your-fireplace/;0;14;0;56.857.142.857.142.800;;
turn fireplace into gas;https://fireplacesutah.com/convert-your-fireplace/;0;2;0;1;;
turn gas on fireplace;https://fireplacesutah.com/easy-steps-to-start-a-gas-fireplace/;0;1;0;91;;
turn on fireplace gas;https://fireplacesutah.com/easy-steps-to-start-a-gas-fireplace/;0;1;0;72;;
turn on gas to fireplace;https://fireplacesutah.com/easy-steps-to-start-a-gas-fireplace/;0;4;0;80.5;;
turn wood burning fireplace into gas;https://fireplacesutah.com/convert-your-fireplace/;0;2;0;72.5;;
turn wood fireplace into gas;https://fireplacesutah.com/convert-your-fireplace/;0;1;0;69;;
turning a gas fireplace into a wood burning;https://fireplacesutah.com/convert-your-fireplace/;0;3;0;62.666.666.666.666.600;;
turning gas fireplace into wood burning;https://fireplacesutah.com/convert-your-fireplace/;0;4;0;42;;
turning on a gas fireplace;https://fireplacesutah.com/five-signs-fireplace-needs-professional-service/;0;2;0;1;;
turning on a gas fireplace for the first time;https://fireplacesutah.com/easy-steps-to-start-a-gas-fireplace/;0;3;0;4.666.666.666.666.660;;
turning up water heater;https://fireplacesutah.com/easy-steps-to-start-a-gas-fireplace/;0;3;0;1;;
turning wood fireplace into gas;https://fireplacesutah.com/convert-your-fireplace/;0;1;0;99;;
tv stands with fireplace near me;https://fireplacesutah.com/;0;1;0;88;;
types of fire starters;https://fireplacesutah.com/fire-pit-use-tips-igniting-and-putting-out-wood-fires/;0;1;0;1;;
types of gas fireplace;https://fireplacesutah.com/gas-fireplaces-and-chimneys-basics-and-types/;0;2;0;73.5;;
types of gas fireplace venting;https://fireplacesutah.com/gas-fireplaces-and-chimneys-basics-and-types/;0;1;0;97;;
types of gas fireplaces;https://fireplacesutah.com/gas-fireplaces-and-chimneys-basics-and-types/;0;52;0;9.188.461.538.461.530;;
typical gas fireplace btu;https://fireplacesutah.com/understanding-meaning-and-importance-of-fireplace-btus/;0;2;0;72;;
ucair;https://fireplacesutah.com/daq-stove-conversion/;0;1;0;6;;
uinta fireplace;https://fireplacesutah.com/;0;1;0;61;;
uintah fireplace;https://fireplacesutah.com/;0;6;0;46.666.666.666.666.600;;
uintah fireplace and design;https://fireplacesutah.com/;0;5;0;40.6;;
uintah fireplace heber;https://fireplacesutah.com/heber-city-utahs-fireplace-experts/;0;2;0;52;;
uintah gas fireplaces;https://fireplacesutah.com/traditional-gas-fireplaces/;0;2;0;61;;
ultra quiet fireplace blower;https://fireplacesutah.com/fireplace-blowers-answering-common-questions/;0;15;0;1;;
universal fireplace blower;https://fireplacesutah.com/fireplace-blowers-basics-and-how-they-work/;0;1;0;12;;
universal fireplace pilot assembly;https://fireplacesutah.com/gas-fireplace-lifespan-factors-blower-pilot-maintenance/;0;1;0;1;;
universal gas fireplace blower kit;https://fireplacesutah.com/fireplace-blowers-basics-and-how-they-work/;0;1;0;3;;
using a fire pit;https://fireplacesutah.com/fire-pit-use-tips-igniting-and-putting-out-wood-fires/;0;2;0;69;;
using a gas fireplace;https://fireplacesutah.com/easy-steps-to-start-a-gas-fireplace/;0;1;0;44;;
using a gas fireplace for the first time;https://fireplacesutah.com/easy-steps-to-start-a-gas-fireplace/;0;12;0;14.166.666.666.666.600;;
using charcoal in fireplace;https://fireplacesutah.com/avoiding-fireplace-odors-vinegar-charcoal-inspection/;0;3;0;1;;
using gas fireplace for first time;https://fireplacesutah.com/easy-steps-to-start-a-gas-fireplace/;0;1;0;46;;
using vinegar to eliminate odors;https://fireplacesutah.com/avoiding-fireplace-odors-vinegar-charcoal-inspection/;0;3;0;30.333.333.333.333.300;;
using vinegar to remove odors;https://fireplacesutah.com/avoiding-fireplace-odors-vinegar-charcoal-inspection/;0;3;0;50.333.333.333.333.300;;
utah fire pit builders;https://fireplacesutah.com/custom-fireplace-design-installation-in-west-jordan-utah/;0;1;0;17;;
utah fire pit builders;https://fireplacesutah.com/fireplaces-fire-pits-wood-stoves-in-park-city-utah/;0;1;0;22;;
utah fire pit builders;https://fireplacesutah.com/indoor-outdoor-fireplaces-in-salt-lake-city-utah/;0;4;0;81.25;;
utah fire pit builders;https://fireplacesutah.com/sandy-utah-fireplace-contractor/;0;3;0;33.666.666.666.666.600;;
utah fire pit contractors;https://fireplacesutah.com/custom-fireplace-design-installation-in-west-jordan-utah/;0;8;0;24.75;;
utah fire pit contractors;https://fireplacesutah.com/fireplaces-fire-pits-wood-stoves-in-park-city-utah/;0;10;0;47.6;;
utah fire pit contractors;https://fireplacesutah.com/indoor-outdoor-fireplaces-in-salt-lake-city-utah/;0;4;0;53;;
utah fire pit contractors;https://fireplacesutah.com/sandy-utah-fireplace-contractor/;0;12;0;37.333.333.333.333.300;;
utah fire pits;https://fireplacesutah.com/;0;27;0;4.948.148.148.148.140;;
utah fire pits;https://fireplacesutah.com/fireplaces-fire-pits-wood-stoves-in-park-city-utah/;0;6;0;9.033.333.333.333.330;;
utah fire pits;https://fireplacesutah.com/indoor-outdoor-fireplaces-in-salt-lake-city-utah/;0;1;0;100;;
utah fireplace;https://fireplacesutah.com/;0;47;0;4.638.297.872.340.420;;
utah fireplace;https://fireplacesutah.com/build-your-fireplace/;0;2;0;4.5;;
utah fireplace;https://fireplacesutah.com/indoor-outdoor-fireplaces-in-salt-lake-city-utah/;0;2;0;42;;
utah fireplace;https://fireplacesutah.com/layton-utah-fireplace-contractor/;0;3;0;6.633.333.333.333.330;;
utah fireplace;https://fireplacesutah.com/products/;0;2;0;4.5;;
utah fireplace;https://fireplacesutah.com/reviews/;0;2;0;4.5;;
utah fireplace;https://fireplacesutah.com/specials/;0;2;0;4.5;;
utah fireplace;https://fireplacesutah.com/utah-fireplace-accessories-panels-media-surround-venting/;0;1;0;31;;
utah fireplace supply;https://fireplacesutah.com/;0;187;0;12.844.919.786.096.200;;
utah fireplace supply;https://fireplacesutah.com/build-your-fireplace/;0;26;0;1.073.076.923.076.920;;
utah fireplace supply;https://fireplacesutah.com/gallery/;0;13;0;1.076.923.076.923.070;;
utah fireplace supply;https://fireplacesutah.com/products/;0;26;0;1.073.076.923.076.920;;
utah fireplace supply;https://fireplacesutah.com/reviews/;0;26;0;1.073.076.923.076.920;;
utah fireplace supply;https://fireplacesutah.com/showrooms/;0;15;0;14.2;;
utah fireplace supply;https://fireplacesutah.com/specials/;0;26;0;1.073.076.923.076.920;;
utah fireplace supply;https://fireplacesutah.com/utah-fireplace-accessories-panels-media-surround-venting/;0;2;0;37.5;;
utah fireplace supply;https://fireplacesutah.com/videos/;0;13;0;1.076.923.076.923.070;;
utah fireplaces;https://fireplacesutah.com/;0;36;0;3.611.111.111.111.110;;
utah fireplaces;https://fireplacesutah.com/fireplace-design-installation-in-ogden-utah;0;3;0;71;;
utah fireplaces;https://fireplacesutah.com/fireplace-design-installation-in-ogden-utah/;0;1;0;85;;
utah fireplaces;https://fireplacesutah.com/indoor-outdoor-fireplaces-in-salt-lake-city-utah/;0;14;0;48.214.285.714.285.700;;
utah fireplaces;https://fireplacesutah.com/layton-utah-fireplace-contractor/;0;6;0;66.5;;
utah gas fireplaces;https://fireplacesutah.com/;0;9;0;8.555.555.555.555.550;;
utah gas fireplaces;https://fireplacesutah.com/fireplace-design-installation-in-morgan-utah/;0;2;0;51.5;;
utah gas fireplaces;https://fireplacesutah.com/fireplace-design-installation-in-ogden-utah;0;2;0;83;;
utah gas fireplaces;https://fireplacesutah.com/fireplace-repair-service/;0;1;0;71;;
utah gas fireplaces;https://fireplacesutah.com/layton-utah-fireplace-contractor/;0;4;0;33;;
utah gas fireplaces;https://fireplacesutah.com/log-sets/;0;2;0;53.5;;
utah gas fireplaces;https://fireplacesutah.com/products/;0;3;0;10.666.666.666.666.600;;
utah gas fireplaces;https://fireplacesutah.com/reviews/;0;3;0;10.666.666.666.666.600;;
utah gas fireplaces;https://fireplacesutah.com/specials/;0;3;0;10.666.666.666.666.600;;
utah gas fireplaces;https://fireplacesutah.com/traditional-gas-fireplaces/;0;7;0;4.357.142.857.142.850;;
utah gas fireplaces;https://fireplacesutah.com/videos/;0;3;0;10.666.666.666.666.600;;
utah humidifiers;https://fireplacesutah.com/signs-causes-remedies-low-humidity/;0;2;0;91;;
utah hvac companies;https://fireplacesutah.com/;0;1;0;81;;
utah outdoor fireplaces;https://fireplacesutah.com/;0;17;0;3.294.117.647.058.820;;
utah outdoor fireplaces;https://fireplacesutah.com/fireplace-design-installation-in-morgan-utah/;0;3;0;28.333.333.333.333.300;;
utah outdoor fireplaces;https://fireplacesutah.com/fireplace-design-installation-in-ogden-utah;0;2;0;94;;
utah outdoor fireplaces;https://fireplacesutah.com/indoor-outdoor-fireplaces-in-salt-lake-city-utah/;0;10;0;23;;
utah outdoor fireplaces;https://fireplacesutah.com/murray-utah-fireplaces-fire-pits-wood-stoves/;0;1;0;79;;
utah wood burning stove regulations;https://fireplacesutah.com/daq-stove-conversion/;0;6;0;27.5;;
valley fireplaces;https://fireplacesutah.com/fireplace-services-in-west-valley-city-utah/;0;1;0;62;;
valor electric fire repairs;https://fireplacesutah.com/five-signs-fireplace-needs-professional-service/;0;1;0;1;;
valor fireplace repair near me;https://fireplacesutah.com/fireplace-repair-service/;0;1;0;1;;
valor fireplace repair near me;https://fireplacesutah.com/five-signs-fireplace-needs-professional-service/;0;1;0;1;;
value city electric fireplaces;https://fireplacesutah.com/electric-fireplaces/;0;5;0;77.6;;
value city fireplaces;https://fireplacesutah.com/understanding-meaning-and-importance-of-fireplace-btus/;0;3;0;82;;
value city furniture fireplaces;https://fireplacesutah.com/traditional-gas-fireplaces/;0;1;0;82;;
vent flaring;https://fireplacesutah.com/wp-content/uploads/2019/10/specs-FF80.pdf;0;1;0;92;;
vent free gas fireplace vs vented;https://fireplacesutah.com/differences-vented-vent-free-fireplaces/;0;1;0;8;;
vent free ventilation;https://fireplacesutah.com/differences-vented-vent-free-fireplaces/;0;1;0;9;;
vent free vs direct vent;https://fireplacesutah.com/differences-vented-vent-free-fireplaces/;0;1;0;41;;
vent free vs direct vent gas fireplace;https://fireplacesutah.com/differences-vented-vent-free-fireplaces/;0;3;0;35.333.333.333.333.300;;
vent free vs vented fireplace;https://fireplacesutah.com/differences-vented-vent-free-fireplaces/;0;3;0;42.333.333.333.333.300;;
vent free vs vented gas fireplace;https://fireplacesutah.com/differences-vented-vent-free-fireplaces/;0;2;0;84;;
vent gas fireplace insert;https://fireplacesutah.com/differences-vented-vent-free-fireplaces/;0;1;0;2;;
vent to flare;https://fireplacesutah.com/wp-content/uploads/2019/10/specs-FF80.pdf;0;3;0;9.666.666.666.666.660;;
vent vs vent free gas fireplaces;https://fireplacesutah.com/differences-vented-vent-free-fireplaces/;0;1;0;51;;
vent vs ventless gas fireplace;https://fireplacesutah.com/differences-vented-vent-free-fireplaces/;0;6;0;8.466.666.666.666.660;;
vented;https://fireplacesutah.com/differences-vented-vent-free-fireplaces/;0;1;0;1;;
vented;https://fireplacesutah.com/fireplace-installation-guide/;0;1;0;1;;
vented fireplace insert;https://fireplacesutah.com/differences-vented-vent-free-fireplaces/;0;1;0;3;;
vented fireplace vs ventless;https://fireplacesutah.com/differences-vented-vent-free-fireplaces/;0;5;0;89;;
vented gas fireplace;https://fireplacesutah.com/differences-vented-vent-free-fireplaces/;0;7;0;32.857.142.857.142.800;;
vented gas fireplace burner;https://fireplacesutah.com/differences-vented-vent-free-fireplaces/;0;1;0;3;;
vented gas fireplace insert;https://fireplacesutah.com/differences-vented-vent-free-fireplaces/;0;4;0;2.25;;
vented gas fireplace insert with blower;https://fireplacesutah.com/differences-vented-vent-free-fireplaces/;0;1;0;3;;
vented gas fireplace inserts;https://fireplacesutah.com/differences-vented-vent-free-fireplaces/;0;1;0;3;;
vented gas fireplace vs ventless;https://fireplacesutah.com/differences-vented-vent-free-fireplaces/;0;1;0;87;;
vented gas logs for fireplace;https://fireplacesutah.com/differences-vented-vent-free-fireplaces/;0;1;0;3;;
vented or ventless fireplace;https://fireplacesutah.com/differences-vented-vent-free-fireplaces/;0;1;0;99;;
vented or ventless gas fireplace;https://fireplacesutah.com/differences-vented-vent-free-fireplaces/;0;2;0;79.5;;
vented propane fireplace insert with blower;https://fireplacesutah.com/differences-vented-vent-free-fireplaces/;0;1;0;2;;
vented versus unvented gas logs;https://fireplacesutah.com/differences-vented-vent-free-fireplaces/;0;1;0;95;;
vented versus ventless gas fireplace;https://fireplacesutah.com/differences-vented-vent-free-fireplaces/;0;2;0;88.5;;
vented vs direct vent fireplace;https://fireplacesutah.com/differences-vented-vent-free-fireplaces/;0;19;0;1;;
vented vs non vented fireplace;https://fireplacesutah.com/differences-vented-vent-free-fireplaces/;0;12;0;1;;
vented vs unvented fireplace;https://fireplacesutah.com/differences-vented-vent-free-fireplaces/;0;1;0;71;;
vented vs unvented gas fireplaces;https://fireplacesutah.com/differences-vented-vent-free-fireplaces/;0;1;0;25;;
vented vs vent free fireplace;https://fireplacesutah.com/differences-vented-vent-free-fireplaces/;0;1;0;38;;
vented vs vent free gas fireplace;https://fireplacesutah.com/differences-vented-vent-free-fireplaces/;0;14;0;21.571.428.571.428.500;;
vented vs vent free gas logs;https://fireplacesutah.com/differences-vented-vent-free-fireplaces/;0;1;0;27;;
vented vs ventless fireplace;https://fireplacesutah.com/differences-vented-vent-free-fireplaces/;0;8;0;72.5;;
vented vs ventless propane fireplace;https://fireplacesutah.com/differences-vented-vent-free-fireplaces/;0;1;0;5;;
ventilador de chimenea como funciona;https://fireplacesutah.com/fireplace-blowers-answering-common-questions/;0;1;0;3;;
ventilateur cheminée;https://fireplacesutah.com/fireplace-blowers-answering-common-questions/;0;8;0;3.875;;
ventilateur cheminée foyer fermé;https://fireplacesutah.com/fireplace-blowers-answering-common-questions/;0;2;0;2;;
ventilateur de cheminee;https://fireplacesutah.com/fireplace-blowers-answering-common-questions/;0;1;0;2;;
ventilateur de cheminée;https://fireplacesutah.com/fireplace-blowers-answering-common-questions/;0;2;0;9;;
ventilateur de cheminée avis;https://fireplacesutah.com/fireplace-blowers-answering-common-questions/;0;1;0;2;;
ventilateur insert a bois;https://fireplacesutah.com/fireplace-blowers-answering-common-questions/;0;1;0;2;;
ventilateur pour cheminée;https://fireplacesutah.com/fireplace-blowers-answering-common-questions/;0;2;0;3;;
ventless fireplace service near me;https://fireplacesutah.com/fireplace-services-in-riverton-utah/;0;1;0;7;;
ventless fireplace service near me;https://fireplacesutah.com/layton-utah-fireplace-contractor/;0;1;0;8;;
ventless fireplace vs vented;https://fireplacesutah.com/differences-vented-vent-free-fireplaces/;0;4;0;84.25;;
ventless gas fireplace installation near me;https://fireplacesutah.com/fireplace-design-installation-in-ogden-utah/;0;1;0;25;;
ventless gas fireplace installation near me;https://fireplacesutah.com/layton-utah-fireplace-contractor/;0;1;0;48;;
ventless gas fireplace near me;https://fireplacesutah.com/layton-utah-fireplace-contractor/;0;1;0;4;;
ventless gas fireplace repair near me;https://fireplacesutah.com/layton-utah-fireplace-contractor/;0;2;0;2;;
ventless gas fireplace vs vented;https://fireplacesutah.com/differences-vented-vent-free-fireplaces/;0;3;0;8.866.666.666.666.660;;
ventless propane fireplace near me;https://fireplacesutah.com/layton-utah-fireplace-contractor/;0;1;0;8;;
ventless versus vented gas fireplace;https://fireplacesutah.com/differences-vented-vent-free-fireplaces/;0;2;0;79.5;;
ventless vs direct vent fireplace;https://fireplacesutah.com/differences-vented-vent-free-fireplaces/;0;5;0;58.8;;
ventless vs direct vent gas fireplace;https://fireplacesutah.com/differences-vented-vent-free-fireplaces/;0;3;0;74;;
ventless vs vented fireplace;https://fireplacesutah.com/differences-vented-vent-free-fireplaces/;0;8;0;77.75;;
vermont castings service near me;https://fireplacesutah.com/fireplace-services-in-bountiful-utah/;0;1;0;11;;
vibrations;https://fireplacesutah.com/five-signs-fireplace-needs-professional-service/;0;1;0;1;;
vinegar and odor removal;https://fireplacesutah.com/avoiding-fireplace-odors-vinegar-charcoal-inspection/;0;1;0;84;;
vinegar in bowl for odors;https://fireplacesutah.com/avoiding-fireplace-odors-vinegar-charcoal-inspection/;0;5;0;71.2;;
vinegar-and-water solution;https://fireplacesutah.com/avoiding-fireplace-odors-vinegar-charcoal-inspection/;0;1;0;5;;
vinegar/baking soda;https://fireplacesutah.com/avoiding-fireplace-odors-vinegar-charcoal-inspection/;0;1;0;8;;
wall mounted thermostat for gas fireplace;https://fireplacesutah.com/benefits-of-a-thermostat-for-gas-fireplaces/;0;6;0;7.233.333.333.333.330;;
wall thermostat for gas fireplace;https://fireplacesutah.com/benefits-of-a-thermostat-for-gas-fireplaces/;0;2;0;71;;
warnock hersey gas fireplace;https://fireplacesutah.com/gas-fireplace-lifespan-factors-blower-pilot-maintenance/;0;1;0;3;;
wasatch fireplace;https://fireplacesutah.com/;0;3;0;44;;
wasatch fireplace and stove;https://fireplacesutah.com/layton-utah-fireplace-contractor/;0;2;0;15;;
water fountain installation herriman ut;https://fireplacesutah.com/herriman-utah-fireplace-design-installation-repair/;0;2;0;59;;
water heater pilot assembly replacement cost;https://fireplacesutah.com/gas-fireplace-lifespan-factors-blower-pilot-maintenance/;0;1;0;3;;
water heater repair bluffdale ut;https://fireplacesutah.com/fireplace-services-in-bluffdale-utah/;0;1;0;96;;
water heater repair in riverton ut;https://fireplacesutah.com/fireplace-services-in-riverton-utah/;0;3;0;86;;
wentylator do kominka;https://fireplacesutah.com/fireplace-blowers-answering-common-questions/;0;1;0;3;;
wentylator na komin;https://fireplacesutah.com/fireplace-blowers-answering-common-questions/;0;1;0;2;;
west valley city ut hvac;https://fireplacesutah.com/fireplace-services-in-west-valley-city-utah/;0;3;0;9.566.666.666.666.660;;
western fireplace;https://fireplacesutah.com/;0;1;0;3;;
western fireplaces;https://fireplacesutah.com/fireplace-design-installation-in-ogden-utah;0;2;0;78.5;;
what are non combustible materials;https://fireplacesutah.com/non-combustible-utah-fireplace-materials-basics-and-necessity/;0;4;0;58;;
what are the differences between vented and ventless natural gas fireplaces?;https://fireplacesutah.com/differences-vented-vent-free-fireplaces/;0;4;0;83.5;;
what are these called?;https://fireplacesutah.com/fireplace-blowers-basics-and-how-they-work/;0;1;0;6;;
what causes low humidity;https://fireplacesutah.com/signs-causes-remedies-low-humidity/;0;5;0;54.2;;
what causes low humidity in a house;https://fireplacesutah.com/signs-causes-remedies-low-humidity/;0;7;0;6.942.857.142.857.140;;
what causes low humidity in house;https://fireplacesutah.com/signs-causes-remedies-low-humidity/;0;1;0;67;;
what do fireplace fans do;https://fireplacesutah.com/fireplace-blowers-answering-common-questions/;0;1;0;1;;
what do fireplace fans do;https://fireplacesutah.com/fireplace-blowers-basics-and-how-they-work/;0;6;0;1;;
what does a blower do for a wood stove;https://fireplacesutah.com/fireplace-blowers-basics-and-how-they-work/;0;1;0;41;;
what does a blower do on a fireplace;https://fireplacesutah.com/fireplace-blowers-answering-common-questions/;0;10;0;7.7;;
what does a blower do on a gas fireplace;https://fireplacesutah.com/fireplace-blowers-answering-common-questions/;0;19;0;8.789.473.684.210.520;;
what does a blower do on a gas fireplace;https://fireplacesutah.com/fireplace-blowers-basics-and-how-they-work/;0;1;0;3;;
what does a blower do on a wood stove;https://fireplacesutah.com/fireplace-blowers-basics-and-how-they-work/;0;1;0;49;;
what does a blower on a fireplace do;https://fireplacesutah.com/fireplace-blowers-answering-common-questions/;0;20;0;10.55;;
what does a blower on a fireplace do;https://fireplacesutah.com/fireplace-blowers-basics-and-how-they-work/;0;1;0;59;;
what does a fan on a fireplace do;https://fireplacesutah.com/fireplace-blowers-answering-common-questions/;0;14;0;9.214.285.714.285.710;;
what does a fireplace blower do;https://fireplacesutah.com/fireplace-blowers-answering-common-questions/;0;77;0;9.324.675.324.675.320;;
what does a fireplace blower do;https://fireplacesutah.com/fireplace-blowers-basics-and-how-they-work/;0;6;0;58.166.666.666.666.600;;
what does a fireplace fan do;https://fireplacesutah.com/fireplace-blowers-answering-common-questions/;0;44;0;7.25;;
what does a fireplace fan do;https://fireplacesutah.com/fireplace-blowers-basics-and-how-they-work/;0;4;0;50.25;;
what does btu mean for grills;https://fireplacesutah.com/understanding-meaning-and-importance-of-fireplace-btus/;0;2;0;71;;
what does charcoal smell like;https://fireplacesutah.com/avoiding-fireplace-odors-vinegar-charcoal-inspection/;0;2;0;34.5;;
what does fan on fireplace do;https://fireplacesutah.com/fireplace-blowers-answering-common-questions/;0;1;0;3;;
what does fireplace blower do;https://fireplacesutah.com/fireplace-blowers-answering-common-questions/;0;3;0;8.666.666.666.666.660;;
what does fireplace blower do;https://fireplacesutah.com/fireplace-blowers-basics-and-how-they-work/;0;11;0;7;;
what does fireplace fan do;https://fireplacesutah.com/fireplace-blowers-answering-common-questions/;0;2;0;2;;
what does noncombustible mean;https://fireplacesutah.com/non-combustible-utah-fireplace-materials-basics-and-necessity/;0;4;0;90.25;;
what does the blower do on a fireplace;https://fireplacesutah.com/fireplace-blowers-answering-common-questions/;0;3;0;10.333.333.333.333.300;;
what does the blower do on a gas fireplace;https://fireplacesutah.com/fireplace-blowers-answering-common-questions/;0;20;0;6.8;;
what does the blower on a fireplace do;https://fireplacesutah.com/fireplace-blowers-answering-common-questions/;0;14;0;5.714.285.714.285.710;;
what does the blower on a fireplace do;https://fireplacesutah.com/fireplace-blowers-basics-and-how-they-work/;0;1;0;3;;
what does the fan do on a fireplace;https://fireplacesutah.com/fireplace-blowers-basics-and-how-they-work/;0;45;0;1;;
what does the fan on a fireplace do;https://fireplacesutah.com/fireplace-blowers-answering-common-questions/;0;108;0;5.796.296.296.296.290;;
what does the fan on a fireplace do;https://fireplacesutah.com/fireplace-blowers-basics-and-how-they-work/;0;85;0;1.835.294.117.647.050;;
what does the fan on fireplace do;https://fireplacesutah.com/fireplace-blowers-answering-common-questions/;0;1;0;1;;
what does the fan on my fireplace do;https://fireplacesutah.com/fireplace-blowers-basics-and-how-they-work/;0;1;0;1;;
what does the fireplace fan do;https://fireplacesutah.com/fireplace-blowers-answering-common-questions/;0;2;0;18.5;;
what does the fireplace fan do;https://fireplacesutah.com/fireplace-blowers-basics-and-how-they-work/;0;1;0;73;;
what does this do?;https://fireplacesutah.com/fireplace-blowers-basics-and-how-they-work/;0;1;0;21;;
what does this look like;https://fireplacesutah.com/easy-steps-to-start-a-gas-fireplace/;0;1;0;21;;
what does this look like;https://fireplacesutah.com/wp-content/uploads/2023/12/steps-start-gas-fireplace.jpg;0;1;0;21;;
what is a chase wall in construction;https://fireplacesutah.com/fireplace-installation-terms-chase-clearances-cool-wall/;0;1;0;1;;
what is a direct vent fireplace;https://fireplacesutah.com/differences-vented-vent-free-fireplaces/;0;2;0;2.5;;
what is a fire blower;https://fireplacesutah.com/fireplace-blowers-basics-and-how-they-work/;0;2;0;1;;
what is a fire blower called;https://fireplacesutah.com/fireplace-blowers-basics-and-how-they-work/;0;19;0;1.131.578.947.368.420;;
what is a firebox fireplace;https://fireplacesutah.com/slc-gas-fireplace-lifespan-factors-firebox-size-liner/;0;1;0;3;;
what is a fireplace blower;https://fireplacesutah.com/fireplace-blowers-answering-common-questions/;0;45;0;12.222.222.222.222.200;;
what is a fireplace blower;https://fireplacesutah.com/fireplace-blowers-basics-and-how-they-work/;0;95;0;43.578.947.368.421.000;;
what is a fireplace blower called;https://fireplacesutah.com/fireplace-blowers-basics-and-how-they-work/;0;11;0;1;;
what is a fireplace chase;https://fireplacesutah.com/fireplace-installation-terms-chase-clearances-cool-wall/;0;2;0;1;;
what is a gas fireplace;https://fireplacesutah.com/gas-fireplaces-and-chimneys-basics-and-types/;0;9;0;9.422.222.222.222.220;;
what is a low humidity;https://fireplacesutah.com/signs-causes-remedies-low-humidity/;0;2;0;94;;
what is a non combustible material;https://fireplacesutah.com/non-combustible-utah-fireplace-materials-basics-and-necessity/;0;2;0;10.5;;
what is a vented fireplace;https://fireplacesutah.com/differences-vented-vent-free-fireplaces/;0;5;0;70.6;;
what is a vented gas fireplace;https://fireplacesutah.com/differences-vented-vent-free-fireplaces/;0;2;0;82;;
what is btu gas;https://fireplacesutah.com/understanding-meaning-and-importance-of-fireplace-btus/;0;2;0;89.5;;
what is gas fireplace;https://fireplacesutah.com/gas-fireplaces-and-chimneys-basics-and-types/;0;7;0;9.285.714.285.714.280;;
what is its typical lifespan?;https://fireplacesutah.com/gas-fireplace-lifespan-factors-blower-pilot-maintenance/;0;1;0;4;;
what is missing?;https://fireplacesutah.com/fireplace-installation-guide/;0;1;0;31;;
what is non combustible material;https://fireplacesutah.com/non-combustible-utah-fireplace-materials-basics-and-necessity/;0;2;0;77;;
what is non combustible materials;https://fireplacesutah.com/non-combustible-utah-fireplace-materials-basics-and-necessity/;0;1;0;52;;
what is noncombustible material;https://fireplacesutah.com/non-combustible-utah-fireplace-materials-basics-and-necessity/;0;1;0;37;;
what is the base of a fireplace called;https://fireplacesutah.com/fireplace-installation-terms-finishing-flue-hearth-mantel/;0;1;0;91;;
what is the blower on a fireplace for;https://fireplacesutah.com/fireplace-blowers-answering-common-questions/;0;1;0;1;;
what is the bottom of the fireplace called;https://fireplacesutah.com/fireplace-installation-terms-finishing-flue-hearth-mantel/;0;2;0;81;;
what is the expected lifespan of the motor?;https://fireplacesutah.com/gas-fireplace-lifespan-factors-blower-pilot-maintenance/;0;1;0;3;;
what is the expected lifespan of this motor?;https://fireplacesutah.com/gas-fireplace-lifespan-factors-blower-pilot-maintenance/;0;1;0;4;;
what is the expected lifespan of this part?;https://fireplacesutah.com/gas-fireplace-lifespan-factors-blower-pilot-maintenance/;0;1;0;4;;
what is the fan for in a fireplace;https://fireplacesutah.com/fireplace-blowers-answering-common-questions/;0;1;0;1;;
what is the fan for on a fireplace;https://fireplacesutah.com/fireplace-blowers-answering-common-questions/;0;4;0;1;;
what is the fan noise level?;https://fireplacesutah.com/fireplace-blowers-answering-common-questions/;0;1;0;6;;
what is the fan on a fireplace for;https://fireplacesutah.com/fireplace-blowers-answering-common-questions/;0;67;0;7.880.597.014.925.370;;
what is the fan on a fireplace for;https://fireplacesutah.com/fireplace-blowers-basics-and-how-they-work/;0;117;0;11.196.581.196.581.100;;
what is the fan on my fireplace for;https://fireplacesutah.com/fireplace-blowers-answering-common-questions/;0;3;0;1;;
what is the fan on my fireplace for;https://fireplacesutah.com/fireplace-blowers-basics-and-how-they-work/;0;24;0;1;;
what is the fan on the fireplace for;https://fireplacesutah.com/fireplace-blowers-answering-common-questions/;0;1;0;3;;
what is the fan's noise level?;https://fireplacesutah.com/fireplace-blowers-answering-common-questions/;0;1;0;5;;
what is the floor of a fireplace called;https://fireplacesutah.com/fireplace-installation-terms-finishing-flue-hearth-mantel/;0;2;0;82;;
what is the ignition point of wood;https://fireplacesutah.com/fire-pit-use-tips-igniting-and-putting-out-wood-fires/;0;1;0;60;;
what is the ledge in front of a fireplace called;https://fireplacesutah.com/fireplace-installation-terms-finishing-flue-hearth-mantel/;0;2;0;1;;
what is the lifespan of a gas fireplace;https://fireplacesutah.com/gas-fireplace-lifespan-factors-blower-pilot-maintenance/;0;25;0;13;;
what is the meaning of;https://fireplacesutah.com/understanding-meaning-and-importance-of-fireplace-btus/;0;1;0;6;;
what is the meaning of fireplace;https://fireplacesutah.com/understanding-meaning-and-importance-of-fireplace-btus/;0;2;0;8;;
what is the noise level during operation?;https://fireplacesutah.com/fireplace-blowers-answering-common-questions/;0;2;0;3;;
what is the proper way to start a fire hunter safety;https://fireplacesutah.com/fire-pit-use-tips-igniting-and-putting-out-wood-fires/;0;1;0;1;;
what is the purpose of the fan on a fireplace;https://fireplacesutah.com/fireplace-blowers-basics-and-how-they-work/;0;6;0;1;;
what is the step in front of a fireplace called;https://fireplacesutah.com/fireplace-installation-terms-finishing-flue-hearth-mantel/;0;3;0;7.766.666.666.666.660;;
what is the typical lifespan of the motor?;https://fireplacesutah.com/gas-fireplace-lifespan-factors-blower-pilot-maintenance/;0;1;0;3;;
what kind of maintenance does a electric fireplace need over time?;https://fireplacesutah.com/five-signs-fireplace-needs-professional-service/;0;1;0;3;;
what maintenance does a natural gas fireplace need to stay safe and efficient?;https://fireplacesutah.com/steps-for-cleaning-and-maintaining-gas-fireplaces-part-1/;0;1;0;41;;
what to clean brick fireplace with;https://fireplacesutah.com/how-to-clean-fireplace-brick-completing-the-job/;0;5;0;63.6;;
what to clean brick fireplace with;https://fireplacesutah.com/how-to-clean-fireplace-brick-initial-steps/;0;1;0;99;;
what to clean fireplace brick with;https://fireplacesutah.com/how-to-clean-fireplace-brick-completing-the-job/;0;2;0;67.5;;
what to clean fireplace brick with;https://fireplacesutah.com/how-to-clean-fireplace-brick-initial-steps/;0;15;0;8.266.666.666.666.660;;
what to put around fireplace insert;https://fireplacesutah.com/non-combustible-utah-fireplace-materials-basics-and-necessity/;0;1;0;3;;
what to use to clean brick fireplace;https://fireplacesutah.com/how-to-clean-fireplace-brick-completing-the-job/;0;4;0;54.5;;
what to use to clean brick fireplace;https://fireplacesutah.com/how-to-clean-fireplace-brick-initial-steps/;0;6;0;71;;
what to use to clean fireplace brick;https://fireplacesutah.com/how-to-clean-fireplace-brick-completing-the-job/;0;1;0;79;;
what to use to clean fireplace brick;https://fireplacesutah.com/how-to-clean-fireplace-brick-initial-steps/;0;3;0;11;;
what to use to clean soot off brick fireplace;https://fireplacesutah.com/how-to-clean-fireplace-brick-initial-steps/;0;1;0;60;;
what's a fireplace;https://fireplacesutah.com/understanding-meaning-and-importance-of-fireplace-btus/;0;1;0;1;;
what's the proper way to start a fire;https://fireplacesutah.com/fire-pit-use-tips-igniting-and-putting-out-wood-fires/;0;1;0;1;;
whats a fireplace;https://fireplacesutah.com/understanding-meaning-and-importance-of-fireplace-btus/;0;2;0;2;;
when to call a professional;https://fireplacesutah.com/five-signs-fireplace-needs-professional-service/;0;1;0;1;;
when to use fireplace fan;https://fireplacesutah.com/fireplace-blowers-answering-common-questions/;0;9;0;11.444.444.444.444.400;;
when will my blower come and what should i say next?;https://fireplacesutah.com/fireplace-blowers-answering-common-questions/;0;1;0;21;;
where to buy fireplace;https://fireplacesutah.com/;0;1;0;30;;
which is better gas or electric fireplace;https://fireplacesutah.com/breaking-gas-vs-electric-fireplaces/;0;5;0;74.2;;
white vinegar remove smell;https://fireplacesutah.com/avoiding-fireplace-odors-vinegar-charcoal-inspection/;0;2;0;63;;
who can check a gas fireplace;https://fireplacesutah.com/gas-fireplace-lifespan-factors-blower-pilot-maintenance/;0;1;0;3;;
who can convert a gas fireplace to wood burning;https://fireplacesutah.com/convert-your-fireplace/;0;9;0;21.555.555.555.555.500;;
who can fix a gas fireplace;https://fireplacesutah.com/fireplace-repair-service/;0;7;0;5.542.857.142.857.140;;
who can fix a gas fireplace;https://fireplacesutah.com/sandy-utah-fireplace-contractor/;0;3;0;4;;
who can fix fireplace;https://fireplacesutah.com/fireplace-services-in-south-jordan-utah/;0;1;0;97;;
who can fix gas fireplace;https://fireplacesutah.com/fireplace-repair-service/;0;11;0;5.618.181.818.181.810;;
who can fix gas fireplace;https://fireplacesutah.com/fireplace-services-in-bluffdale-utah/;0;1;0;15;;
who can fix gas fireplace;https://fireplacesutah.com/fireplace-services-in-bountiful-utah/;0;1;0;54;;
who can fix gas fireplace;https://fireplacesutah.com/fireplace-services-in-riverton-utah/;0;1;0;30;;
who can fix my electric fireplace;https://fireplacesutah.com/five-signs-fireplace-needs-professional-service/;0;1;0;1;;
who can fix my gas fireplace;https://fireplacesutah.com/fireplace-repair-service/;0;2;0;33.5;;
who can fix my gas fireplace near me;https://fireplacesutah.com/;0;1;0;10;;
who can fix my gas fireplace near me;https://fireplacesutah.com/fireplace-services-in-bluffdale-utah/;0;1;0;11;;
who can fix my gas fireplace near me;https://fireplacesutah.com/fireplace-services-in-south-jordan-utah/;0;1;0;4;;
who can service a gas fireplace;https://fireplacesutah.com/fireplace-repair-service/;0;2;0;46;;
who can service a gas fireplace;https://fireplacesutah.com/fireplace-services-in-south-jordan-utah/;0;1;0;4;;
who can service my gas fireplace;https://fireplacesutah.com/fireplace-repair-service/;0;1;0;7;;
who checks gas fireplaces;https://fireplacesutah.com/fireplace-installation-guide/;0;1;0;1;;
who cleans gas fireplaces;https://fireplacesutah.com/fireplace-repair-service/;0;2;0;9;;
who do i call if my gas fireplace isn't working;https://fireplacesutah.com/gas-fireplace-lifespan-factors-blower-pilot-maintenance/;0;1;0;3;;
who do i call to fix a gas fireplace;https://fireplacesutah.com/fireplace-repair-service/;0;1;0;1;;
who do i call to fix gas fireplace;https://fireplacesutah.com/layton-utah-fireplace-contractor/;0;1;0;1;;
who do i call to fix my gas fireplace;https://fireplacesutah.com/fireplace-services-in-roy-utah/;0;1;0;4;;
who do i call to service my gas fireplace;https://fireplacesutah.com/fireplace-services-in-roy-utah/;0;1;0;1;;
who do you call for gas fireplace repair;https://fireplacesutah.com/fireplace-services-in-bountiful-utah/;0;1;0;1;;
who do you call to fix a gas fireplace;https://fireplacesutah.com/fireplace-repair-service/;0;2;0;4;;
who do you call to fix a gas fireplace;https://fireplacesutah.com/fireplace-services-in-roy-utah/;0;1;0;9;;
who do you call to repair a gas fireplace;https://fireplacesutah.com/fireplace-repair-service/;0;1;0;1;;
who do you call to repair a gas fireplace;https://fireplacesutah.com/five-signs-fireplace-needs-professional-service/;0;1;0;1;;
who do you call to service a gas fireplace;https://fireplacesutah.com/fireplace-repair-service/;0;1;0;1;;
who fixes a gas fireplace;https://fireplacesutah.com/fireplace-repair-service/;0;1;0;12;;
who fixes electric fireplaces;https://fireplacesutah.com/;0;1;0;4;;
who fixes electric fireplaces;https://fireplacesutah.com/fireplace-repair-service/;0;3;0;59.666.666.666.666.600;;
who fixes gas fireplace;https://fireplacesutah.com/fireplace-repair-service/;0;2;0;16;;
who fixes gas fireplaces;https://fireplacesutah.com/;0;1;0;7;;
who fixes gas fireplaces;https://fireplacesutah.com/fireplace-repair-service/;0;21;0;44;;
who fixes gas fireplaces;https://fireplacesutah.com/fireplace-services-in-bluffdale-utah/;0;1;0;8;;
who fixes gas fireplaces;https://fireplacesutah.com/fireplace-services-in-riverton-utah/;0;1;0;4;;
who fixes gas fireplaces;https://fireplacesutah.com/fireplace-services-in-south-jordan-utah/;0;6;0;4;;
who fixes gas fireplaces near me;https://fireplacesutah.com/;0;1;0;11;;
who fixes gas fireplaces near me;https://fireplacesutah.com/fireplace-services-in-roy-utah/;0;2;0;12;;
who fixes gas fireplaces near me;https://fireplacesutah.com/fireplace-services-in-south-jordan-utah/;0;2;0;6;;
who fixes gas fireplaces near me;https://fireplacesutah.com/fireplace-services-in-west-valley-city-utah/;0;2;0;4.5;;
who installs electric fireplace inserts;https://fireplacesutah.com/;0;1;0;4;;
who installs electric fireplaces;https://fireplacesutah.com/;0;2;0;5;;
who installs electric fireplaces;https://fireplacesutah.com/electric-fireplaces/;0;1;0;97;;
who installs fireplace inserts;https://fireplacesutah.com/fireplace-services-in-bountiful-utah/;0;1;0;9;;
who installs fireplace inserts near me;https://fireplacesutah.com/fireplace-design-installation-in-ogden-utah/;0;6;0;41.5;;
who installs gas fireplace inserts;https://fireplacesutah.com/;0;3;0;7.666.666.666.666.660;;
who installs gas fireplace inserts;https://fireplacesutah.com/fireplace-design-installation-in-ogden-utah/;0;1;0;1;;
who installs gas fireplace inserts near me;https://fireplacesutah.com/fireplace-design-installation-in-ogden-utah;0;59;0;4.371.186.440.677.960;;
who installs gas fireplace inserts near me;https://fireplacesutah.com/fireplace-design-installation-in-ogden-utah/;0;16;0;46.5;;
who installs gas fireplaces;https://fireplacesutah.com/;0;1;0;8;;
who installs gas fireplaces near me;https://fireplacesutah.com/fireplace-design-installation-in-ogden-utah;0;2;0;16;;
who installs gas fireplaces near me;https://fireplacesutah.com/fireplace-design-installation-in-ogden-utah/;0;2;0;32;;
who installs gas fireplaces near me;https://fireplacesutah.com/layton-utah-fireplace-contractor/;0;4;0;17;;
who installs gas lines for stoves near me;https://fireplacesutah.com/layton-utah-fireplace-contractor/;0;51;0;4.584.313.725.490.190;;
who installs gas lines for stoves near me;https://fireplacesutah.com/murray-utah-fireplaces-fire-pits-wood-stoves/;0;2;0;47;;
who installs gas logs near me;https://fireplacesutah.com/fireplace-design-installation-in-ogden-utah;0;1;0;19;;
who installs gas logs near me;https://fireplacesutah.com/fireplace-design-installation-in-ogden-utah/;0;1;0;38;;
who installs pellet stoves near me;https://fireplacesutah.com/fireplace-design-installation-in-ogden-utah;0;1;0;28;;
who installs pellet stoves near me;https://fireplacesutah.com/herriman-utah-fireplace-design-installation-repair/;0;1;0;4;;
who installs wood burning stoves near me;https://fireplacesutah.com/fireplace-design-installation-in-ogden-utah;0;2;0;12.5;;
who installs wood stoves;https://fireplacesutah.com/fireplace-design-installation-in-ogden-utah;0;1;0;6;;
who installs wood stoves;https://fireplacesutah.com/layton-utah-fireplace-contractor/;0;2;0;8.5;;
who installs wood stoves near me;https://fireplacesutah.com/fireplace-design-installation-in-ogden-utah;0;2;0;11.5;;
who repairs fireplaces;https://fireplacesutah.com/fireplace-repair-service/;0;1;0;1;;
who repairs gas fireplaces;https://fireplacesutah.com/;0;1;0;2;;
who repairs gas fireplaces;https://fireplacesutah.com/fireplace-repair-service/;0;47;0;6.959.574.468.085.100;;
who repairs gas fireplaces near me;https://fireplacesutah.com/fireplace-repair-service/;0;2;0;9;;
who repairs gas fireplaces near me;https://fireplacesutah.com/fireplace-services-in-bountiful-utah/;0;1;0;10;;
who sells electric fireplaces near me;https://fireplacesutah.com/;0;2;0;13;;
who sells fireplace inserts near me;https://fireplacesutah.com/;0;1;0;9;;
who sells fireplace mantels near me;https://fireplacesutah.com/fireplace-mantels/;0;1;0;11;;
who services gas fireplace;https://fireplacesutah.com/fireplace-repair-service/;0;2;0;30;;
who services gas fireplaces;https://fireplacesutah.com/;0;2;0;9.5;;
who services gas fireplaces;https://fireplacesutah.com/fireplace-repair-service/;0;4;0;18.5;;
who services gas fireplaces;https://fireplacesutah.com/fireplace-services-in-bluffdale-utah/;0;2;0;2.5;;
who services gas fireplaces;https://fireplacesutah.com/fireplace-services-in-riverton-utah/;0;1;0;4;;
who services gas fireplaces;https://fireplacesutah.com/fireplace-services-in-south-jordan-utah/;0;2;0;3.5;;
who services gas fireplaces;https://fireplacesutah.com/five-signs-fireplace-needs-professional-service/;0;1;0;1;;
who services gas fireplaces in my area;https://fireplacesutah.com/layton-utah-fireplace-contractor/;0;1;0;6;;
who services gas fireplaces near me;https://fireplacesutah.com/;0;1;0;10;;
who services gas fireplaces near me;https://fireplacesutah.com/fireplace-services-in-bluffdale-utah/;0;6;0;47;;
who services gas fireplaces near me;https://fireplacesutah.com/fireplace-services-in-draper-utah/;0;1;0;8;;
who services gas fireplaces near me;https://fireplacesutah.com/fireplace-services-in-kaysville-utah/;0;1;0;4;;
who services gas fireplaces near me;https://fireplacesutah.com/layton-utah-fireplace-contractor/;0;2;0;9;;
who services propane fireplaces;https://fireplacesutah.com/fireplace-repair-service/;0;3;0;6.466.666.666.666.660;;
who to call for fireplace repair;https://fireplacesutah.com/fireplace-services-in-riverton-utah/;0;1;0;2;;
who to call for gas fireplace repair;https://fireplacesutah.com/fireplace-repair-service/;0;46;0;1.617.391.304.347.820;;
who to call for gas fireplace repair;https://fireplacesutah.com/fireplace-services-in-bountiful-utah/;0;153;0;4;;
who to call for gas fireplace repair;https://fireplacesutah.com/fireplace-services-in-south-jordan-utah/;0;1;0;6;;
who to call if water heater not working;https://fireplacesutah.com/five-signs-fireplace-needs-professional-service/;0;1;0;1;;
who to call to fix a gas fireplace;https://fireplacesutah.com/fireplace-repair-service/;0;2;0;30;;
who to call to fix gas fireplace;https://fireplacesutah.com/fireplace-repair-service/;0;1;0;61;;
who to call to service a gas fireplace;https://fireplacesutah.com/fireplace-repair-service/;0;1;0;1;;
who to call to service a gas fireplace;https://fireplacesutah.com/fireplace-services-in-bountiful-utah/;0;1;0;4;;
who works on gas fireplaces;https://fireplacesutah.com/;0;1;0;7;;
who works on gas fireplaces;https://fireplacesutah.com/fireplace-repair-service/;0;3;0;34;;
who works on gas fireplaces;https://fireplacesutah.com/fireplace-services-in-roy-utah/;0;1;0;3;;
whole home humidifier herriman;https://fireplacesutah.com/signs-causes-remedies-low-humidity/;0;4;0;42;;
whole home humidifiers sandy;https://fireplacesutah.com/signs-causes-remedies-low-humidity/;0;2;0;35.5;;
whole house humidifiers brigham city;https://fireplacesutah.com/signs-causes-remedies-low-humidity/;0;1;0;47;;
why did my gas fireplace turn on by itself;https://fireplacesutah.com/five-signs-fireplace-needs-professional-service/;0;1;0;1;;
why does electric fireplace smell;https://fireplacesutah.com/five-signs-fireplace-needs-professional-service/;0;3;0;1;;
why does fireplace make house colder;https://fireplacesutah.com/fireplace-installation-terms-chase-clearances-cool-wall/;0;1;0;3;;
why does gas fireplace turn off by itself;https://fireplacesutah.com/gas-fireplace-lifespan-factors-blower-pilot-maintenance/;0;1;0;3;;
why does my electric fireplace smell;https://fireplacesutah.com/avoiding-fireplace-odors-vinegar-charcoal-inspection/;0;1;0;45;;
why does my electric fireplace smell like burnt smell;https://fireplacesutah.com/five-signs-fireplace-needs-professional-service/;0;5;0;1;;
why does my electric fireplace smell like it's burning;https://fireplacesutah.com/five-signs-fireplace-needs-professional-service/;0;1;0;1;;
why does my gas fireplace keep going out;https://fireplacesutah.com/five-signs-fireplace-needs-professional-service/;0;1;0;15;;
why does my gas fireplace keep going out;https://fireplacesutah.com/slc-gas-fireplace-lifespan-factors-firebox-size-liner/;0;1;0;3;;
why does my gas fireplace turn on by itself;https://fireplacesutah.com/five-signs-fireplace-needs-professional-service/;0;1;0;1;;
why is my electric fireplace making noise;https://fireplacesutah.com/five-signs-fireplace-needs-professional-service/;0;19;0;1;;
why is my fireplace blower so loud;https://fireplacesutah.com/fireplace-blowers-answering-common-questions/;0;1;0;13;;
why is my gas fireplace fan so loud;https://fireplacesutah.com/fireplace-blowers-answering-common-questions/;0;2;0;3;;
why is my gas fireplace so loud;https://fireplacesutah.com/fireplace-blowers-answering-common-questions/;0;3;0;24.666.666.666.666.600;;
why is there a fan on my fireplace;https://fireplacesutah.com/fireplace-blowers-answering-common-questions/;0;1;0;1;;
why is there a fan on my fireplace;https://fireplacesutah.com/fireplace-blowers-basics-and-how-they-work/;0;1;0;11;;
will a bowl of vinegar absorb odor;https://fireplacesutah.com/avoiding-fireplace-odors-vinegar-charcoal-inspection/;0;1;0;68;;
will a fireplace make my house smell;https://fireplacesutah.com/avoiding-fireplace-odors-vinegar-charcoal-inspection/;0;4;0;1;;
wood burning blower for fireplace;https://fireplacesutah.com/fireplace-blowers-answering-common-questions/;0;2;0;1;;
wood burning fireplace and newborn;https://fireplacesutah.com/basic-tips-on-how-to-baby-proof-your-fireplace-area/;0;5;0;1;;
wood burning fireplace blower;https://fireplacesutah.com/fireplace-blowers-answering-common-questions/;0;110;0;1.018.181.818.181.810;;
wood burning fireplace blower installation;https://fireplacesutah.com/fireplace-blowers-basics-and-how-they-work/;0;1;0;3;;
wood burning fireplace blowers;https://fireplacesutah.com/fireplace-blowers-answering-common-questions/;0;5;0;12.4;;
wood burning fireplace blowers;https://fireplacesutah.com/fireplace-blowers-basics-and-how-they-work/;0;4;0;29.25;;
wood burning fireplace conversion to gas;https://fireplacesutah.com/convert-your-fireplace/;0;2;0;99;;
wood burning fireplace fan blower;https://fireplacesutah.com/fireplace-blowers-answering-common-questions/;0;3;0;1;;
wood burning fireplace fan not working;https://fireplacesutah.com/fireplace-blowers-answering-common-questions/;0;2;0;58.5;;
wood burning fireplace insert with blower;https://fireplacesutah.com/fireplace-blowers-basics-and-how-they-work/;0;1;0;1;;
wood burning fireplace installation near me;https://fireplacesutah.com/fireplace-design-installation-in-ogden-utah;0;3;0;17.333.333.333.333.300;;
wood burning fireplace installation near me;https://fireplacesutah.com/fireplace-design-installation-in-ogden-utah/;0;2;0;17.5;;
wood burning fireplace installation near me;https://fireplacesutah.com/heber-city-utahs-fireplace-experts/;0;1;0;1;;
wood burning fireplace installation near me;https://fireplacesutah.com/indoor-outdoor-fireplaces-in-salt-lake-city-utah/;0;1;0;7;;
wood burning fireplace installation near me;https://fireplacesutah.com/layton-utah-fireplace-contractor/;0;1;0;10;;
wood burning fireplace repair;https://fireplacesutah.com/fireplace-repair-service/;0;2;0;9.5;;
wood burning fireplace repair near me;https://fireplacesutah.com/fireplace-repair-service/;0;1;0;11;;
wood burning fireplace service;https://fireplacesutah.com/fireplace-repair-service/;0;1;0;8;;
wood burning fireplace stores near me;https://fireplacesutah.com/fireplace-design-installation-in-ogden-utah;0;2;0;5;;
wood burning fireplace to gas;https://fireplacesutah.com/convert-your-fireplace/;0;1;0;73;;
wood burning fireplace to gas conversion;https://fireplacesutah.com/convert-your-fireplace/;0;1;0;72;;
wood burning fireplace with blower;https://fireplacesutah.com/fireplace-blowers-basics-and-how-they-work/;0;1;0;3;;
wood burning places near me;https://fireplacesutah.com/;0;3;0;9.666.666.666.666.660;;
wood burning services near me;https://fireplacesutah.com/fireplace-services-in-draper-utah/;0;1;0;2;;
wood burning services near me;https://fireplacesutah.com/fireplace-services-in-kaysville-utah/;0;1;0;3;;
wood burning services near me;https://fireplacesutah.com/fireplace-services-in-south-jordan-utah/;0;1;0;1;;
wood burning services near me;https://fireplacesutah.com/sandy-utah-fireplace-contractor/;0;1;0;1;;
wood burning stove;https://fireplacesutah.com/;0;1;0;6;;
wood burning stove companies;https://fireplacesutah.com/;0;1;0;1;;
wood burning stove conversion;https://fireplacesutah.com/convert-your-fireplace/;0;2;0;41.5;;
wood burning stove conversion;https://fireplacesutah.com/daq-stove-conversion/;0;2;0;89.5;;
wood burning stove in shed regulations;https://fireplacesutah.com/fireplace-installation-guide/;0;1;0;1;;
wood burning stove installation near me;https://fireplacesutah.com/;0;1;0;12;;
wood burning stove installation near me;https://fireplacesutah.com/fireplace-design-installation-in-ogden-utah;0;2;0;9;;
wood burning stove installation near me;https://fireplacesutah.com/fireplace-installation-guide/;0;1;0;1;;
wood burning stove installation near me;https://fireplacesutah.com/fireplaces-fire-pits-wood-stoves-in-park-city-utah/;0;1;0;9;;
wood burning stove installation near me;https://fireplacesutah.com/layton-utah-fireplace-contractor/;0;5;0;7;;
wood burning stove installer near me;https://fireplacesutah.com/fireplace-design-installation-in-ogden-utah;0;1;0;7;;
wood burning stove installers in my area;https://fireplacesutah.com/layton-utah-fireplace-contractor/;0;1;0;9;;
wood burning stove installers near me;https://fireplacesutah.com/fireplace-design-installation-in-ogden-utah;0;1;0;6;;
wood burning stove installers near me;https://fireplacesutah.com/layton-utah-fireplace-contractor/;0;2;0;6;;
wood burning stove removal near me;https://fireplacesutah.com/layton-utah-fireplace-contractor/;0;1;0;10;;
wood burning stove repair near me;https://fireplacesutah.com/layton-utah-fireplace-contractor/;0;1;0;4;;
wood burning stove store near me;https://fireplacesutah.com/fireplace-design-installation-in-ogden-utah/;0;2;0;10.5;;
wood burning stove stores near me;https://fireplacesutah.com/layton-utah-fireplace-contractor/;0;1;0;12;;
wood burning stove utah;https://fireplacesutah.com/;0;6;0;17;;
wood burning stove utah;https://fireplacesutah.com/blog/;0;1;0;12;;
wood burning stove utah;https://fireplacesutah.com/daq-stove-conversion/;0;1;0;51;;
wood burning stove utah;https://fireplacesutah.com/fireplaces-fire-pits-wood-stoves-in-park-city-utah/;0;3;0;17.666.666.666.666.600;;
wood burning stove utah;https://fireplacesutah.com/gallery/;0;1;0;12;;
wood burning stove utah;https://fireplacesutah.com/indoor-outdoor-fireplaces-in-salt-lake-city-utah/;0;2;0;84;;
wood burning stove utah;https://fireplacesutah.com/products/;0;1;0;12;;
wood burning stove utah;https://fireplacesutah.com/reviews/;0;1;0;12;;
wood burning stove utah;https://fireplacesutah.com/showrooms/;0;1;0;12;;
wood burning stove utah;https://fireplacesutah.com/specials/;0;1;0;12;;
wood burning stove utah;https://fireplacesutah.com/videos/;0;1;0;12;;
wood burning stove with blower;https://fireplacesutah.com/fireplace-blowers-answering-common-questions/;0;1;0;1;;
wood burning stoves installers near me;https://fireplacesutah.com/layton-utah-fireplace-contractor/;0;1;0;8;;
wood burning stoves near me;https://fireplacesutah.com/fireplace-design-installation-in-ogden-utah;0;2;0;12.5;;
wood burning stoves near me;https://fireplacesutah.com/fireplace-design-installation-in-ogden-utah/;0;2;0;10;;
wood burning stoves near me;https://fireplacesutah.com/layton-utah-fireplace-contractor/;0;1;0;13;;
wood burning stoves utah;https://fireplacesutah.com/;0;1;0;79;;
wood burning stoves utah;https://fireplacesutah.com/daq-stove-conversion/;0;6;0;32;;
wood burning stoves utah;https://fireplacesutah.com/gas-wood-stoves/;0;1;0;51;;
wood burning stoves utah;https://fireplacesutah.com/indoor-outdoor-fireplaces-in-salt-lake-city-utah/;0;3;0;56.333.333.333.333.300;;
wood burning stoves utah;https://fireplacesutah.com/layton-utah-fireplace-contractor/;0;1;0;84;;
wood burning tips and tricks;https://fireplacesutah.com/fire-pit-use-tips-firewood-and-tinder-considerations/;0;18;0;1;;
wood contractors ogden;https://fireplacesutah.com/fireplace-design-installation-in-ogden-utah;0;5;0;66.6;;
wood fire;https://fireplacesutah.com/herriman-utah-fireplace-design-installation-repair/;0;1;0;4;;
wood fire place blower;https://fireplacesutah.com/fireplace-blowers-answering-common-questions/;0;12;0;1;;
wood fireplace blower;https://fireplacesutah.com/fireplace-blowers-answering-common-questions/;0;164;0;1;;
wood fireplace blower insert;https://fireplacesutah.com/fireplace-blowers-basics-and-how-they-work/;0;4;0;2.5;;
wood fireplace blower system;https://fireplacesutah.com/fireplace-blowers-answering-common-questions/;0;6;0;16.666.666.666.666.600;;
wood fireplace blower system;https://fireplacesutah.com/fireplace-blowers-basics-and-how-they-work/;0;3;0;2;;
wood fireplace blower system;https://fireplacesutah.com/gas-fireplace-lifespan-factors-blower-pilot-maintenance/;0;2;0;8;;
wood fireplace blowers;https://fireplacesutah.com/fireplace-blowers-answering-common-questions/;0;7;0;1;;
wood fireplace blowers;https://fireplacesutah.com/fireplace-blowers-basics-and-how-they-work/;0;1;0;3;;
wood fireplace conversion;https://fireplacesutah.com/convert-your-fireplace/;0;3;0;63;;
wood fireplace conversion to gas;https://fireplacesutah.com/convert-your-fireplace/;0;2;0;71;;
wood fireplace dimensions;https://fireplacesutah.com/wp-content/uploads/2019/10/framing-FF-H-wood.pdf;0;5;0;81.8;;
wood fireplace insert installers near me;https://fireplacesutah.com/fireplace-design-installation-in-ogden-utah/;0;1;0;16;;
wood fireplace insert with blower;https://fireplacesutah.com/fireplace-blowers-basics-and-how-they-work/;0;1;0;3;;
wood fireplace installation near me;https://fireplacesutah.com/fireplace-design-installation-in-ogden-utah/;0;1;0;19;;
wood fireplace installers near me;https://fireplacesutah.com/;0;1;0;12;;
wood fireplace installers near me;https://fireplacesutah.com/fireplace-design-installation-in-ogden-utah;0;44;0;4.177.272.727.272.720;;
wood fireplace installers near me;https://fireplacesutah.com/fireplace-design-installation-in-ogden-utah/;0;81;0;437.037.037.037.037;;
wood fireplace installers near me;https://fireplacesutah.com/layton-utah-fireplace-contractor/;0;1;0;10;;
wood fireplace maintenance near me;https://fireplacesutah.com/;0;1;0;10;;
wood fireplace mantels near me;https://fireplacesutah.com/fireplace-mantels/;0;4;0;12.25;;
wood fireplace mantels salt lake city; utah;https://fireplacesutah.com/;0;32;0;3.840.625;
wood fireplace mantels salt lake city; utah;https://fireplacesutah.com/fireplace-mantels/;0;24;0;17.625;
wood fireplace mantels salt lake city; utah;https://fireplacesutah.com/indoor-outdoor-fireplaces-in-salt-lake-city-utah/;0;29;0;29.620.689.655.172.400;
wood fireplace mantels utah;https://fireplacesutah.com/;0;27;0;4.048.148.148.148.140;;
wood fireplace mantels utah;https://fireplacesutah.com/fireplace-mantels/;0;30;0;29.433.333.333.333.300;;
wood fireplace mantels utah;https://fireplacesutah.com/fireplace-services-in-draper-utah/;0;1;0;86;;
wood fireplace repair;https://fireplacesutah.com/fireplace-repair-service/;0;3;0;7;;
wood fireplace repair near me;https://fireplacesutah.com/;0;1;0;8;;
wood fireplace repair near me;https://fireplacesutah.com/fireplace-design-installation-in-ogden-utah/;0;1;0;6;;
wood fireplace repair near me;https://fireplacesutah.com/fireplace-services-in-roy-utah/;0;1;0;6;;
wood fireplace repairs;https://fireplacesutah.com/fireplace-repair-service/;0;1;0;77;;
wood fireplace repairs near me;https://fireplacesutah.com/fireplaces-fire-pits-wood-stoves-in-park-city-utah/;0;1;0;8;;
wood fireplace sales near me;https://fireplacesutah.com/fireplace-design-installation-in-ogden-utah;0;1;0;5;;
wood fireplace service near me;https://fireplacesutah.com/fireplace-repair-service/;0;1;0;12;;
wood fireplace services;https://fireplacesutah.com/fireplace-repair-service/;0;1;0;98;;
wood fireplace store near me;https://fireplacesutah.com/;0;1;0;12;;
wood fireplace to gas conversion;https://fireplacesutah.com/convert-your-fireplace/;0;1;0;87;;
wood fireplace with fan;https://fireplacesutah.com/fireplace-blowers-basics-and-how-they-work/;0;1;0;1;;
wood fireplaces near me;https://fireplacesutah.com/indoor-outdoor-fireplaces-in-salt-lake-city-utah/;0;1;0;13;;
wood fireplaces near me;https://fireplacesutah.com/layton-utah-fireplace-contractor/;0;1;0;11;;
wood for starting a fire;https://fireplacesutah.com/fire-pit-use-tips-igniting-and-putting-out-wood-fires/;0;1;0;1;;
wood gas fireplace repair;https://fireplacesutah.com/fireplace-repair-service/;0;2;0;5;;
wood heating and air conditioning;https://fireplacesutah.com/;0;1;0;4;;
wood in fire pit;https://fireplacesutah.com/fire-pit-use-tips-igniting-and-putting-out-wood-fires/;0;1;0;74;;
wood installers ogden;https://fireplacesutah.com/fireplace-design-installation-in-ogden-utah;0;6;0;62.166.666.666.666.600;;
wood pitch;https://fireplacesutah.com/fire-pit-use-tips-igniting-and-putting-out-wood-fires/;0;1;0;1;;
wood stove blower;https://fireplacesutah.com/fireplace-blowers-answering-common-questions/;0;3;0;1;;
wood stove blower;https://fireplacesutah.com/fireplace-blowers-basics-and-how-they-work/;0;2;0;4.5;;
wood stove blower fan;https://fireplacesutah.com/fireplace-blowers-basics-and-how-they-work/;0;2;0;5;;
wood stove blower kit;https://fireplacesutah.com/fireplace-blowers-basics-and-how-they-work/;0;1;0;4;;
wood stove blower motors;https://fireplacesutah.com/fireplace-blowers-answering-common-questions/;0;1;0;1;;
wood stove chimney installation near me;https://fireplacesutah.com/fireplace-design-installation-in-ogden-utah/;0;1;0;9;;
wood stove dealers near me;https://fireplacesutah.com/;0;1;0;1;;
wood stove dealerships near me;https://fireplacesutah.com/;0;1;0;7;;
wood stove dealerships near me;https://fireplacesutah.com/layton-utah-fireplace-contractor/;0;1;0;61;;
wood stove experts near me;https://fireplacesutah.com/;0;2;0;6.5;;
wood stove fireplace conversion;https://fireplacesutah.com/convert-your-fireplace/;0;7;0;46.714.285.714.285.700;;
wood stove insert installation near me;https://fireplacesutah.com/;0;1;0;8;;
wood stove installation codes;https://fireplacesutah.com/fireplace-installation-guide/;0;1;0;1;;
wood stove installation near me;https://fireplacesutah.com/;0;5;0;8;;
wood stove installation near me;https://fireplacesutah.com/fireplace-design-installation-in-ogden-utah;0;1;0;5;;
wood stove installation near me;https://fireplacesutah.com/indoor-outdoor-fireplaces-in-salt-lake-city-utah/;0;1;0;8;;
wood stove installation near me;https://fireplacesutah.com/layton-utah-fireplace-contractor/;0;5;0;8.6;;
wood stove installation near me;https://fireplacesutah.com/sandy-utah-fireplace-contractor/;0;1;0;6;;
wood stove installers;https://fireplacesutah.com/;0;1;0;7;;
wood stove installers near me;https://fireplacesutah.com/;0;2;0;10;;
wood stove non combustible material;https://fireplacesutah.com/non-combustible-utah-fireplace-materials-basics-and-necessity/;0;3;0;13;;
wood stove pipes near me;https://fireplacesutah.com/;0;1;0;1;;
wood stove repair;https://fireplacesutah.com/fireplace-services-in-west-valley-city-utah/;0;1;0;7;;
wood stove repair near me;https://fireplacesutah.com/fireplace-repair-service/;0;1;0;11;;
wood stove replacement glass near me;https://fireplacesutah.com/;0;1;0;1;;
wood stove sales near me;https://fireplacesutah.com/layton-utah-fireplace-contractor/;0;1;0;12;;
wood stove shops near me;https://fireplacesutah.com/;0;2;0;10.5;;
wood stove store near me;https://fireplacesutah.com/;0;1;0;10;;
wood stove stores near me;https://fireplacesutah.com/;0;4;0;10.5;;
wood stove stores near me;https://fireplacesutah.com/fireplace-services-in-roy-utah/;0;1;0;5;;
wood stove to fireplace conversion;https://fireplacesutah.com/convert-your-fireplace/;0;1;0;35;;
wood stoves near me;https://fireplacesutah.com/;0;1;0;1;;
wood stoves near me;https://fireplacesutah.com/layton-utah-fireplace-contractor/;0;1;0;6;;
wood to gas fireplace conversion near me;https://fireplacesutah.com/;0;2;0;6.5;;
wood to gas fireplace conversion near me;https://fireplacesutah.com/convert-your-fireplace/;0;1;0;11;;
wood vs electric fireplace;https://fireplacesutah.com/breaking-gas-vs-electric-fireplaces/;0;1;0;1;;
wood-burning fireplace installation near me;https://fireplacesutah.com/fireplace-design-installation-in-ogden-utah;0;31;0;6.138.709.677.419.350;;
wood-burning fireplace installation near me;https://fireplacesutah.com/fireplace-design-installation-in-ogden-utah/;0;42;0;5.095.238.095.238.090;;
wood-burning fireplaces;https://fireplacesutah.com/fireplace-blowers-basics-and-how-they-work/;0;1;0;1;;
woodburner installation near me;https://fireplacesutah.com/;0;1;0;4;;
woodburning fireplace blower;https://fireplacesutah.com/fireplace-blowers-answering-common-questions/;0;4;0;1;;
woodburning near me;https://fireplacesutah.com/layton-utah-fireplace-contractor/;0;1;0;6;;
woodburning stove store near me;https://fireplacesutah.com/herriman-utah-fireplace-design-installation-repair/;0;1;0;11;;
you are stranded out on the trail. you need to build a fire. which of these is the best starter material?;https://fireplacesutah.com/fire-pit-use-tips-igniting-and-putting-out-wood-fires/;0;2;0;1;;
καθαρισμοσ πυροτουβλων τζακιου;https://fireplacesutah.com/how-to-clean-fireplace-brick-initial-steps/;0;1;0;15;;
بله;https://fireplacesutah.com/basic-tips-on-how-to-baby-proof-your-fireplace-area/;0;1;0;3;;
معنى fireplace;https://fireplacesutah.com/understanding-meaning-and-importance-of-fireplace-btus/;0;5;0;2.4;;
معنى كلمة fireplace;https://fireplacesutah.com/understanding-meaning-and-importance-of-fireplace-btus/;0;2;0;3;;
